<COLLADA xmlns="http://www.collada.org/2005/11/COLLADASchema" version="1.4.1">
  <asset>
    <created>2026-08-07T10:27:59.834427</created>
    <modified>2026-08-07T10:27:59.834429</modified>
    <up_axis>Y_UP</up_axis>
  </asset>
  <library_effects>
    <effect id="6e8a2ef827364477aff99b13c2218bd8" name="6e8a2ef827364477aff99b13c2218bd8">
      <profile_COMMON>
        <technique sid="common">
          <phong>
            <ambient>
              <color>0.0 0.0 0.0 1.0</color>
            </ambient>
            <diffuse>
              <color>0.8196078431372549 0.8509803921568627 0.8980392156862745 1.0</color>
            </diffuse>
            <specular>
              <color>1.0 1.0 1.0 1.0</color>
            </specular>
            <shininess>
              <float>0.06598803534436781</float>
            </shininess>
            <reflective>
              <color>0.0 0.0 0.0 1.0</color>
            </reflective>
            <reflectivity>
              <float>0.0</float>
            </reflectivity>
            <transparent>
              <color>0.0 0.0 0.0 1.0</color>
            </transparent>
            <transparency>
              <float>1.0</float>
            </transparency>
          </phong>
        </technique>
        <extra>
          <technique profile="GOOGLEEARTH">
            <double_sided>0</double_sided>
          </technique>
        </extra>
      </profile_COMMON>
    </effect>
    <effect id="00d3aef93c7b4da6a9462a4416fe74d2" name="00d3aef93c7b4da6a9462a4416fe74d2">
      <profile_COMMON>
        <technique sid="common">
          <phong>
            <ambient>
              <color>0.0 0.0 0.0 1.0</color>
            </ambient>
            <diffuse>
              <color>0.4196078431372549 0.0 0.011764705882352941 1.0</color>
            </diffuse>
            <specular>
              <color>1.0 1.0 1.0 1.0</color>
            </specular>
            <shininess>
              <float>0.06598803534436781</float>
            </shininess>
            <reflective>
              <color>0.0 0.0 0.0 1.0</color>
            </reflective>
            <reflectivity>
              <float>0.0</float>
            </reflectivity>
            <transparent>
              <color>0.0 0.0 0.0 1.0</color>
            </transparent>
            <transparency>
              <float>1.0</float>
            </transparency>
          </phong>
        </technique>
        <extra>
          <technique profile="GOOGLEEARTH">
            <double_sided>0</double_sided>
          </technique>
        </extra>
      </profile_COMMON>
    </effect>
    <effect id="959ae22855134a2c97ab8b95ec12f083" name="959ae22855134a2c97ab8b95ec12f083">
      <profile_COMMON>
        <technique sid="common">
          <phong>
            <ambient>
              <color>0.0 0.0 0.0 1.0</color>
            </ambient>
            <diffuse>
              <color>0.0784313725490196 0.0784313725490196 0.09019607843137255 1.0</color>
            </diffuse>
            <specular>
              <color>1.0 1.0 1.0 1.0</color>
            </specular>
            <shininess>
              <float>0.06598803534436781</float>
            </shininess>
            <reflective>
              <color>0.0 0.0 0.0 1.0</color>
            </reflective>
            <reflectivity>
              <float>0.0</float>
            </reflectivity>
            <transparent>
              <color>0.0 0.0 0.0 1.0</color>
            </transparent>
            <transparency>
              <float>1.0</float>
            </transparency>
          </phong>
        </technique>
        <extra>
          <technique profile="GOOGLEEARTH">
            <double_sided>0</double_sided>
          </technique>
        </extra>
      </profile_COMMON>
    </effect>
  </library_effects>
  <library_geometries>
    <geometry id="98220790e46d47ac92eaccaa4b0dd459" name="d51cdf13c0ad47d9b92dbd188559495a">
      <mesh>
        <source id="verts-array">
          <float_array count="1008" id="verts-array-array">0.02773444 0.02972356 0.01016123 0.02774099 0.0295 0.01014581 0.02700458 0.0295 0.009833226 0.02699804 0.02972356 0.009848648 0.02771495 0.02994213 0.01020715 0.02697855 0.02994213 0.009894569 0.02768295 0.03015083 0.01028255 0.02694654 0.03015083 0.009969964 0.02763915 0.03034498 0.01038573 0.02690274 0.03034498 0.01007315 0.02758453 0.03052026 0.0105144 0.02684813 0.03052026 0.01020182 0.02752032 0.03067275 0.01066568 0.02678392 0.03067275 0.01035309 0.02744794 0.03079904 0.01083619 0.02671154 0.03079904 0.0105236 0.02736902 0.03089631 0.01102212 0.02663261 0.03089631 0.01070954 0.02728531 0.03096239 0.01121932 0.02654891 0.03096239 0.01090674 0.02719869 0.0309958 0.01142338 0.02646229 0.0309958 0.0111108 0.02711109 0.0309958 0.01162975 0.02637469 0.0309958 0.01131717 0.02628807 0.03096239 0.01152123 0.02702448 0.03096239 0.01183382 0.02694077 0.03089631 0.01203102 0.02620436 0.03089631 0.01171843 0.02686184 0.03079904 0.01221695 0.02612544 0.03079904 0.01190436 0.02678947 0.03067275 0.01238746 0.02605306 0.03067275 0.01207487 0.02672525 0.03052026 0.01253874 0.02598885 0.03052026 0.01222615 0.02667064 0.03034498 0.0126674 0.02593423 0.03034498 0.01235482 0.02662684 0.03015083 0.01277059 0.02589043 0.03015083 0.012458 0.02659483 0.02994213 0.01284598 0.02585843 0.02994213 0.0125334 0.02657534 0.02972356 0.0128919 0.02583894 0.02972356 0.01257932 0.0265688 0.0295 0.01290733 0.02583239 0.0295 0.01259474 0.02583894 0.02927644 0.01257932 0.02657534 0.02927644 0.0128919 0.02659483 0.02905787 0.01284598 0.02585843 0.02905787 0.0125334 0.02589043 0.02884918 0.012458 0.02662684 0.02884918 0.01277059 0.02667064 0.02865502 0.0126674 0.02593423 0.02865502 0.01235482 0.02598885 0.02847974 0.01222615 0.02672525 0.02847974 0.01253874 0.02678947 0.02832725 0.01238746 0.02605306 0.02832725 0.01207487 0.02612544 0.02820096 0.01190436 0.02686184 0.02820096 0.01221695 0.02694077 0.02810369 0.01203102 0.02620436 0.02810369 0.01171843 0.02628807 0.02803761 0.01152123 0.02702448 0.02803761 0.01183382 0.02711109 0.02800419 0.01162975 0.02637469 0.02800419 0.01131717 0.02646229 0.02800419 0.0111108 0.02719869 0.02800419 0.01142338 0.02728531 0.02803761 0.01121932 0.02654891 0.02803761 0.01090674 0.02736902 0.02810369 0.01102212 0.02663261 0.02810369 0.01070954 0.02744794 0.02820096 0.01083619 0.02671154 0.02820096 0.0105236 0.02752032 0.02832725 0.01066568 0.02678392 0.02832725 0.01035309 0.02684813 0.02847974 0.01020182 0.02758453 0.02847974 0.0105144 0.02690274 0.02865502 0.01007315 0.02763915 0.02865502 0.01038573 0.02768295 0.02884918 0.01028255 0.02694654 0.02884918 0.009969964 0.02771495 0.02905787 0.01020715 0.02697855 0.02905787 0.009894569 0.02699804 0.02927644 0.009848648 0.02773444 0.02927644 0.01016123 0.02662684 0.02884918 0.01277059 0.02667064 0.02865502 0.0126674 0.02672525 0.02847974 0.01253874 0.02728531 0.02803761 0.01121932 0.02711109 0.02800419 0.01162975 0.02719869 0.02800419 0.01142338 0.02758453 0.02847974 0.0105144 0.02736902 0.02810369 0.01102212 0.02744794 0.02820096 0.01083619 0.02752032 0.02832725 0.01066568 0.02678947 0.03067275 0.01238746 0.02672525 0.03052026 0.01253874 0.02667064 0.03034498 0.0126674 0.02763915 0.02865502 0.01038573 0.02678947 0.02832725 0.01238746 0.02686184 0.02820096 0.01221695 0.02694077 0.02810369 0.01203102 0.02702448 0.02803761 0.01183382 0.02686184 0.03079904 0.01221695 0.02702448 0.03096239 0.01183382 0.02694077 0.03089631 0.01203102 0.02662684 0.03015083 0.01277059 0.02773444 0.02927644 0.01016123 0.02768295 0.02884918 0.01028255 0.02771495 0.02905787 0.01020715 0.02774099 0.0295 0.01014581 0.02728531 0.03096239 0.01121932 0.02719869 0.0309958 0.01142338 0.02711109 0.0309958 0.01162975 0.02768295 0.03015083 0.01028255 0.02773444 0.02972356 0.01016123 0.02771495 0.02994213 0.01020715 0.0265688 0.0295 0.01290733 0.02657534 0.02927644 0.0128919 0.02659483 0.02905787 0.01284598 0.02752032 0.03067275 0.01066568 0.02744794 0.03079904 0.01083619 0.02736902 0.03089631 0.01102212 0.02758453 0.03052026 0.0105144 0.02763915 0.03034498 0.01038573 0.02659483 0.02994213 0.01284598 0.02657534 0.02972356 0.0128919 0.02593423 0.02865502 0.01235482 0.02589043 0.02884918 0.012458 0.02598885 0.02847974 0.01222615 0.02637469 0.02800419 0.01131717 0.02654891 0.02803761 0.01090674 0.02646229 0.02800419 0.0111108 0.02684813 0.02847974 0.01020182 0.02663261 0.02810369 0.01070954 0.02671154 0.02820096 0.0105236 0.02678392 0.02832725 0.01035309 0.02598885 0.03052026 0.01222615 0.02605306 0.03067275 0.01207487 0.02593423 0.03034498 0.01235482 0.02605306 0.02832725 0.01207487 0.02690274 0.02865502 0.01007315 0.02612544 0.02820096 0.01190436 0.02620436 0.02810369 0.01171843 0.02628807 0.02803761 0.01152123 0.02612544 0.03079904 0.01190436 0.02620436 0.03089631 0.01171843 0.02628807 0.03096239 0.01152123 0.02589043 0.03015083 0.012458 0.02699804 0.02927644 0.009848648 0.02694654 0.02884918 0.009969964 0.02697855 0.02905787 0.009894569 0.02700458 0.0295 0.009833226 0.02646229 0.0309958 0.0111108 0.02654891 0.03096239 0.01090674 0.02637469 0.0309958 0.01131717 0.02694654 0.03015083 0.009969964 0.02699804 0.02972356 0.009848648 0.02697855 0.02994213 0.009894569 0.02583239 0.0295 0.01259474 0.02583894 0.02927644 0.01257932 0.02585843 0.02905787 0.0125334 0.02678392 0.03067275 0.01035309 0.02671154 0.03079904 0.0105236 0.02663261 0.03089631 0.01070954 0.02684813 0.03052026 0.01020182 0.02690274 0.03034498 0.01007315 0.02585843 0.02994213 0.0125334 0.02583894 0.02972356 0.01257932 0.02657534 0.02972356 -0.0128919 0.0265688 0.0295 -0.01290733 0.02583239 0.0295 -0.01259474 0.02583894 0.02972356 -0.01257932 0.02659483 0.02994213 -0.01284598 0.02585843 0.02994213 -0.0125334 0.02662684 0.03015083 -0.01277059 0.02589043 0.03015083 -0.012458 0.02667064 0.03034498 -0.0126674 0.02593423 0.03034498 -0.01235482 0.02672525 0.03052026 -0.01253874 0.02598885 0.03052026 -0.01222615 0.02678947 0.03067275 -0.01238746 0.02605306 0.03067275 -0.01207487 0.02686184 0.03079904 -0.01221695 0.02612544 0.03079904 -0.01190436 0.02694077 0.03089631 -0.01203102 0.02620436 0.03089631 -0.01171843 0.02702448 0.03096239 -0.01183382 0.02628807 0.03096239 -0.01152123 0.02711109 0.0309958 -0.01162975 0.02637469 0.0309958 -0.01131717 0.02719869 0.0309958 -0.01142338 0.02646229 0.0309958 -0.0111108 0.02654891 0.03096239 -0.01090674 0.02728531 0.03096239 -0.01121932 0.02736902 0.03089631 -0.01102212 0.02663261 0.03089631 -0.01070954 0.02744794 0.03079904 -0.01083619 0.02671154 0.03079904 -0.0105236 0.02752032 0.03067275 -0.01066568 0.02678392 0.03067275 -0.01035309 0.02758453 0.03052026 -0.0105144 0.02684813 0.03052026 -0.01020182 0.02763915 0.03034498 -0.01038573 0.02690274 0.03034498 -0.01007315 0.02768295 0.03015083 -0.01028255 0.02694654 0.03015083 -0.009969964 0.02771495 0.02994213 -0.01020715 0.02697855 0.02994213 -0.009894569 0.02773444 0.02972356 -0.01016123 0.02699804 0.02972356 -0.009848648 0.02774099 0.0295 -0.01014581 0.02700458 0.0295 -0.009833226 0.02699804 0.02927644 -0.009848648 0.02773444 0.02927644 -0.01016123 0.02771495 0.02905787 -0.01020715 0.02697855 0.02905787 -0.009894569 0.02694654 0.02884918 -0.009969964 0.02768295 0.02884918 -0.01028255 0.02763915 0.02865502 -0.01038573 0.02690274 0.02865502 -0.01007315 0.02684813 0.02847974 -0.01020182 0.02758453 0.02847974 -0.0105144 0.02752032 0.02832725 -0.01066568 0.02678392 0.02832725 -0.01035309 0.02671154 0.02820096 -0.0105236 0.02744794 0.02820096 -0.01083619 0.02736902 0.02810369 -0.01102212 0.02663261 0.02810369 -0.01070954 0.02654891 0.02803761 -0.01090674 0.02728531 0.02803761 -0.01121932 0.02719869 0.02800419 -0.01142338 0.02646229 0.02800419 -0.0111108 0.02637469 0.02800419 -0.01131717 0.02711109 0.02800419 -0.01162975 0.02702448 0.02803761 -0.01183382 0.02628807 0.02803761 -0.01152123 0.02694077 0.02810369 -0.01203102 0.02620436 0.02810369 -0.01171843 0.02686184 0.02820096 -0.01221695 0.02612544 0.02820096 -0.01190436 0.02678947 0.02832725 -0.01238746 0.02605306 0.02832725 -0.01207487 0.02598885 0.02847974 -0.01222615 0.02672525 0.02847974 -0.01253874 0.02593423 0.02865502 -0.01235482 0.02667064 0.02865502 -0.0126674 0.02662684 0.02884918 -0.01277059 0.02589043 0.02884918 -0.012458 0.02659483 0.02905787 -0.01284598 0.02585843 0.02905787 -0.0125334 0.02583894 0.02927644 -0.01257932 0.02657534 0.02927644 -0.0128919 0.02768295 0.02884918 -0.01028255 0.02763915 0.02865502 -0.01038573 0.02758453 0.02847974 -0.0105144 0.02702448 0.02803761 -0.01183382 0.02719869 0.02800419 -0.01142338 0.02711109 0.02800419 -0.01162975 0.02672525 0.02847974 -0.01253874 0.02694077 0.02810369 -0.01203102 0.02686184 0.02820096 -0.01221695 0.02678947 0.02832725 -0.01238746 0.02752032 0.03067275 -0.01066568 0.02758453 0.03052026 -0.0105144 0.02763915 0.03034498 -0.01038573 0.02667064 0.02865502 -0.0126674 0.02752032 0.02832725 -0.01066568 0.02744794 0.02820096 -0.01083619 0.02736902 0.02810369 -0.01102212 0.02728531 0.02803761 -0.01121932 0.02744794 0.03079904 -0.01083619 0.02728531 0.03096239 -0.01121932 0.02736902 0.03089631 -0.01102212 0.02768295 0.03015083 -0.01028255 0.02657534 0.02927644 -0.0128919 0.02662684 0.02884918 -0.01277059 0.02659483 0.02905787 -0.01284598 0.0265688 0.0295 -0.01290733 0.02702448 0.03096239 -0.01183382 0.02711109 0.0309958 -0.01162975 0.02719869 0.0309958 -0.01142338 0.02662684 0.03015083 -0.01277059 0.02657534 0.02972356 -0.0128919 0.02659483 0.02994213 -0.01284598 0.02774099 0.0295 -0.01014581 0.02773444 0.02927644 -0.01016123 0.02771495 0.02905787 -0.01020715 0.02678947 0.03067275 -0.01238746 0.02686184 0.03079904 -0.01221695 0.02694077 0.03089631 -0.01203102 0.02672525 0.03052026 -0.01253874 0.02667064 0.03034498 -0.0126674 0.02771495 0.02994213 -0.01020715 0.02773444 0.02972356 -0.01016123 0.02690274 0.02865502 -0.01007315 0.02694654 0.02884918 -0.009969964 0.02684813 0.02847974 -0.01020182 0.02646229 0.02800419 -0.0111108 0.02628807 0.02803761 -0.01152123 0.02637469 0.02800419 -0.01131717 0.02598885 0.02847974 -0.01222615 0.02620436 0.02810369 -0.01171843 0.02612544 0.02820096 -0.01190436 0.02605306 0.02832725 -0.01207487 0.02684813 0.03052026 -0.01020182 0.02678392 0.03067275 -0.01035309 0.02690274 0.03034498 -0.01007315 0.02678392 0.02832725 -0.01035309 0.02593423 0.02865502 -0.01235482 0.02671154 0.02820096 -0.0105236 0.02663261 0.02810369 -0.01070954 0.02654891 0.02803761 -0.01090674 0.02671154 0.03079904 -0.0105236 0.02663261 0.03089631 -0.01070954 0.02654891 0.03096239 -0.01090674 0.02694654 0.03015083 -0.009969964 0.02583894 0.02927644 -0.01257932 0.02589043 0.02884918 -0.012458 0.02585843 0.02905787 -0.0125334 0.02583239 0.0295 -0.01259474 0.02637469 0.0309958 -0.01131717 0.02628807 0.03096239 -0.01152123 0.02646229 0.0309958 -0.0111108 0.02589043 0.03015083 -0.012458 0.02583894 0.02972356 -0.01257932 0.02585843 0.02994213 -0.0125334 0.02700458 0.0295 -0.009833226 0.02699804 0.02927644 -0.009848648 0.02697855 0.02905787 -0.009894569 0.02605306 0.03067275 -0.01207487 0.02612544 0.03079904 -0.01190436 0.02620436 0.03089631 -0.01171843 0.02598885 0.03052026 -0.01222615 0.02593423 0.03034498 -0.01235482 0.02697855 0.02994213 -0.009894569 0.02699804 0.02972356 -0.009848648</float_array>
          <technique_common>
            <accessor count="336" source="#verts-array-array" stride="3">
              <param type="float" name="X"/>
              <param type="float" name="Y"/>
              <param type="float" name="Z"/>
            </accessor>
          </technique_common>
        </source>
        <source id="normals-array">
          <float_array count="1008" id="normals-array-array">0.3863651 0.1490366 -0.9102253 0.3907284 1.025967e-06 -0.920506 0.3907284 1.025965e-06 -0.920506 0.3863662 0.149033 -0.9102254 0.373371 0.2947516 -0.8796111 0.3733708 0.2947516 -0.8796111 0.3520352 0.4338838 -0.8293468 0.3520322 0.4338902 -0.8293447 0.3228328 0.5633228 -0.7605567 0.3228307 0.5633265 -0.7605548 0.2864222 0.6801729 -0.6747793 0.2864312 0.6801603 -0.6747883 0.2436193 0.7818296 -0.5739268 0.2436263 0.7818218 -0.5739346 0.1953674 0.8660281 -0.4602465 0.1953607 0.8660337 -0.4602389 0.142747 0.9308766 -0.3362916 0.1427418 0.9308798 -0.336285 0.08694019 0.9749305 -0.2048218 0.08694146 0.9749301 -0.2048233 0.02919502 0.9972046 -0.06877981 0.02919454 0.9972047 -0.06877884 -0.02919487 0.9972047 0.06877864 -0.02919496 0.9972046 0.06877982 -0.08694154 0.9749305 0.204821 -0.08694128 0.9749308 0.2048197 -0.1427474 0.9308774 0.3362893 -0.1427497 0.9308759 0.3362924 -0.1953666 0.8660279 0.4602473 -0.1953659 0.8660286 0.4602463 -0.2436187 0.7818332 0.5739222 -0.2436195 0.7818325 0.5739229 -0.2864354 0.6801591 0.6747876 -0.2864277 0.6801701 0.6747798 -0.3228356 0.5633204 0.7605573 -0.3228334 0.5633239 0.7605556 -0.3520343 0.4338883 0.8293448 -0.3520366 0.4338834 0.8293464 -0.3733723 0.2947432 0.8796133 -0.3733687 0.2947525 0.8796117 -0.3863628 0.1490481 0.9102244 -0.3863661 0.1490383 0.9102246 -0.3907284 0 0.920506 -0.3907339 -4.429865e-18 0.9205037 -0.3863661 -0.1490383 0.9102246 -0.3863628 -0.1490481 0.9102244 -0.3733713 -0.2947519 0.8796108 -0.3733676 -0.2947612 0.8796093 -0.3520327 -0.4338833 0.8293481 -0.3520383 -0.4338881 0.8293432 -0.3228429 -0.5633074 0.7605637 -0.322833 -0.563311 0.7605653 -0.286426 -0.6801709 0.6747797 -0.2864365 -0.68016 0.6747863 -0.2436205 -0.7818325 0.5739225 -0.2436185 -0.7818318 0.5739243 -0.195365 -0.8660289 0.4602462 -0.1953672 -0.8660282 0.4602465 -0.1427484 -0.9308772 0.3362895 -0.1427492 -0.9308757 0.3362932 -0.08695093 -0.974925 0.2048431 -0.08695067 -0.9749253 0.2048418 -0.02920447 -0.9972028 0.06880126 -0.02920456 -0.9972027 0.06880244 0.02920421 -0.9972028 -0.06880148 0.02920458 -0.9972027 -0.06880249 0.08694994 -0.9749251 -0.2048432 0.08695008 -0.9749247 -0.2048451 0.1427459 -0.9308756 -0.3362948 0.1427448 -0.9308788 -0.3362865 0.1953638 -0.8660291 -0.4602461 0.195363 -0.8660347 -0.4602361 0.2436191 -0.7818297 -0.5739268 0.2436264 -0.7818219 -0.5739344 0.2864312 -0.6801603 -0.6747883 0.2864222 -0.6801729 -0.6747793 0.3228359 -0.5633148 -0.7605612 0.3228338 -0.563311 -0.7605649 0.3520336 -0.4338826 -0.8293481 0.3520342 -0.433889 -0.8293445 0.3733703 -0.29476 -0.8796085 0.3733695 -0.29476 -0.8796089 0.3863648 -0.149034 -0.9102258 0.3863663 -0.1490376 -0.9102246 0.9205029 1.175309e-05 0.3907357 0.9205247 2.138289e-05 0.3906843 0.9205047 2.525045e-06 0.3907316 0.9205023 1.153582e-05 0.3907371 0.9205163 -6.635725e-05 0.3907042 0.9205026 3.298752e-05 0.3907363 0.9205063 -1.530312e-05 0.3907277 0.9204898 6.706437e-05 0.3907665 0.9205115 -1.475548e-05 0.3907155 0.9204695 0.0001199118 0.3908144 0.9205383 -8.484266e-05 0.3906524 0.920431 0.0001698287 0.390905 0.9204967 2.124847e-05 0.3907503 0.9205047 -3.246407e-06 0.3907316 0.920503 6.141354e-06 0.3907355 0.9205058 -1.754145e-05 0.3907288 0.920501 3.817188e-05 0.3907402 0.9205057 3.999849e-06 0.3907291 0.9204916 4.259899e-05 0.3907624 0.9205061 8.791864e-06 0.3907282 0.9205144 -0.0001160438 0.3907087 0.9205065 -2.792286e-05 0.3907273 0.9205414 -2.817514e-05 0.390645 0.920464 4.960718e-05 0.3908274 0.9205672 -3.187414e-05 0.3905843 0.9205115 -2.278623e-06 0.3907155 0.920503 1.543165e-06 0.3907355 0.9205026 -3.299856e-05 0.3907363 0.9205152 0.000100502 0.3907067 0.9205078 5.209377e-06 0.3907242 0.920572 3.570544e-05 0.3905729 0.9205672 3.187651e-05 0.3905843 0.9205051 -6.740773e-06 0.3907306 0.9205064 -2.073856e-05 0.3907275 0.9205015 1.440827e-05 0.3907389 0.9205048 -1.709956e-05 0.3907312 0.9205276 9.801314e-05 0.3906776 0.9204889 -7.358999e-05 0.3907688 0.9205042 3.190202e-06 0.3907326 0.9204977 2.022524e-06 0.390748 0.9205054 -9.94648e-06 0.39073 0.9205011 2.908462e-05 0.3907399 -0.9204977 -2.022103e-06 -0.390748 -0.9205061 4.67134e-06 -0.3907283 -0.9205058 2.6519e-07 -0.390729 -0.9205024 -1.836348e-05 -0.3907369 -0.9205036 -8.383075e-06 -0.3907341 -0.9205027 1.831683e-05 -0.3907363 -0.9204969 -4.639209e-05 -0.3907499 -0.9205264 9.291592e-05 -0.3906804 -0.9204964 -1.925339e-05 -0.390751 -0.9204709 -0.0001009208 -0.390811 -0.920575 0.0001599519 -0.3905657 -0.9204853 -5.327671e-05 -0.3907773 -0.9205102 2.000416e-05 -0.3907186 -0.9205073 8.972526e-06 -0.3907253 -0.9205026 -1.169698e-05 -0.3907364 -0.9205042 -1.131722e-05 -0.3907326 -0.9205056 6.977906e-06 -0.3907293 -0.9205023 -2.062467e-05 -0.3907371 -0.9205027 -6.273384e-06 -0.3907362 -0.920483 -0.0001389552 -0.3907827 -0.9205032 -1.282306e-07 -0.390735 -0.9205034 -1.497079e-05 -0.3907346 -0.9204661 -3.367091e-05 -0.3908224 -0.9205089 9.368809e-06 -0.3907215 -0.9203984 -7.786316e-05 -0.3909818 -0.9204996 5.765781e-07 -0.3907436 -0.9205027 -1.832296e-05 -0.3907363 -0.9205033 9.113264e-06 -0.3907348 -0.9205023 1.241089e-05 -0.3907372 -0.9205033 8.097777e-06 -0.3907348 -0.9204491 3.783755e-05 -0.3908624 -0.9203984 7.786896e-05 -0.3909818 -0.9205048 -2.127396e-06 -0.3907312 -0.9205049 -4.592261e-06 -0.3907311 -0.9205071 1.189561e-05 -0.3907258 -0.920503 9.569829e-06 -0.3907354 -0.9205062 -3.12412e-05 -0.390728 -0.9205347 -0.0001577281 -0.3906608 -0.9205066 7.663396e-06 -0.390727 -0.9205682 -9.502645e-05 -0.3905818 -0.9205034 -1.156428e-05 -0.3907345 -0.9205056 8.344667e-06 -0.3907293 -0.3863657 0.1490459 -0.9102235 -0.3907312 2.24024e-06 -0.9205048 -0.3907312 2.240299e-06 -0.9205048 -0.3863635 0.1490361 -0.9102261 -0.37337 0.2947412 -0.8796149 -0.3733715 0.2947505 -0.8796112 -0.3520348 0.4338931 -0.8293421 -0.3520344 0.4338882 -0.8293448 -0.322836 0.5633143 -0.7605616 -0.3228363 0.5633178 -0.7605588 -0.2864303 0.680163 -0.6747859 -0.28643 0.680174 -0.6747749 -0.2436198 0.781832 -0.5739234 -0.2436197 0.7818313 -0.5739245 -0.1953659 0.8660286 -0.4602463 -0.1953657 0.8660293 -0.4602451 -0.1427484 0.9308772 -0.3362893 -0.1427491 0.9308757 -0.3362932 -0.08694144 0.9749308 -0.2048197 -0.08694146 0.9749305 -0.2048211 -0.02919487 0.9972047 -0.06877864 -0.02919496 0.9972046 -0.06877982 0.02919502 0.9972046 0.06877981 0.02919454 0.9972047 0.06877884 0.08694066 0.9749302 0.2048231 0.08694061 0.9749306 0.2048211 0.1427459 0.9308756 0.3362948 0.1427448 0.9308788 0.3362865 0.1953638 0.8660291 0.4602461 0.195363 0.8660347 0.4602361 0.2436216 0.7818314 0.5739235 0.2436223 0.7818236 0.5739338 0.2864271 0.6801716 0.6747786 0.2864273 0.6801589 0.6747913 0.3228322 0.5633206 0.7605585 0.3228323 0.5633244 0.7605557 0.3520331 0.4338856 0.8293467 0.3520336 0.4338921 0.8293431 0.3733709 0.294751 0.8796113 0.373371 0.294751 0.8796112 0.3863659 0.1490379 0.9102248 0.3863653 0.1490343 0.9102256 0.3907297 0 0.9205055 0.3907272 4.429893e-18 0.9205065 0.3863648 -0.149034 0.9102258 0.3863663 -0.1490376 0.9102246 0.3733703 -0.29476 0.8796085 0.3733695 -0.29476 0.8796089 0.3520324 -0.4338875 0.8293461 0.352036 -0.433881 0.8293479 0.3228367 -0.5633118 0.7605631 0.3228326 -0.5633155 0.7605621 0.2864299 -0.6801609 0.6747882 0.286423 -0.6801735 0.6747783 0.2436191 -0.7818297 0.5739268 0.2436264 -0.7818219 0.5739344 0.195361 -0.8660336 0.460239 0.1953673 -0.866028 0.4602468 0.1427478 -0.9308764 0.3362917 0.1427413 -0.9308796 0.3362857 0.08695005 -0.9749247 0.2048452 0.08695 -0.9749251 0.2048433 0.02920462 -0.9972027 0.06880243 0.02920415 -0.9972028 0.06880146 -0.0292048 -0.9972028 -0.06880203 -0.02920401 -0.9972029 -0.06880115 -0.08695042 -0.9749253 -0.2048422 -0.08695139 -0.974925 -0.2048432 -0.1427474 -0.9308774 -0.3362893 -0.1427497 -0.9308759 -0.3362924 -0.1953666 -0.8660279 -0.4602473 -0.1953659 -0.8660286 -0.4602463 -0.2436205 -0.7818325 -0.5739225 -0.2436185 -0.7818318 -0.5739243 -0.28643 -0.680174 -0.6747749 -0.2864303 -0.680163 -0.6747859 -0.3228422 -0.5633102 -0.760562 -0.3228341 -0.5633066 -0.7605681 -0.3520349 -0.4338853 -0.8293461 -0.3520371 -0.4338804 -0.8293477 -0.3733713 -0.2947519 -0.8796108 -0.3733676 -0.2947612 -0.8796093 -0.3863661 -0.1490383 -0.9102246 -0.3863628 -0.1490481 -0.9102244 0.9205068 7.887833e-06 -0.3907265 0.9204977 -2.022103e-06 -0.390748 0.9205054 -2.80738e-06 -0.3907299 0.9205133 4.721078e-05 -0.3907113 0.9205058 -8.105598e-06 -0.390729 0.9205026 -0.0003470936 -0.3907363 0.9205029 -1.708488e-05 -0.3907356 0.9204988 -7.022798e-06 -0.3907454 0.9204757 -9.504755e-05 -0.3907997 0.9205834 0.0002505362 -0.390546 0.9204961 -2.224063e-05 -0.3907517 0.9205594 0.0001279546 -0.3906027 0.9205089 1.816459e-05 -0.3907217 0.9205043 -7.232785e-06 -0.3907325 0.9205068 5.667513e-06 -0.3907266 0.9205048 -5.107487e-06 -0.3907313 0.9205054 4.933999e-06 -0.3907298 0.9205017 -2.684074e-05 -0.3907385 0.9205013 -9.872994e-06 -0.3907395 0.9205039 -3.22764e-08 -0.3907333 0.9204761 -0.0001753736 -0.3907988 0.9205033 -2.03274e-05 -0.3907349 0.9204452 -5.059033e-05 -0.3908716 0.9205365 4.109358e-05 -0.3906566 0.9204042 -6.328114e-05 -0.3909681 0.9204958 -9.335719e-07 -0.3907525 0.9205134 -4.800344e-05 -0.3907109 0.9205026 0.0003472097 -0.3907363 0.920506 1.626433e-05 -0.3907284 0.9205013 8.545588e-06 -0.3907394 0.9204091 5.947146e-05 -0.3909567 0.9204042 6.328585e-05 -0.3909681 0.9205051 -3.608675e-06 -0.3907304 0.9205049 -8.133527e-06 -0.390731 0.9205081 1.531671e-05 -0.3907235 0.9205089 -3.907757e-05 -0.3907215 0.9204344 0.000308666 -0.3908969 0.9204946 4.209035e-05 -0.3907553 0.920507 -1.17611e-06 -0.390726 0.9205247 -2.138735e-05 -0.3906843 0.9205038 -1.401879e-05 -0.3907335 0.9205069 1.365819e-05 -0.3907264 -0.9205682 9.500664e-05 0.3905818 -0.9205046 8.929653e-06 0.3907317 -0.9205073 -8.096045e-06 0.3907253 -0.9205022 7.619163e-06 0.3907375 -0.920501 2.001853e-05 0.3907403 -0.9205027 -1.831683e-05 0.3907363 -0.9205058 -1.31925e-05 0.390729 -0.9204939 5.286532e-05 0.390757 -0.9205103 -9.742181e-06 0.3907182 -0.9204475 0.0001919313 0.3908663 -0.9204674 0.0001108246 0.3908194 -0.9204699 0.0001048226 0.3908135 -0.9205086 -3.960502e-06 0.3907222 -0.9205044 3.140558e-07 0.3907322 -0.9205033 -1.45037e-06 0.3907348 -0.9205028 1.747752e-05 0.390736 -0.9205045 2.409023e-06 0.3907319 -0.920509 -3.699136e-05 0.3907215 -0.9205077 -2.712407e-06 0.3907245 -0.9205441 -0.0002327758 0.3906387 -0.9205058 -1.875561e-06 0.3907289 -0.9205074 -2.182715e-05 0.3907252 -0.9205289 -1.848068e-05 0.3906745 -0.9204692 4.149129e-05 0.3908152 -0.9205476 -2.045777e-05 0.3906303 -0.9205091 -2.650498e-06 0.3907211 -0.9205027 1.832296e-05 0.3907363 -0.9205017 -4.10029e-06 0.3907386 -0.9205019 -3.691678e-06 0.3907382 -0.9205067 4.46616e-06 0.3907267 -0.9205525 2.428636e-05 0.3906189 -0.9205476 2.045929e-05 0.3906303 -0.9205051 -4.125754e-06 0.3907305 -0.9205067 -1.98881e-05 0.3907268 -0.9205029 5.606587e-06 0.3907356 -0.9204986 -4.543447e-05 0.3907459 -0.9205344 0.000134434 0.3906615 -0.9204957 -3.717147e-05 0.3907527 -0.920503 1.286112e-06 0.3907356 -0.9204977 2.022524e-06 0.390748 -0.9205044 1.079551e-06 0.3907321 -0.9205022 2.339637e-05 0.3907373</float_array>
          <technique_common>
            <accessor count="336" source="#normals-array-array" stride="3">
              <param type="float" name="X"/>
              <param type="float" name="Y"/>
              <param type="float" name="Z"/>
            </accessor>
          </technique_common>
        </source>
        <vertices id="verts-array-vertices">
          <input semantic="POSITION" source="#verts-array"/>
        </vertices>
        <triangles count="328" material="material0">
          <input offset="0" semantic="VERTEX" source="#verts-array-vertices"/>
          <input offset="1" semantic="NORMAL" source="#normals-array"/>
          <p>0 0 1 1 2 2 0 0 2 2 3 3 4 4 3 3 5 5 4 4 0 0 3 3 6 6 5 5 7 7 6 6 4 4 5 5 8 8 6 6 7 7 8 8 7 7 9 9 10 10 8 8 9 9 10 10 9 9 11 11 12 12 10 10 11 11 12 12 11 11 13 13 14 14 12 12 13 13 14 14 13 13 15 15 16 16 14 14 15 15 16 16 15 15 17 17 18 18 16 16 17 17 18 18 17 17 19 19 20 20 18 18 19 19 20 20 19 19 21 21 22 22 20 20 21 21 22 22 21 21 23 23 22 22 23 23 24 24 25 25 22 22 24 24 26 26 25 25 24 24 26 26 24 24 27 27 28 28 26 26 27 27 28 28 27 27 29 29 30 30 28 28 29 29 30 30 29 29 31 31 32 32 30 30 31 31 32 32 31 31 33 33 34 34 33 33 35 35 34 34 32 32 33 33 36 36 35 35 37 37 36 36 34 34 35 35 38 38 37 37 39 39 38 38 36 36 37 37 40 40 39 39 41 41 40 40 38 38 39 39 42 42 41 41 43 43 42 42 43 43 44 44 42 42 40 40 41 41 45 45 42 42 44 44 46 46 44 44 47 47 46 46 47 47 48 48 46 46 45 45 44 44 49 49 46 46 48 48 50 50 48 48 51 51 50 50 51 51 52 52 50 50 49 49 48 48 53 53 50 50 52 52 54 54 52 52 55 55 54 54 55 55 56 56 54 54 53 53 52 52 57 57 54 54 56 56 58 58 57 57 56 56 58 58 56 56 59 59 58 58 59 59 60 60 61 61 58 58 60 60 62 62 61 61 60 60 62 62 60 60 63 63 62 62 63 63 64 64 65 65 62 62 64 64 66 66 65 65 64 64 66 66 64 64 67 67 68 68 66 66 67 67 68 68 67 67 69 69 70 70 68 68 69 69 70 70 69 69 71 71 72 72 70 70 71 71 72 72 71 71 73 73 72 72 73 73 74 74 75 75 72 72 74 74 75 75 74 74 76 76 77 77 75 75 76 76 78 78 77 77 76 76 78 78 76 76 79 79 80 80 78 78 79 79 80 80 79 79 81 81 80 80 81 81 82 82 83 83 80 80 82 82 1 1 83 83 82 82 1 1 82 82 2 2 84 84 85 85 86 86 87 87 88 88 89 89 90 90 87 87 91 91 90 90 91 91 92 92 90 90 92 92 93 93 90 90 88 88 87 87 94 94 95 95 96 96 97 97 98 98 99 99 97 97 99 99 100 100 97 97 100 100 101 101 97 97 101 101 88 88 97 97 88 88 90 90 102 102 94 94 96 96 103 103 104 104 102 102 103 103 96 96 105 105 103 103 102 102 96 96 106 106 97 97 107 107 106 106 107 107 108 108 109 109 86 86 98 98 109 109 84 84 86 86 109 109 98 98 97 97 109 109 97 97 106 106 110 110 111 111 112 112 113 113 109 109 114 114 113 113 114 114 115 115 113 113 116 116 117 117 113 113 117 117 118 118 113 113 118 118 84 84 113 113 84 84 109 109 119 119 110 110 112 112 119 119 120 120 121 121 119 119 121 121 110 110 119 119 112 112 103 103 122 122 113 113 123 123 122 122 116 116 113 113 122 122 105 105 124 124 122 122 124 124 125 125 122 122 125 125 116 116 122 122 119 119 103 103 122 122 103 103 105 105 126 126 127 127 128 128 129 129 130 130 131 131 130 130 132 132 133 133 133 133 132 132 134 134 134 134 132 132 135 135 129 129 132 132 130 130 136 136 137 137 138 138 139 139 140 140 141 141 141 141 140 140 142 142 142 142 140 140 143 143 143 143 140 140 129 129 129 129 140 140 132 132 137 137 144 144 138 138 145 145 146 146 144 144 138 138 146 146 147 147 144 144 146 146 138 138 140 140 148 148 149 149 149 149 148 148 150 150 128 128 151 151 139 139 127 127 151 151 128 128 139 139 151 151 140 140 140 140 151 151 148 148 152 152 153 153 154 154 151 151 155 155 156 156 156 156 155 155 157 157 158 158 155 155 159 159 159 159 155 155 160 160 160 160 155 155 127 127 127 127 155 155 151 151 153 153 161 161 154 154 162 162 161 161 163 163 163 163 161 161 153 153 154 154 161 161 146 146 155 155 164 164 165 165 158 158 164 164 155 155 147 147 164 164 166 166 166 166 164 164 167 167 167 167 164 164 158 158 161 161 164 164 146 146 146 146 164 164 147 147 168 168 169 169 170 170 168 168 170 170 171 171 172 172 171 171 173 173 172 172 168 168 171 171 174 174 173 173 175 175 174 174 172 172 173 173 176 176 174 174 175 175 176 176 175 175 177 177 178 178 176 176 177 177 178 178 177 177 179 179 180 180 178 178 179 179 180 180 179 179 181 181 182 182 180 180 181 181 182 182 181 181 183 183 184 184 182 182 183 183 184 184 183 183 185 185 186 186 184 184 185 185 186 186 185 185 187 187 188 188 186 186 187 187 188 188 187 187 189 189 190 190 188 188 189 189 190 190 189 189 191 191 190 190 191 191 192 192 193 193 190 190 192 192 194 194 193 193 192 192 194 194 192 192 195 195 196 196 194 194 195 195 196 196 195 195 197 197 198 198 196 196 197 197 198 198 197 197 199 199 200 200 198 198 199 199 200 200 199 199 201 201 202 202 201 201 203 203 202 202 200 200 201 201 204 204 203 203 205 205 204 204 202 202 203 203 206 206 205 205 207 207 206 206 204 204 205 205 208 208 207 207 209 209 208 208 206 206 207 207 210 210 209 209 211 211 210 210 211 211 212 212 210 210 208 208 209 209 213 213 210 210 212 212 214 214 212 212 215 215 214 214 215 215 216 216 214 214 213 213 212 212 217 217 214 214 216 216 218 218 216 216 219 219 218 218 219 219 220 220 218 218 217 217 216 216 221 221 218 218 220 220 222 222 220 220 223 223 222 222 223 223 224 224 222 222 221 221 220 220 225 225 222 222 224 224 226 226 225 225 224 224 226 226 224 224 227 227 226 226 227 227 228 228 229 229 226 226 228 228 230 230 229 229 228 228 230 230 228 228 231 231 230 230 231 231 232 232 233 233 230 230 232 232 234 234 233 233 232 232 234 234 232 232 235 235 236 236 234 234 235 235 236 236 235 235 237 237 238 238 236 236 237 237 238 238 237 237 239 239 240 240 238 238 239 239 240 240 239 239 241 241 240 240 241 241 242 242 243 243 240 240 242 242 243 243 242 242 244 244 245 245 243 243 244 244 246 246 245 245 244 244 246 246 244 244 247 247 248 248 246 246 247 247 248 248 247 247 249 249 248 248 249 249 250 250 251 251 248 248 250 250 169 169 251 251 250 250 169 169 250 250 170 170 252 252 253 253 254 254 255 255 256 256 257 257 258 258 255 255 259 259 258 258 259 259 260 260 258 258 260 260 261 261 258 258 256 256 255 255 262 262 263 263 264 264 265 265 266 266 267 267 265 265 267 267 268 268 265 265 268 268 269 269 265 265 269 269 256 256 265 265 256 256 258 258 270 270 262 262 264 264 271 271 272 272 270 270 271 271 264 264 273 273 271 271 270 270 264 264 274 274 265 265 275 275 274 274 275 275 276 276 277 277 254 254 266 266 277 277 252 252 254 254 277 277 266 266 265 265 277 277 265 265 274 274 278 278 279 279 280 280 281 281 277 277 282 282 281 281 282 282 283 283 281 281 284 284 285 285 281 281 285 285 286 286 281 281 286 286 252 252 281 281 252 252 277 277 287 287 278 278 280 280 287 287 288 288 289 289 287 287 289 289 278 278 287 287 280 280 271 271 290 290 281 281 291 291 290 290 284 284 281 281 290 290 273 273 292 292 290 290 292 292 293 293 290 290 293 293 284 284 290 290 287 287 271 271 290 290 271 271 273 273 294 294 295 295 296 296 297 297 298 298 299 299 298 298 300 300 301 301 301 301 300 300 302 302 302 302 300 300 303 303 297 297 300 300 298 298 304 304 305 305 306 306 307 307 308 308 309 309 309 309 308 308 310 310 310 310 308 308 311 311 311 311 308 308 297 297 297 297 308 308 300 300 305 305 312 312 306 306 313 313 314 314 312 312 306 306 314 314 315 315 312 312 314 314 306 306 308 308 316 316 317 317 317 317 316 316 318 318 296 296 319 319 307 307 295 295 319 319 296 296 307 307 319 319 308 308 308 308 319 319 316 316 320 320 321 321 322 322 319 319 323 323 324 324 324 324 323 323 325 325 326 326 323 323 327 327 327 327 323 323 328 328 328 328 323 323 295 295 295 295 323 323 319 319 321 321 329 329 322 322 330 330 329 329 331 331 331 331 329 329 321 321 322 322 329 329 314 314 323 323 332 332 333 333 326 326 332 332 323 323 315 315 332 332 334 334 334 334 332 332 335 335 335 335 332 332 326 326 329 329 332 332 314 314 314 314 332 332 315 315</p>
        </triangles>
      </mesh>
    </geometry>
    <geometry id="177dd06efca54e9891a7ab34ad3238fc" name="e91de470d1994a0e9a3052a6e49c21b8">
      <mesh>
        <source id="verts-array">
          <float_array count="5907" id="verts-array-array">0.02942798 0.03477797 0.01376651 0.03238932 0.035 0.01571406 0.033801 0.035 0.0123892 0.03063433 0.0347736 0.0108247 0.02887612 0.03452852 0.01510583 0.03180267 0.03475528 0.01707769 0.02858847 0.034 0.01607915 0.02887612 0.03452852 0.01510583 0.02877149 0.034 0.01574933 0.0289507 0.034 0.01541742 0.02912608 0.034 0.01508348 0.02922589 0.03419656 0.01471515 0.02942798 0.03477797 0.01376651 0.02976151 0.03444463 0.01335879 0.03063433 0.0347736 0.0108247 0.03088871 0.03444153 0.01049632 0.03154334 0.0347701 0.007793913 0.03173792 0.03443905 0.007553449 0.0321511 0.03476765 0.004700844 0.03230564 0.03443731 0.004554247 0.03245544 0.03476639 0.001570999 0.03258992 0.03443642 0.001521751 0.03249246 0.03476886 0 0.03262468 0.03443829 0 0.03487239 0.035 0.008939609 0.03154334 0.0347701 0.007793913 0.02858847 0.034 0.01607915 0.02847346 0.03381601 0.01640516 0.03139302 0.03404509 0.0183882 0.03559269 0.035 0.005400021 0.0321511 0.03476765 0.004700844 0.03595467 0.035 0.001806068 0.03245544 0.03476639 0.001570999 0.03249246 0.03476886 0 0.03595467 0.035 -0.001806068 0.03245544 0.03476639 -0.001570999 0.03258992 0.03443642 -0.001521751 0.03245544 0.03476639 -0.001570999 0.03230564 0.03443731 -0.004554247 0.0321511 0.03476765 -0.004700844 0.03173792 0.03443905 -0.007553449 0.03154334 0.0347701 -0.007793913 0.03088871 0.03444153 -0.01049632 0.03063433 0.0347736 -0.0108247 0.02976151 0.03444463 -0.01335879 0.02942798 0.03477797 -0.01376651 0.02922589 0.03419656 -0.01471515 0.02887612 0.03452852 -0.01510583 0.02912608 0.034 -0.01508348 0.0289507 0.034 -0.01541742 0.02877149 0.034 -0.01574933 0.02858847 0.034 -0.01607915 0.03258992 0.03443642 0.001521751 0.03262468 0.03443829 0 0.03561851 0.0346 0.001719755 0.03561851 0.0346 -0.001719755 0.03258992 0.03443642 -0.001521751 0.03230564 0.03443731 0.004554247 0.03528715 0.0346 0.005143266 0.03173792 0.03443905 0.007553449 0.03462749 0.0346 0.008518929 0.03088871 0.03444153 0.01049632 0.0336457 0.0346 0.01181534 0.02976151 0.03444463 0.01335879 0.0323509 0.0346 0.01500183 0.02922589 0.03419656 0.01471515 0.03178527 0.03435528 0.01638057 0.02882122 0.0334846 0.01601489 0.02912608 0.034 0.01508348 0.03137441 0.03364509 0.01769081 0.02824036 0.0325 0.01764574 0.02823682 0.03271058 0.01751862 0.02837042 0.0325 0.01743586 0.02849893 0.0325 0.01722502 0.02862586 0.0325 0.01701323 0.02847346 0.03381601 0.01640516 0.02882122 0.0334846 0.01601489 0.02823682 0.03271058 0.01751862 0.03115363 0.03293893 0.0195009 0.0321511 0.03476765 -0.004700844 0.03559269 0.035 -0.005400021 0.03154334 0.0347701 -0.007793913 0.03487239 0.035 -0.008939609 0.03063433 0.0347736 -0.0108247 0.033801 0.035 -0.0123892 0.02942798 0.03477797 -0.01376651 0.03238932 0.035 -0.01571406 0.03180267 0.03475528 -0.01707769 0.02887612 0.03452852 -0.01510583 0.02858847 0.034 -0.01607915 0.03139302 0.03404509 -0.0183882 0.02847346 0.03381601 -0.01640516 0.02882122 0.0334846 -0.01601489 0.02862586 0.0325 -0.01701323 0.02823682 0.03271058 -0.01751862 0.02849893 0.0325 -0.01722502 0.02837042 0.0325 -0.01743586 0.02824036 0.0325 -0.01764574 0.02847346 0.03381601 -0.01640516 0.02922589 0.03419656 -0.01471515 0.02912608 0.034 -0.01508348 0.03178527 0.03435528 -0.01638057 0.03137441 0.03364509 -0.01769081 0.02882122 0.0334846 -0.01601489 0.0323509 0.0346 -0.01500183 0.02976151 0.03444463 -0.01335879 0.03088871 0.03444153 -0.01049632 0.0336457 0.0346 -0.01181534 0.03173792 0.03443905 -0.007553449 0.03462749 0.0346 -0.008518929 0.03230564 0.03443731 -0.004554247 0.03528715 0.0346 -0.005143266 0.02861348 0.03237991 0.01714334 0.02862586 0.0325 0.01701323 0.03114872 0.03253892 0.01880885 0.02824036 0.0325 0.01764574 0.02838247 0.03132221 0.01844541 0.03127548 0.03154509 0.02040931 0.02847899 0.031 0.01857276 0.02838247 0.03132221 0.01844541 0.02858565 0.031 0.01840817 0.02869136 0.031 0.01824297 0.02879611 0.031 0.01807717 0.02861348 0.03237991 0.01714334 0.02823682 0.03271058 -0.01751862 0.03115363 0.03293893 -0.0195009 0.02862586 0.0325 -0.01701323 0.03114872 0.03253892 -0.01880885 0.02861348 0.03237991 -0.01714334 0.02824036 0.0325 -0.01764574 0.03127548 0.03154509 -0.02040931 0.02838247 0.03132221 -0.01844541 0.02879611 0.031 -0.01807717 0.02838247 0.03132221 -0.01844541 0.02869136 0.031 -0.01824297 0.02858565 0.031 -0.01840817 0.02847899 0.031 -0.01857276 0.02861348 0.03237991 -0.01714334 0.02879326 0.03098888 0.01808171 0.02879611 0.031 0.01807717 0.03132887 0.03114508 0.0197457 0.02847899 0.031 0.01857276 0.02837512 0.02977223 0.01873106 0.03135411 0.03 0.02075283 0.02888927 0.02628812 0.01792791 0.02971513 0.0255126 0.01652304 0.02945407 0.02518022 0.01698404 0.03011611 0.02446657 0.01578037 0.03035946 0.02479995 0.01530696 0.03078303 0.02421667 0.01443625 0.02916471 0.02661999 0.01747627 0.02850914 0.02768257 0.01852644 0.03100756 0.02455156 0.01394744 0.02879386 0.02801426 0.01808076 0.02837512 0.02922777 0.01873106 0.03204855 0.02422084 0.01135299 0.02837512 0.02944556 0.01873106 0.02866303 0.02944057 0.01828745 0.02837512 0.02933666 0.01873106 0.02866303 0.02946434 0.01828745 0.02866303 0.02948811 0.01828745 0.02866807 0.0295002 0.01827954 0.02837512 0.02955445 0.01873106 0.02866303 0.02951189 0.01828745 0.02866303 0.02953566 0.01828745 0.02837512 0.02977223 0.01873106 0.02866303 0.02955943 0.01828745 0.02837512 0.02966334 0.01873106 0.03218497 0.02455451 0.01096028 0.02879326 0.03098888 0.01808171 0.0330025 0.02422417 0.008175259 0.0330723 0.02455687 0.007888174 0.03364049 0.0242265 0.004931267 0.03366566 0.02455853 0.004756426 0.03396003 0.0242277 0.001648077 0.03396283 0.02455938 0.001589369 0.034 0.02422516 0 0.034 0.02455746 0 0.02879611 0.031 -0.01807717 0.03132887 0.03114508 -0.0197457 0.02879326 0.03098888 -0.01808171 0.02847899 0.031 -0.01857276 0.03135411 0.03 -0.02075283 0.02837512 0.02977223 -0.01873106 0.03396283 0.02455938 -0.001589369 0.03396003 0.0242277 -0.001648077 0.03366566 0.02455853 -0.004756426 0.03364049 0.0242265 -0.004931267 0.0330723 0.02455687 -0.007888174 0.0330025 0.02422417 -0.008175259 0.03218497 0.02455451 -0.01096028 0.03204855 0.02422084 -0.01135299 0.03100756 0.02455156 -0.01394744 0.03078303 0.02421667 -0.01443625 0.03035946 0.02479995 -0.01530696 0.03011611 0.02446657 -0.01578037 0.02971513 0.0255126 -0.01652304 0.02945407 0.02518022 -0.01698404 0.02916471 0.02661999 -0.01747627 0.02888927 0.02628812 -0.01792791 0.02879386 0.02801426 -0.01808076 0.02850914 0.02768257 -0.01852644 0.02866807 0.0295002 -0.01827954 0.02866303 0.02944057 -0.01828745 0.02837512 0.02922777 -0.01873106 0.02837512 0.02933666 -0.01873106 0.02866303 0.02948811 -0.01828745 0.02837512 0.02944556 -0.01873106 0.02866303 0.02946434 -0.01828745 0.02866303 0.02955943 -0.01828745 0.02837512 0.02955445 -0.01873106 0.02866303 0.02953566 -0.01828745 0.02866303 0.02951189 -0.01828745 0.02837512 0.02966334 -0.01873106 0.02837512 0.02977223 -0.01873106 0.02879326 0.03098888 -0.01808171 0.02866303 0.02944057 0.01828745 0.02866807 0.0295002 0.01827954 0.03125498 0.0296 0.0199884 0.02837512 0.02966334 0.01873106 0.03135411 0.0298 0.02075283 0.03364049 0.0242265 0.004931267 0.03396003 0.0242277 0.001648077 0.03755265 0.024 0.001886338 0.03717459 0.024 0.005640022 0.0330025 0.02422417 0.008175259 0.03642227 0.024 0.009336924 0.03204855 0.02422084 0.01135299 0.03530327 0.024 0.01293983 0.03078303 0.02421667 0.01443625 0.03382885 0.024 0.01641246 0.03312605 0.02424472 0.01778833 0.03011611 0.02446657 0.01578037 0.03244403 0.02495491 0.01900382 0.02945407 0.02518022 0.01698404 0.03187099 0.02606107 0.01994993 0.02888927 0.02628812 0.01792791 0.03148851 0.02745491 0.02054833 0.02850914 0.02768257 0.01852644 0.03135411 0.029 0.02075283 0.02837512 0.02922777 0.01873106 0.03135411 0.0292 0.02075283 0.02837512 0.02933666 0.01873106 0.03135411 0.0294 0.02075283 0.02837512 0.02944556 0.01873106 0.03135411 0.0296 0.02075283 0.02837512 0.02955445 0.01873106 0.02879386 0.02801426 0.01808076 0.03138615 0.02785492 0.0197818 0.03125498 0.0294 0.0199884 0.02866303 0.02955943 0.01828745 0.03175905 0.02646107 0.01917739 0.02916471 0.02661999 0.01747627 0.03231664 0.02535492 0.0182221 0.02971513 0.0255126 0.01652304 0.03297827 0.02464472 0.01699539 0.03035946 0.02479995 0.01530696 0.03365728 0.0244 0.01560762 0.03100756 0.02455156 0.01394744 0.03218497 0.02455451 0.01096028 0.03500436 0.0244 0.01229246 0.0330723 0.02455687 0.007888174 0.0360258 0.0244 0.008862935 0.03366566 0.02455853 0.004756426 0.03671208 0.0244 0.005350959 0.03396283 0.02455938 0.001589369 0.03705683 0.0244 0.001789201 0.03396283 0.02455938 -0.001589369 0.034 0.02455746 0 0.03705683 0.0244 -0.001789201 0.034 0.02422516 0 0.03396003 0.0242277 -0.001648077 0.03755265 0.024 -0.001886338 0.03125498 0.0296 -0.0199884 0.02866807 0.0295002 -0.01827954 0.02866303 0.02944057 -0.01828745 0.03135411 0.0298 -0.02075283 0.02837512 0.02966334 -0.01873106 0.03366566 0.02455853 -0.004756426 0.03671208 0.0244 -0.005350959 0.0330723 0.02455687 -0.007888174 0.0360258 0.0244 -0.008862935 0.03218497 0.02455451 -0.01096028 0.03500436 0.0244 -0.01229246 0.03100756 0.02455156 -0.01394744 0.03365728 0.0244 -0.01560762 0.03035946 0.02479995 -0.01530696 0.03297827 0.02464472 -0.01699539 0.02971513 0.0255126 -0.01652304 0.03231664 0.02535492 -0.0182221 0.02916471 0.02661999 -0.01747627 0.03175905 0.02646107 -0.01917739 0.02879386 0.02801426 -0.01808076 0.03138615 0.02785492 -0.0197818 0.02866303 0.02955943 -0.01828745 0.03125498 0.0294 -0.0199884 0.03135411 0.0296 -0.02075283 0.02837512 0.02955445 -0.01873106 0.03135411 0.0294 -0.02075283 0.02837512 0.02944556 -0.01873106 0.03135411 0.0292 -0.02075283 0.02837512 0.02933666 -0.01873106 0.03135411 0.029 -0.02075283 0.02837512 0.02922777 -0.01873106 0.02850914 0.02768257 -0.01852644 0.03148851 0.02745491 -0.02054833 0.02888927 0.02628812 -0.01792791 0.03187099 0.02606107 -0.01994993 0.02945407 0.02518022 -0.01698404 0.03244403 0.02495491 -0.01900382 0.03011611 0.02446657 -0.01578037 0.03312605 0.02424472 -0.01778833 0.03078303 0.02421667 -0.01443625 0.03382885 0.024 -0.01641246 0.03530327 0.024 -0.01293983 0.03204855 0.02422084 -0.01135299 0.03642227 0.024 -0.009336924 0.0330025 0.02422417 -0.008175259 0.03717459 0.024 -0.005640022 0.03364049 0.0242265 -0.004931267 0.02866303 0.02944057 0.01828745 0.02931102 0.0294863 0.01871268 0.02866303 0.02946434 0.01828745 0.02931102 0.02948239 0.01871268 0.02995901 0.02951623 0.01913792 0.030283 0.0295382 0.01935054 0.030283 0.02952614 0.01935054 0.02947301 0.029494 0.01881899 0.02947301 0.02949303 0.01881899 0.02947301 0.02949207 0.01881899 0.02947301 0.02949159 0.01881899 0.02947301 0.02949063 0.01881899 0.030364 0.02954463 0.0194037 0.030364 0.02952768 0.0194037 0.02979701 0.02950955 0.01903161 0.02987801 0.02950976 0.01908477 0.02979701 0.02950697 0.01903161 0.02987801 0.02951473 0.01908477 0.02991851 0.02951746 0.01911134 0.02991851 0.02951101 0.01911134 0.02951351 0.02949569 0.01884557 0.02951351 0.02949293 0.01884557 0.03038425 0.0295463 0.01941698 0.03038425 0.02952801 0.01941698 0.02993876 0.0295116 0.01912463 0.02993876 0.02951886 0.01912463 0.02959451 0.02949841 0.01889873 0.02961476 0.02949944 0.01891201 0.02959451 0.02949847 0.01889873 0.02959451 0.02949836 0.01889873 0.02959451 0.02949825 0.01889873 0.02959451 0.02949857 0.01889873 0.02959451 0.0294982 0.01889873 0.02961476 0.02949914 0.01891201 0.02959451 0.02949817 0.01889873 0.02959451 0.02949812 0.01889873 0.02959451 0.02949825 0.01889873 0.02961476 0.02949914 0.01891201 0.02961476 0.02949944 0.01891201 0.02959451 0.02949801 0.01889873 0.02959451 0.02949863 0.01889873 0.02959451 0.02949868 0.01889873 0.02959451 0.02949796 0.01889873 0.02959451 0.02949791 0.01889873 0.02994888 0.02951189 0.01913128 0.02994888 0.02951957 0.01913128 0.02971601 0.02950527 0.01897846 0.02972613 0.02950362 0.0189851 0.02971601 0.02950327 0.01897846 0.02972613 0.02950591 0.0189851 0.02963501 0.0295003 0.0189253 0.02965526 0.02950099 0.01893859 0.02963501 0.02950027 0.0189253 0.02963501 0.02950023 0.0189253 0.02963501 0.02950034 0.0189253 0.02965526 0.02950158 0.01893859 0.02963501 0.0295003 0.0189253 0.02965526 0.02950158 0.01893859 0.02965526 0.02950099 0.01893859 0.02963501 0.02950022 0.0189253 0.02963501 0.02950035 0.0189253 0.02961476 0.02949946 0.01891201 0.02961476 0.02949912 0.01891201 0.02952364 0.02949609 0.01885222 0.02952364 0.02949352 0.01885222 0.03038931 0.02952809 0.01942031 0.03038931 0.02954672 0.01942031 0.02995394 0.02951203 0.0191346 0.02995394 0.02951993 0.0191346 0.02973626 0.02950656 0.01899175 0.02973626 0.02950397 0.01899175 0.02967551 0.0295018 0.01895188 0.02967045 0.02950154 0.01894856 0.02967551 0.02950276 0.01895188 0.02967045 0.02950154 0.01894856 0.02967045 0.02950251 0.01894856 0.02967045 0.02950251 0.01894856 0.02962489 0.02949984 0.01891866 0.02962489 0.02949974 0.01891866 0.02995648 0.0295121 0.01913626 0.02995648 0.02952011 0.01913626 0.02973879 0.02950406 0.01899341 0.02973879 0.02950673 0.01899341 0.02973879 0.02950406 0.01899341 0.02968057 0.02950191 0.0189552 0.02973626 0.02950397 0.01899175 0.02968057 0.02950191 0.0189552 0.02972613 0.02950362 0.0189851 0.02971601 0.02950327 0.01897846 0.02967045 0.02950154 0.01894856 0.02967045 0.02950251 0.01894856 0.02968057 0.02950315 0.0189552 0.02967551 0.02950276 0.01895188 0.02968057 0.02950315 0.0189552 0.02968057 0.02950191 0.0189552 0.02968057 0.02950191 0.0189552 0.02973626 0.02950656 0.01899175 0.02973879 0.02950673 0.01899341 0.02971601 0.02950527 0.01897846 0.02972613 0.02950591 0.0189851 0.02962995 0.02950003 0.01892198 0.02962995 0.02950004 0.01892198 0.02955402 0.02949682 0.01887215 0.02952617 0.02949619 0.01885388 0.02955402 0.02949659 0.01887215 0.02955402 0.02949705 0.01887215 0.02866303 0.02946434 0.01828745 0.02955402 0.02949636 0.01887215 0.02955402 0.02949578 0.01887215 0.02952617 0.02949366 0.01885388 0.02955402 0.02949555 0.01887215 0.02952617 0.02949366 0.01885388 0.02955402 0.02949613 0.01887215 0.02955402 0.02949613 0.01887215 0.02952617 0.02949366 0.01885388 0.02955402 0.02949601 0.01887215 0.02955402 0.02949601 0.01887215 0.02866303 0.02946434 0.01828745 0.03039058 0.02952811 0.01942114 0.03125498 0.02956 0.0199884 0.03039058 0.02952811 0.01942114 0.03039058 0.02954682 0.01942114 0.03039058 0.02954682 0.01942114 0.02995774 0.02951214 0.01913709 0.02995901 0.02951623 0.01913792 0.02995774 0.02951214 0.01913709 0.02995648 0.0295121 0.01913626 0.02952617 0.02949619 0.01885388 0.02995774 0.02951214 0.01913709 0.02995774 0.02952019 0.01913709 0.02995648 0.02952011 0.01913626 0.02995774 0.02952019 0.01913709 0.02952617 0.02949366 0.01885388 0.02995774 0.02951214 0.01913709 0.02974132 0.02950414 0.01899507 0.02995648 0.0295121 0.01913626 0.02974132 0.02950414 0.01899507 0.02995394 0.02951203 0.0191346 0.02974132 0.02950414 0.01899507 0.02952617 0.02949619 0.01885388 0.02974132 0.02950689 0.01899507 0.02974132 0.02950689 0.01899507 0.02995394 0.02951993 0.0191346 0.02974132 0.02950689 0.01899507 0.02974132 0.02950414 0.01899507 0.02974132 0.02950689 0.01899507 0.02995774 0.02952019 0.01913709 0.02952617 0.02949366 0.01885388 0.02995648 0.02952011 0.01913626 0.02963248 0.02950012 0.01892364 0.02963248 0.0295002 0.01892364 0.02957806 0.02949811 0.01888793 0.02957806 0.02949811 0.01888793 0.02955402 0.02949659 0.01887215 0.02957806 0.02949811 0.01888793 0.02955402 0.02949682 0.01887215 0.02955402 0.02949705 0.01887215 0.02957806 0.02949686 0.01888793 0.02955402 0.02949555 0.01887215 0.02957806 0.02949686 0.01888793 0.02955402 0.02949578 0.01887215 0.02957806 0.02949686 0.01888793 0.02955402 0.02949613 0.01887215 0.02955402 0.02949601 0.01887215 0.02866303 0.02953566 0.01828745 0.02931102 0.02951762 0.01871268 0.02866303 0.02955943 0.01828745 0.02931102 0.0295137 0.01871268 0.02995901 0.02948377 0.01913792 0.030283 0.02947386 0.01935054 0.030283 0.0294618 0.01935054 0.02947301 0.02950937 0.01881899 0.02947301 0.02950841 0.01881899 0.02947301 0.02950745 0.01881899 0.02947301 0.02950697 0.01881899 0.02947301 0.029506 0.01881899 0.030364 0.02947232 0.0194037 0.030364 0.02945537 0.0194037 0.02979701 0.02949303 0.01903161 0.02987801 0.02948527 0.01908477 0.02979701 0.02949045 0.01903161 0.02987801 0.02949024 0.01908477 0.02991851 0.02948899 0.01911134 0.02991851 0.02948254 0.01911134 0.02951351 0.02950707 0.01884557 0.02951351 0.02950431 0.01884557 0.03038425 0.02947199 0.01941698 0.03038425 0.0294537 0.01941698 0.02993876 0.02948114 0.01912463 0.02993876 0.0294884 0.01912463 0.02959451 0.02950183 0.01889873 0.02961476 0.02950086 0.01891201 0.02959451 0.02950188 0.01889873 0.02959451 0.02950177 0.01889873 0.02959451 0.02950167 0.01889873 0.02959451 0.02950199 0.01889873 0.02959451 0.02950161 0.01889873 0.02961476 0.02950056 0.01891201 0.02959451 0.02950159 0.01889873 0.02959451 0.02950153 0.01889873 0.02959451 0.02950167 0.01889873 0.02961476 0.02950056 0.01891201 0.02961476 0.02950086 0.01891201 0.02959451 0.02950143 0.01889873 0.02959451 0.02950204 0.01889873 0.02959451 0.02950209 0.01889873 0.02959451 0.02950137 0.01889873 0.02959451 0.02950132 0.01889873 0.02994888 0.02948043 0.01913128 0.02994888 0.02948811 0.01913128 0.02971601 0.02949673 0.01897846 0.02972613 0.02949408 0.0189851 0.02971601 0.02949473 0.01897846 0.02972613 0.02949638 0.0189851 0.02963501 0.02949973 0.0189253 0.02965526 0.02949842 0.01893859 0.02963501 0.0294997 0.0189253 0.02963501 0.02949966 0.0189253 0.02963501 0.02949977 0.0189253 0.02965526 0.02949901 0.01893859 0.02963501 0.02949973 0.0189253 0.02965526 0.02949901 0.01893859 0.02965526 0.02949842 0.01893859 0.02963501 0.02949965 0.0189253 0.02963501 0.02949978 0.0189253 0.02961476 0.02950088 0.01891201 0.02961476 0.02950054 0.01891201 0.02952364 0.02950648 0.01885222 0.02952364 0.02950391 0.01885222 0.03038931 0.02945328 0.01942031 0.03038931 0.02947191 0.01942031 0.02995394 0.02948007 0.0191346 0.02995394 0.02948797 0.0191346 0.02973626 0.02949603 0.01899175 0.02973626 0.02949344 0.01899175 0.02967551 0.02949724 0.01895188 0.02967045 0.02949749 0.01894856 0.02967551 0.0294982 0.01895188 0.02967045 0.02949749 0.01894856 0.02967045 0.02949846 0.01894856 0.02967045 0.02949846 0.01894856 0.02962489 0.02950026 0.01891866 0.02962489 0.02950016 0.01891866 0.02995648 0.02947989 0.01913626 0.02995648 0.0294879 0.01913626 0.02973879 0.02949327 0.01899341 0.02973879 0.02949594 0.01899341 0.02973879 0.02949327 0.01899341 0.02968057 0.02949685 0.0189552 0.02973626 0.02949344 0.01899175 0.02968057 0.02949685 0.0189552 0.02972613 0.02949408 0.0189851 0.02971601 0.02949473 0.01897846 0.02967045 0.02949749 0.01894856 0.02967045 0.02949846 0.01894856 0.02968057 0.02949809 0.0189552 0.02967551 0.0294982 0.01895188 0.02968057 0.02949809 0.0189552 0.02968057 0.02949685 0.0189552 0.02968057 0.02949685 0.0189552 0.02973626 0.02949603 0.01899175 0.02973879 0.02949594 0.01899341 0.02971601 0.02949673 0.01897846 0.02972613 0.02949638 0.0189851 0.02962995 0.02949995 0.01892198 0.02962995 0.02949997 0.01892198 0.02955402 0.02950422 0.01887215 0.02952617 0.02950634 0.01885388 0.02955402 0.02950399 0.01887215 0.02955402 0.02950445 0.01887215 0.02955402 0.02950376 0.01887215 0.02955402 0.02950318 0.01887215 0.02952617 0.02950381 0.01885388 0.02955402 0.02950295 0.01887215 0.02952617 0.02950381 0.01885388 0.02955402 0.02950353 0.01887215 0.02955402 0.02950353 0.01887215 0.02952617 0.02950381 0.01885388 0.02955402 0.02950341 0.01887215 0.02955402 0.02950341 0.01887215 0.02866303 0.02953566 0.01828745 0.03039058 0.02945318 0.01942114 0.03039058 0.02945318 0.01942114 0.03039058 0.02947189 0.01942114 0.03039058 0.02947189 0.01942114 0.03125498 0.02944 0.0199884 0.02866303 0.02953566 0.01828745 0.02995774 0.02947981 0.01913709 0.02995901 0.02948377 0.01913792 0.02995774 0.02947981 0.01913709 0.02995648 0.02947989 0.01913626 0.02952617 0.02950634 0.01885388 0.02995774 0.02948786 0.01913709 0.02995648 0.0294879 0.01913626 0.02995774 0.02948786 0.01913709 0.02995774 0.02948786 0.01913709 0.02952617 0.02950381 0.01885388 0.02995774 0.02947981 0.01913709 0.02974132 0.02949311 0.01899507 0.02995648 0.02947989 0.01913626 0.02974132 0.02949311 0.01899507 0.02995394 0.02948007 0.0191346 0.02974132 0.02949311 0.01899507 0.02952617 0.02950634 0.01885388 0.02974132 0.02949586 0.01899507 0.02974132 0.02949586 0.01899507 0.02995394 0.02948797 0.0191346 0.02974132 0.02949586 0.01899507 0.02974132 0.02949311 0.01899507 0.02974132 0.02949586 0.01899507 0.02995774 0.02948786 0.01913709 0.02952617 0.02950381 0.01885388 0.02995648 0.0294879 0.01913626 0.02963248 0.0294998 0.01892364 0.02963248 0.02949988 0.01892364 0.02957806 0.02950314 0.01888793 0.02957806 0.02950314 0.01888793 0.02955402 0.02950399 0.01887215 0.02957806 0.02950314 0.01888793 0.02955402 0.02950422 0.01887215 0.02955402 0.02950445 0.01887215 0.02957806 0.02950189 0.01888793 0.02955402 0.02950295 0.01887215 0.02957806 0.02950189 0.01888793 0.02955402 0.02950318 0.01887215 0.02957806 0.02950189 0.01888793 0.02955402 0.02950353 0.01887215 0.02955402 0.02950341 0.01887215 0.02866303 0.02951189 0.01828745 0.02931102 0.02950979 0.01871268 0.02931102 0.02950587 0.01871268 0.02995901 0.02949189 0.01913792 0.030283 0.02948995 0.01935054 0.030283 0.02947788 0.01935054 0.02947301 0.02950552 0.01881899 0.02947301 0.02950456 0.01881899 0.02947301 0.0295036 0.01881899 0.02947301 0.02950312 0.01881899 0.02947301 0.02950216 0.01881899 0.030364 0.0294904 0.0194037 0.030364 0.02947345 0.0194037 0.02979701 0.02949716 0.01903161 0.02987801 0.02949636 0.01908477 0.02979701 0.02949458 0.01903161 0.02987801 0.02949139 0.01908477 0.02991851 0.02948966 0.01911134 0.02991851 0.02949611 0.01911134 0.02951351 0.02950422 0.01884557 0.02951351 0.02950147 0.01884557 0.03038425 0.02949057 0.01941698 0.03038425 0.02947228 0.01941698 0.02993876 0.02948875 0.01912463 0.02993876 0.02949601 0.01912463 0.02959451 0.02950097 0.01889873 0.02961476 0.0295005 0.01891201 0.02959451 0.02950103 0.01889873 0.02959451 0.02950081 0.01889873 0.02959451 0.02950092 0.01889873 0.02959451 0.02950113 0.01889873 0.02959451 0.02950076 0.01889873 0.02961476 0.02950021 0.01891201 0.02959451 0.02950073 0.01889873 0.02959451 0.02950068 0.01889873 0.02959451 0.02950081 0.01889873 0.02961476 0.02950021 0.01891201 0.02961476 0.0295005 0.01891201 0.02959451 0.02950057 0.01889873 0.02959451 0.02950124 0.01889873 0.02959451 0.02950119 0.01889873 0.02959451 0.02950047 0.01889873 0.02994888 0.0294883 0.01913128 0.02994888 0.02949598 0.01913128 0.02971601 0.02949887 0.01897846 0.02972613 0.02949876 0.0189851 0.02971601 0.02949686 0.01897846 0.02972613 0.02949647 0.0189851 0.02963501 0.02949988 0.0189253 0.02965526 0.02949906 0.01893859 0.02963501 0.02949984 0.0189253 0.02963501 0.0294998 0.0189253 0.02963501 0.02949991 0.0189253 0.02965526 0.02949966 0.01893859 0.02963501 0.02949988 0.0189253 0.02965526 0.02949966 0.01893859 0.02965526 0.02949906 0.01893859 0.02963501 0.02949979 0.0189253 0.02963501 0.02949992 0.0189253 0.02961476 0.02950053 0.01891201 0.02961476 0.02950019 0.01891201 0.02952364 0.02950389 0.01885222 0.02952364 0.02950131 0.01885222 0.03038931 0.02947198 0.01942031 0.03038931 0.02949061 0.01942031 0.02995394 0.02948806 0.0191346 0.02995394 0.02949596 0.0191346 0.02973626 0.02949607 0.01899175 0.02973626 0.02949866 0.01899175 0.02967045 0.0294985 0.01894856 0.02967045 0.02949947 0.01894856 0.02967551 0.02949838 0.01895188 0.02967045 0.02949947 0.01894856 0.02967045 0.0294985 0.01894856 0.02967551 0.02949934 0.01895188 0.02962489 0.02950006 0.01891866 0.02995648 0.02948795 0.01913626 0.02995648 0.02949595 0.01913626 0.02973879 0.02949864 0.01899341 0.02973879 0.02949597 0.01899341 0.02973626 0.02949607 0.01899175 0.02968057 0.02949812 0.0189552 0.02972613 0.02949647 0.0189851 0.02967045 0.0294985 0.01894856 0.02973879 0.02949597 0.01899341 0.02971601 0.02949686 0.01897846 0.02973626 0.02949866 0.01899175 0.02968057 0.02949936 0.0189552 0.02973879 0.02949864 0.01899341 0.02967551 0.02949838 0.01895188 0.02968057 0.02949936 0.0189552 0.02968057 0.02949812 0.0189552 0.02968057 0.02949936 0.0189552 0.02972613 0.02949876 0.0189851 0.02967045 0.02949947 0.01894856 0.02968057 0.02949936 0.0189552 0.02971601 0.02949887 0.01897846 0.02962995 0.02949999 0.01892198 0.02952617 0.0295038 0.01885388 0.02866303 0.02953566 0.01828745 0.02955402 0.02950237 0.01887215 0.02955402 0.02950214 0.01887215 0.02955402 0.0295026 0.01887215 0.02955402 0.02950191 0.01887215 0.02866303 0.02951189 0.01828745 0.02952617 0.02950127 0.01885388 0.02952364 0.02950131 0.01885222 0.02955402 0.02950133 0.01887215 0.02952617 0.02950127 0.01885388 0.02955402 0.0295011 0.01887215 0.02952617 0.02950127 0.01885388 0.02955402 0.02950168 0.01887215 0.02955402 0.02950168 0.01887215 0.02952617 0.02950127 0.01885388 0.02955402 0.02950156 0.01887215 0.02955402 0.02950156 0.01887215 0.02952364 0.02950131 0.01885222 0.03039058 0.02947191 0.01942114 0.03039058 0.02947191 0.01942114 0.03039058 0.02949063 0.01942114 0.03125498 0.02948 0.0199884 0.02866303 0.02951189 0.01828745 0.03039058 0.02949063 0.01942114 0.02952617 0.02950127 0.01885388 0.02995774 0.02948789 0.01913709 0.02995901 0.02949189 0.01913792 0.02995774 0.02948789 0.01913709 0.02995648 0.02948795 0.01913626 0.02995774 0.02948789 0.01913709 0.02952617 0.0295038 0.01885388 0.02995774 0.02948789 0.01913709 0.02995774 0.02949595 0.01913709 0.02995648 0.02949595 0.01913626 0.02995774 0.02949595 0.01913709 0.02952617 0.02950127 0.01885388 0.02995774 0.02948789 0.01913709 0.02974132 0.02949587 0.01899507 0.02995648 0.02948795 0.01913626 0.02974132 0.02949587 0.01899507 0.02974132 0.02949587 0.01899507 0.02995394 0.02948806 0.0191346 0.02952617 0.0295038 0.01885388 0.02995774 0.02948789 0.01913709 0.02974132 0.02949861 0.01899507 0.02974132 0.02949861 0.01899507 0.02974132 0.02949861 0.01899507 0.02995394 0.02949596 0.0191346 0.02974132 0.02949861 0.01899507 0.02995774 0.02949595 0.01913709 0.02952617 0.02950127 0.01885388 0.02995648 0.02949595 0.01913626 0.02963248 0.02949996 0.01892364 0.02957806 0.02950188 0.01888793 0.02957806 0.02950188 0.01888793 0.02955402 0.02950214 0.01887215 0.02957806 0.02950188 0.01888793 0.02955402 0.02950237 0.01887215 0.02955402 0.0295026 0.01887215 0.02957806 0.02950063 0.01888793 0.02955402 0.0295011 0.01887215 0.02957806 0.02950063 0.01888793 0.02955402 0.02950133 0.01887215 0.02957806 0.02950063 0.01888793 0.02955402 0.02950168 0.01887215 0.02955402 0.02950156 0.01887215 0.02866303 0.02948811 0.01828745 0.02931102 0.02950196 0.01871268 0.02931102 0.02949804 0.01871268 0.02995901 0.0295 0.01913792 0.030283 0.02950603 0.01935054 0.030283 0.02949397 0.01935054 0.02947301 0.02950168 0.01881899 0.02947301 0.02950072 0.01881899 0.02947301 0.02950024 0.01881899 0.02947301 0.02949928 0.01881899 0.02947301 0.02949832 0.01881899 0.030364 0.02950848 0.0194037 0.030364 0.02949153 0.0194037 0.02979701 0.02950129 0.01903161 0.02987801 0.02950249 0.01908477 0.02979701 0.02949871 0.01903161 0.02987801 0.02949751 0.01908477 0.02991851 0.02950322 0.01911134 0.02991851 0.02949677 0.01911134 0.02951351 0.02950138 0.01884557 0.02951351 0.02949862 0.01884557 0.03038425 0.02950914 0.01941698 0.03038425 0.02949086 0.01941698 0.02993876 0.02950363 0.01912463 0.02993876 0.02949637 0.01912463 0.02959451 0.02950012 0.01889873 0.02961476 0.02950015 0.01891201 0.02959451 0.02950017 0.01889873 0.02959451 0.02950004 0.01889873 0.02959451 0.02950009 0.01889873 0.02959451 0.02950028 0.01889873 0.02959451 0.02949993 0.01889873 0.02961476 0.02949985 0.01891201 0.02959451 0.02949988 0.01889873 0.02959451 0.02949983 0.01889873 0.02959451 0.02950004 0.01889873 0.02961476 0.02949985 0.01891201 0.02961476 0.02950015 0.01891201 0.02959451 0.02949972 0.01889873 0.02959451 0.02950033 0.01889873 0.02959451 0.02950039 0.01889873 0.02959451 0.02949967 0.01889873 0.02959451 0.02949961 0.01889873 0.02994888 0.02949616 0.01913128 0.02994888 0.02950384 0.01913128 0.02971601 0.029501 0.01897846 0.02972613 0.02950115 0.0189851 0.02971601 0.029499 0.01897846 0.02972613 0.02949885 0.0189851 0.02963501 0.02950002 0.0189253 0.02965526 0.0294997 0.01893859 0.02963501 0.02949998 0.0189253 0.02963501 0.02949995 0.0189253 0.02963501 0.02950005 0.0189253 0.02965526 0.0295003 0.01893859 0.02963501 0.02950002 0.0189253 0.02965526 0.0295003 0.01893859 0.02965526 0.0294997 0.01893859 0.02963501 0.02949994 0.0189253 0.02963501 0.02950006 0.0189253 0.02961476 0.02950017 0.01891201 0.02961476 0.02949983 0.01891201 0.02952364 0.02950129 0.01885222 0.02952364 0.02949871 0.01885222 0.03038931 0.02950931 0.01942031 0.03038931 0.02949069 0.01942031 0.02995394 0.02949605 0.0191346 0.02995394 0.02950395 0.0191346 0.02973626 0.0294987 0.01899175 0.02973626 0.0295013 0.01899175 0.02967551 0.02949952 0.01895188 0.02967045 0.02949951 0.01894856 0.02967551 0.02950048 0.01895188 0.02967045 0.02949951 0.01894856 0.02967045 0.02950049 0.01894856 0.02967045 0.02950049 0.01894856 0.02962489 0.02950005 0.01891866 0.02962489 0.02949995 0.01891866 0.02995648 0.029496 0.01913626 0.02995648 0.029504 0.01913626 0.02973879 0.02950134 0.01899341 0.02973879 0.02949866 0.01899341 0.02973626 0.0294987 0.01899175 0.02968057 0.02949938 0.0189552 0.02972613 0.02949885 0.0189851 0.02973879 0.02949866 0.01899341 0.02967045 0.02949951 0.01894856 0.02971601 0.029499 0.01897846 0.02968057 0.02950062 0.0189552 0.02967551 0.02949952 0.01895188 0.02968057 0.02950062 0.0189552 0.02968057 0.02949938 0.0189552 0.02968057 0.02950062 0.0189552 0.02971601 0.029501 0.01897846 0.02968057 0.02950062 0.0189552 0.02972613 0.02950115 0.0189851 0.02973626 0.0295013 0.01899175 0.02967045 0.02950049 0.01894856 0.02973879 0.02950134 0.01899341 0.02962995 0.02950001 0.01892198 0.02955402 0.02950075 0.01887215 0.02952617 0.02950126 0.01885388 0.02955402 0.02950052 0.01887215 0.02952364 0.02950129 0.01885222 0.02952617 0.02950126 0.01885388 0.02866303 0.02951189 0.01828745 0.02955402 0.02950029 0.01887215 0.02952364 0.02950129 0.01885222 0.02955402 0.02950029 0.01887215 0.02952617 0.02950126 0.01885388 0.02955402 0.02950017 0.01887215 0.02955402 0.02950017 0.01887215 0.02955402 0.02949994 0.01887215 0.02955402 0.02949948 0.01887215 0.02952617 0.02949874 0.01885388 0.02955402 0.02949925 0.01887215 0.02952617 0.02950126 0.01885388 0.02952617 0.02949874 0.01885388 0.02866303 0.02948811 0.01828745 0.02952617 0.02949874 0.01885388 0.02952364 0.02949871 0.01885222 0.02952364 0.02949871 0.01885222 0.02955402 0.02949971 0.01887215 0.03039058 0.02949064 0.01942114 0.02952617 0.02950126 0.01885388 0.03039058 0.02949064 0.01942114 0.03039058 0.02950936 0.01942114 0.03125498 0.02952 0.0199884 0.02866303 0.02948811 0.01828745 0.03039058 0.02950936 0.01942114 0.02995774 0.02949597 0.01913709 0.02995901 0.0295 0.01913792 0.02995774 0.02949597 0.01913709 0.02995648 0.029496 0.01913626 0.02995774 0.02949597 0.01913709 0.02952617 0.02950126 0.01885388 0.02995774 0.02949597 0.01913709 0.02995774 0.02950403 0.01913709 0.02995648 0.029504 0.01913626 0.02995774 0.02950403 0.01913709 0.02995774 0.02950403 0.01913709 0.02995774 0.02950403 0.01913709 0.02952617 0.02949874 0.01885388 0.02952617 0.02950126 0.01885388 0.02974132 0.02949863 0.01899507 0.02995774 0.02949597 0.01913709 0.02974132 0.02949863 0.01899507 0.02974132 0.02949863 0.01899507 0.02995394 0.02949605 0.0191346 0.02974132 0.02949863 0.01899507 0.02995774 0.02949597 0.01913709 0.02974132 0.02949863 0.01899507 0.02995648 0.029496 0.01913626 0.02974132 0.02950137 0.01899507 0.02974132 0.02950137 0.01899507 0.02974132 0.02950137 0.01899507 0.02974132 0.02950137 0.01899507 0.02995648 0.029504 0.01913626 0.02974132 0.02950137 0.01899507 0.02995774 0.02950403 0.01913709 0.02995774 0.02950403 0.01913709 0.02952617 0.02949874 0.01885388 0.02974132 0.02949863 0.01899507 0.02995394 0.02950395 0.0191346 0.02974132 0.02950137 0.01899507 0.02963248 0.02950004 0.01892364 0.02957806 0.02950063 0.01888793 0.02955402 0.02950052 0.01887215 0.02957806 0.02950063 0.01888793 0.02955402 0.02950075 0.01887215 0.02955402 0.02950029 0.01887215 0.02955402 0.02950017 0.01887215 0.02957806 0.02949937 0.01888793 0.02955402 0.02949925 0.01887215 0.02957806 0.02949937 0.01888793 0.02955402 0.02949948 0.01887215 0.02957806 0.02949937 0.01888793 0.02955402 0.02949971 0.01887215 0.02931102 0.02949413 0.01871268 0.02931102 0.02949021 0.01871268 0.02995901 0.02950811 0.01913792 0.030283 0.02952212 0.01935054 0.030283 0.02951005 0.01935054 0.02947301 0.02949784 0.01881899 0.02947301 0.02949688 0.01881899 0.02947301 0.02949592 0.01881899 0.02947301 0.02949543 0.01881899 0.02947301 0.02949448 0.01881899 0.030364 0.02952655 0.0194037 0.030364 0.0295096 0.0194037 0.02979701 0.02950542 0.01903161 0.02987801 0.02950861 0.01908477 0.02979701 0.02950284 0.01903161 0.02987801 0.02950364 0.01908477 0.02991851 0.02950389 0.01911134 0.02991851 0.02951034 0.01911134 0.02951351 0.02949853 0.01884557 0.02951351 0.02949578 0.01884557 0.03038425 0.02952772 0.01941698 0.03038425 0.02950943 0.01941698 0.02993876 0.02950399 0.01912463 0.02993876 0.02951124 0.01912463 0.02959451 0.02949927 0.01889873 0.02961476 0.02949979 0.01891201 0.02959451 0.02949932 0.01889873 0.02959451 0.02949911 0.01889873 0.02959451 0.02949921 0.01889873 0.02959451 0.02949943 0.01889873 0.02959451 0.02949905 0.01889873 0.02961476 0.0294995 0.01891201 0.02959451 0.02949903 0.01889873 0.02959451 0.02949897 0.01889873 0.02959451 0.02949911 0.01889873 0.02961476 0.0294995 0.01891201 0.02961476 0.02949979 0.01891201 0.02959451 0.02949887 0.01889873 0.02959451 0.02949953 0.01889873 0.02959451 0.02949948 0.01889873 0.02959451 0.02949881 0.01889873 0.02959451 0.02949876 0.01889873 0.02994888 0.02950403 0.01913128 0.02994888 0.02951171 0.01913128 0.02971601 0.02950314 0.01897846 0.02972613 0.02950353 0.0189851 0.02971601 0.02950113 0.01897846 0.02972613 0.02950124 0.0189851 0.02963501 0.02950016 0.0189253 0.02965526 0.02950034 0.01893859 0.02963501 0.02950012 0.0189253 0.02963501 0.02950009 0.0189253 0.02963501 0.0295002 0.0189253 0.02965526 0.02950094 0.01893859 0.02963501 0.02950016 0.0189253 0.02965526 0.02950094 0.01893859 0.02965526 0.02950034 0.01893859 0.02963501 0.02950008 0.0189253 0.02963501 0.02950021 0.0189253 0.02961476 0.02949981 0.01891201 0.02961476 0.02949947 0.01891201 0.02952364 0.02949869 0.01885222 0.02952364 0.02949611 0.01885222 0.03038931 0.02950939 0.01942031 0.03038931 0.02952801 0.01942031 0.02995394 0.02950404 0.0191346 0.02995394 0.02951194 0.0191346 0.02973626 0.02950134 0.01899175 0.02973626 0.02950393 0.01899175 0.02967045 0.02950053 0.01894856 0.02967045 0.0295015 0.01894856 0.02967551 0.02950066 0.01895188 0.02967045 0.0295015 0.01894856 0.02967045 0.02950053 0.01894856 0.02967551 0.02950162 0.01895188 0.02962489 0.02949994 0.01891866 0.02995648 0.02950405 0.01913626 0.02995648 0.02951206 0.01913626 0.02973879 0.02950403 0.01899341 0.02973879 0.02950136 0.01899341 0.02973626 0.02950134 0.01899175 0.02968057 0.02950064 0.0189552 0.02972613 0.02950124 0.0189851 0.02967045 0.02950053 0.01894856 0.02973879 0.02950136 0.01899341 0.02971601 0.02950113 0.01897846 0.02973626 0.02950393 0.01899175 0.02968057 0.02950188 0.0189552 0.02973879 0.02950403 0.01899341 0.02967551 0.02950066 0.01895188 0.02968057 0.02950188 0.0189552 0.02968057 0.02950064 0.0189552 0.02968057 0.02950188 0.0189552 0.02972613 0.02950353 0.0189851 0.02967045 0.0295015 0.01894856 0.02968057 0.02950188 0.0189552 0.02971601 0.02950314 0.01897846 0.02952617 0.02949873 0.01885388 0.02866303 0.02948811 0.01828745 0.02955402 0.02949867 0.01887215 0.02955402 0.02949844 0.01887215 0.02955402 0.0294989 0.01887215 0.02955402 0.02949821 0.01887215 0.02866303 0.02946434 0.01828745 0.02952617 0.0294962 0.01885388 0.02955402 0.02949763 0.01887215 0.02955402 0.0294974 0.01887215 0.02952617 0.0294962 0.01885388 0.02955402 0.02949798 0.01887215 0.02955402 0.02949798 0.01887215 0.02952617 0.0294962 0.01885388 0.02955402 0.02949786 0.01887215 0.02955402 0.02949786 0.01887215 0.03039058 0.02950937 0.01942114 0.03039058 0.02950937 0.01942114 0.03039058 0.02952809 0.01942114 0.03039058 0.02952809 0.01942114 0.02995774 0.02950405 0.01913709 0.02995901 0.02950811 0.01913792 0.02995774 0.02950405 0.01913709 0.02995648 0.02950405 0.01913626 0.02952617 0.02949873 0.01885388 0.02995774 0.02951211 0.01913709 0.02995648 0.02951206 0.01913626 0.02995774 0.02951211 0.01913709 0.02995774 0.02951211 0.01913709 0.02952617 0.0294962 0.01885388 0.02995774 0.02950405 0.01913709 0.02974132 0.02950138 0.01899507 0.02995648 0.02950405 0.01913626 0.02974132 0.02950138 0.01899507 0.02974132 0.02950138 0.01899507 0.02995394 0.02950404 0.0191346 0.02952617 0.02949873 0.01885388 0.02974132 0.02950413 0.01899507 0.02974132 0.02950413 0.01899507 0.02974132 0.02950413 0.01899507 0.02995394 0.02951194 0.0191346 0.02974132 0.02950413 0.01899507 0.02995774 0.02951211 0.01913709 0.02952617 0.0294962 0.01885388 0.02995648 0.02951206 0.01913626 0.02957806 0.02949937 0.01888793 0.02955402 0.02949844 0.01887215 0.02957806 0.02949937 0.01888793 0.02955402 0.02949867 0.01887215 0.02955402 0.0294989 0.01887215 0.02957806 0.02949812 0.01888793 0.02955402 0.0294974 0.01887215 0.02957806 0.02949812 0.01888793 0.02955402 0.02949763 0.01887215 0.02957806 0.02949812 0.01888793 0.02955402 0.02949798 0.01887215 0.02955402 0.02949786 0.01887215 0.02866303 0.02946434 -0.01828745 0.02931102 0.02948239 -0.01871268 0.02866303 0.02944057 -0.01828745 0.02931102 0.0294863 -0.01871268 0.02995901 0.02951623 -0.01913792 0.030283 0.02952614 -0.01935054 0.030283 0.0295382 -0.01935054 0.02947301 0.02949063 -0.01881899 0.02947301 0.02949159 -0.01881899 0.02947301 0.02949255 -0.01881899 0.02947301 0.02949303 -0.01881899 0.02947301 0.029494 -0.01881899 0.030364 0.02952768 -0.0194037 0.030364 0.02954463 -0.0194037 0.02979701 0.02950697 -0.01903161 0.02987801 0.02951473 -0.01908477 0.02979701 0.02950955 -0.01903161 0.02987801 0.02950976 -0.01908477 0.02991851 0.02951101 -0.01911134 0.02991851 0.02951746 -0.01911134 0.02951351 0.02949293 -0.01884557 0.02951351 0.02949569 -0.01884557 0.03038425 0.02952801 -0.01941698 0.03038425 0.0295463 -0.01941698 0.02993876 0.02951886 -0.01912463 0.02993876 0.0295116 -0.01912463 0.02959451 0.02949817 -0.01889873 0.02961476 0.02949914 -0.01891201 0.02959451 0.02949812 -0.01889873 0.02959451 0.02949823 -0.01889873 0.02959451 0.02949833 -0.01889873 0.02959451 0.02949801 -0.01889873 0.02959451 0.02949839 -0.01889873 0.02961476 0.02949944 -0.01891201 0.02959451 0.02949841 -0.01889873 0.02959451 0.02949847 -0.01889873 0.02959451 0.02949833 -0.01889873 0.02961476 0.02949944 -0.01891201 0.02961476 0.02949914 -0.01891201 0.02959451 0.02949857 -0.01889873 0.02959451 0.02949796 -0.01889873 0.02959451 0.02949791 -0.01889873 0.02959451 0.02949863 -0.01889873 0.02959451 0.02949868 -0.01889873 0.02994888 0.02951957 -0.01913128 0.02994888 0.02951189 -0.01913128 0.02971601 0.02950327 -0.01897846 0.02972613 0.02950591 -0.0189851 0.02971601 0.02950527 -0.01897846 0.02972613 0.02950362 -0.0189851 0.02963501 0.02950027 -0.0189253 0.02965526 0.02950158 -0.01893859 0.02963501 0.0295003 -0.0189253 0.02963501 0.02950034 -0.0189253 0.02963501 0.02950023 -0.0189253 0.02965526 0.02950099 -0.01893859 0.02963501 0.02950027 -0.0189253 0.02965526 0.02950099 -0.01893859 0.02965526 0.02950158 -0.01893859 0.02963501 0.02950035 -0.0189253 0.02963501 0.02950022 -0.0189253 0.02961476 0.02949912 -0.01891201 0.02961476 0.02949946 -0.01891201 0.02952364 0.02949352 -0.01885222 0.02952364 0.02949609 -0.01885222 0.03038931 0.02954672 -0.01942031 0.03038931 0.02952809 -0.01942031 0.02995394 0.02951993 -0.0191346 0.02995394 0.02951203 -0.0191346 0.02973626 0.02950397 -0.01899175 0.02973626 0.02950656 -0.01899175 0.02967551 0.02950276 -0.01895188 0.02967045 0.02950251 -0.01894856 0.02967551 0.0295018 -0.01895188 0.02967045 0.02950251 -0.01894856 0.02967045 0.02950154 -0.01894856 0.02967045 0.02950154 -0.01894856 0.02962489 0.02949974 -0.01891866 0.02962489 0.02949984 -0.01891866 0.02995648 0.02952011 -0.01913626 0.02995648 0.0295121 -0.01913626 0.02973879 0.02950673 -0.01899341 0.02973879 0.02950406 -0.01899341 0.02973879 0.02950673 -0.01899341 0.02968057 0.02950315 -0.0189552 0.02973626 0.02950656 -0.01899175 0.02968057 0.02950315 -0.0189552 0.02972613 0.02950591 -0.0189851 0.02971601 0.02950527 -0.01897846 0.02967045 0.02950251 -0.01894856 0.02967045 0.02950154 -0.01894856 0.02968057 0.02950191 -0.0189552 0.02967551 0.0295018 -0.01895188 0.02968057 0.02950191 -0.0189552 0.02968057 0.02950315 -0.0189552 0.02968057 0.02950315 -0.0189552 0.02973626 0.02950397 -0.01899175 0.02973879 0.02950406 -0.01899341 0.02971601 0.02950327 -0.01897846 0.02972613 0.02950362 -0.0189851 0.02962995 0.02950004 -0.01892198 0.02962995 0.02950003 -0.01892198 0.02955402 0.02949578 -0.01887215 0.02952617 0.02949366 -0.01885388 0.02955402 0.02949601 -0.01887215 0.02955402 0.02949555 -0.01887215 0.02955402 0.02949624 -0.01887215 0.02955402 0.02949682 -0.01887215 0.02952617 0.02949619 -0.01885388 0.02955402 0.02949705 -0.01887215 0.02952617 0.02949619 -0.01885388 0.02955402 0.02949647 -0.01887215 0.02955402 0.02949647 -0.01887215 0.02952617 0.02949619 -0.01885388 0.02955402 0.02949659 -0.01887215 0.02955402 0.02949659 -0.01887215 0.02866303 0.02946434 -0.01828745 0.03039058 0.02954682 -0.01942114 0.03039058 0.02954682 -0.01942114 0.03039058 0.02952811 -0.01942114 0.03039058 0.02952811 -0.01942114 0.03125498 0.02956 -0.0199884 0.02866303 0.02946434 -0.01828745 0.02995774 0.02952019 -0.01913709 0.02995901 0.02951623 -0.01913792 0.02995774 0.02952019 -0.01913709 0.02995648 0.02952011 -0.01913626 0.02952617 0.02949366 -0.01885388 0.02995774 0.02951214 -0.01913709 0.02995648 0.0295121 -0.01913626 0.02995774 0.02951214 -0.01913709 0.02995774 0.02951214 -0.01913709 0.02952617 0.02949619 -0.01885388 0.02995774 0.02952019 -0.01913709 0.02974132 0.02950689 -0.01899507 0.02995648 0.02952011 -0.01913626 0.02974132 0.02950689 -0.01899507 0.02995394 0.02951993 -0.0191346 0.02974132 0.02950689 -0.01899507 0.02952617 0.02949366 -0.01885388 0.02974132 0.02950414 -0.01899507 0.02974132 0.02950414 -0.01899507 0.02995394 0.02951203 -0.0191346 0.02974132 0.02950414 -0.01899507 0.02974132 0.02950689 -0.01899507 0.02974132 0.02950414 -0.01899507 0.02995774 0.02951214 -0.01913709 0.02952617 0.02949619 -0.01885388 0.02995648 0.0295121 -0.01913626 0.02963248 0.0295002 -0.01892364 0.02963248 0.02950012 -0.01892364 0.02957806 0.02949686 -0.01888793 0.02957806 0.02949686 -0.01888793 0.02955402 0.02949601 -0.01887215 0.02957806 0.02949686 -0.01888793 0.02955402 0.02949578 -0.01887215 0.02955402 0.02949555 -0.01887215 0.02957806 0.02949811 -0.01888793 0.02955402 0.02949705 -0.01887215 0.02957806 0.02949811 -0.01888793 0.02955402 0.02949682 -0.01887215 0.02957806 0.02949811 -0.01888793 0.02955402 0.02949647 -0.01887215 0.02955402 0.02949659 -0.01887215 0.02866303 0.02955943 -0.01828745 0.02931102 0.0295137 -0.01871268 0.02866303 0.02953566 -0.01828745 0.02931102 0.02951762 -0.01871268 0.02995901 0.02948377 -0.01913792 0.030283 0.0294618 -0.01935054 0.030283 0.02947386 -0.01935054 0.02947301 0.029506 -0.01881899 0.02947301 0.02950697 -0.01881899 0.02947301 0.02950793 -0.01881899 0.02947301 0.02950841 -0.01881899 0.02947301 0.02950937 -0.01881899 0.030364 0.02945537 -0.0194037 0.030364 0.02947232 -0.0194037 0.02979701 0.02949045 -0.01903161 0.02987801 0.02949024 -0.01908477 0.02979701 0.02949303 -0.01903161 0.02987801 0.02948527 -0.01908477 0.02991851 0.02948254 -0.01911134 0.02991851 0.02948899 -0.01911134 0.02951351 0.02950431 -0.01884557 0.02951351 0.02950707 -0.01884557 0.03038425 0.0294537 -0.01941698 0.03038425 0.02947199 -0.01941698 0.02993876 0.0294884 -0.01912463 0.02993876 0.02948114 -0.01912463 0.02959451 0.02950159 -0.01889873 0.02961476 0.02950056 -0.01891201 0.02959451 0.02950153 -0.01889873 0.02959451 0.02950164 -0.01889873 0.02959451 0.02950175 -0.01889873 0.02959451 0.02950143 -0.01889873 0.02959451 0.0295018 -0.01889873 0.02961476 0.02950086 -0.01891201 0.02959451 0.02950183 -0.01889873 0.02959451 0.02950188 -0.01889873 0.02959451 0.02950175 -0.01889873 0.02961476 0.02950086 -0.01891201 0.02961476 0.02950056 -0.01891201 0.02959451 0.02950199 -0.01889873 0.02959451 0.02950137 -0.01889873 0.02959451 0.02950132 -0.01889873 0.02959451 0.02950204 -0.01889873 0.02959451 0.02950209 -0.01889873 0.02994888 0.02948811 -0.01913128 0.02994888 0.02948043 -0.01913128 0.02971601 0.02949473 -0.01897846 0.02972613 0.02949638 -0.0189851 0.02971601 0.02949673 -0.01897846 0.02972613 0.02949408 -0.0189851 0.02963501 0.0294997 -0.0189253 0.02965526 0.02949901 -0.01893859 0.02963501 0.02949973 -0.0189253 0.02963501 0.02949977 -0.0189253 0.02963501 0.02949966 -0.0189253 0.02965526 0.02949842 -0.01893859 0.02963501 0.0294997 -0.0189253 0.02965526 0.02949842 -0.01893859 0.02965526 0.02949901 -0.01893859 0.02963501 0.02949978 -0.0189253 0.02963501 0.02949965 -0.0189253 0.02961476 0.02950054 -0.01891201 0.02961476 0.02950088 -0.01891201 0.02952364 0.02950391 -0.01885222 0.02952364 0.02950648 -0.01885222 0.03038931 0.02947191 -0.01942031 0.03038931 0.02945328 -0.01942031 0.02995394 0.02948797 -0.0191346 0.02995394 0.02948007 -0.0191346 0.02973626 0.02949344 -0.01899175 0.02973626 0.02949603 -0.01899175 0.02967551 0.0294982 -0.01895188 0.02967045 0.02949846 -0.01894856 0.02967551 0.02949724 -0.01895188 0.02967045 0.02949846 -0.01894856 0.02967045 0.02949749 -0.01894856 0.02967045 0.02949749 -0.01894856 0.02962489 0.02950016 -0.01891866 0.02962489 0.02950026 -0.01891866 0.02995648 0.0294879 -0.01913626 0.02995648 0.02947989 -0.01913626 0.02973879 0.02949594 -0.01899341 0.02973879 0.02949327 -0.01899341 0.02973879 0.02949594 -0.01899341 0.02968057 0.02949809 -0.0189552 0.02973626 0.02949603 -0.01899175 0.02968057 0.02949809 -0.0189552 0.02972613 0.02949638 -0.0189851 0.02971601 0.02949673 -0.01897846 0.02967045 0.02949846 -0.01894856 0.02967045 0.02949749 -0.01894856 0.02968057 0.02949685 -0.0189552 0.02967551 0.02949724 -0.01895188 0.02968057 0.02949685 -0.0189552 0.02968057 0.02949809 -0.0189552 0.02968057 0.02949809 -0.0189552 0.02973626 0.02949344 -0.01899175 0.02973879 0.02949327 -0.01899341 0.02971601 0.02949473 -0.01897846 0.02972613 0.02949408 -0.0189851 0.02962995 0.02949997 -0.01892198 0.02962995 0.02949995 -0.01892198 0.02955402 0.02950318 -0.01887215 0.02952617 0.02950381 -0.01885388 0.02955402 0.02950341 -0.01887215 0.02955402 0.02950295 -0.01887215 0.02866303 0.02953566 -0.01828745 0.02955402 0.02950364 -0.01887215 0.02955402 0.02950422 -0.01887215 0.02952617 0.02950634 -0.01885388 0.02955402 0.02950445 -0.01887215 0.02952617 0.02950634 -0.01885388 0.02955402 0.02950387 -0.01887215 0.02955402 0.02950387 -0.01887215 0.02952617 0.02950634 -0.01885388 0.02955402 0.02950399 -0.01887215 0.02955402 0.02950399 -0.01887215 0.02866303 0.02953566 -0.01828745 0.03039058 0.02947189 -0.01942114 0.03125498 0.02944 -0.0199884 0.03039058 0.02947189 -0.01942114 0.03039058 0.02945318 -0.01942114 0.03039058 0.02945318 -0.01942114 0.02995774 0.02948786 -0.01913709 0.02995901 0.02948377 -0.01913792 0.02995774 0.02948786 -0.01913709 0.02995648 0.0294879 -0.01913626 0.02952617 0.02950381 -0.01885388 0.02995774 0.02948786 -0.01913709 0.02995774 0.02947981 -0.01913709 0.02995648 0.02947989 -0.01913626 0.02995774 0.02947981 -0.01913709 0.02952617 0.02950634 -0.01885388 0.02995774 0.02948786 -0.01913709 0.02974132 0.02949586 -0.01899507 0.02995648 0.0294879 -0.01913626 0.02974132 0.02949586 -0.01899507 0.02995394 0.02948797 -0.0191346 0.02974132 0.02949586 -0.01899507 0.02952617 0.02950381 -0.01885388 0.02974132 0.02949311 -0.01899507 0.02974132 0.02949311 -0.01899507 0.02995394 0.02948007 -0.0191346 0.02974132 0.02949311 -0.01899507 0.02974132 0.02949586 -0.01899507 0.02974132 0.02949311 -0.01899507 0.02995774 0.02947981 -0.01913709 0.02952617 0.02950634 -0.01885388 0.02995648 0.02947989 -0.01913626 0.02963248 0.02949988 -0.01892364 0.02963248 0.0294998 -0.01892364 0.02957806 0.02950189 -0.01888793 0.02957806 0.02950189 -0.01888793 0.02955402 0.02950341 -0.01887215 0.02957806 0.02950189 -0.01888793 0.02955402 0.02950318 -0.01887215 0.02955402 0.02950295 -0.01887215 0.02957806 0.02950314 -0.01888793 0.02955402 0.02950445 -0.01887215 0.02957806 0.02950314 -0.01888793 0.02955402 0.02950422 -0.01887215 0.02957806 0.02950314 -0.01888793 0.02955402 0.02950387 -0.01887215 0.02955402 0.02950399 -0.01887215 0.02866303 0.02948811 -0.01828745 0.02931102 0.02949021 -0.01871268 0.02931102 0.02949413 -0.01871268 0.02995901 0.02950811 -0.01913792 0.030283 0.02951005 -0.01935054 0.030283 0.02952212 -0.01935054 0.02947301 0.02949448 -0.01881899 0.02947301 0.02949543 -0.01881899 0.02947301 0.0294964 -0.01881899 0.02947301 0.02949688 -0.01881899 0.02947301 0.02949784 -0.01881899 0.030364 0.0295096 -0.0194037 0.030364 0.02952655 -0.0194037 0.02979701 0.02950284 -0.01903161 0.02987801 0.02950364 -0.01908477 0.02979701 0.02950542 -0.01903161 0.02987801 0.02950861 -0.01908477 0.02991851 0.02951034 -0.01911134 0.02991851 0.02950389 -0.01911134 0.02951351 0.02949578 -0.01884557 0.02951351 0.02949853 -0.01884557 0.03038425 0.02950943 -0.01941698 0.03038425 0.02952772 -0.01941698 0.02993876 0.02951124 -0.01912463 0.02993876 0.02950399 -0.01912463 0.02959451 0.02949903 -0.01889873 0.02961476 0.0294995 -0.01891201 0.02959451 0.02949897 -0.01889873 0.02959451 0.02949919 -0.01889873 0.02959451 0.02949908 -0.01889873 0.02959451 0.02949887 -0.01889873 0.02959451 0.02949924 -0.01889873 0.02961476 0.02949979 -0.01891201 0.02959451 0.02949927 -0.01889873 0.02959451 0.02949932 -0.01889873 0.02959451 0.02949919 -0.01889873 0.02961476 0.02949979 -0.01891201 0.02961476 0.0294995 -0.01891201 0.02959451 0.02949943 -0.01889873 0.02959451 0.02949876 -0.01889873 0.02959451 0.02949881 -0.01889873 0.02959451 0.02949948 -0.01889873 0.02959451 0.02949953 -0.01889873 0.02994888 0.02951171 -0.01913128 0.02994888 0.02950403 -0.01913128 0.02971601 0.02950113 -0.01897846 0.02972613 0.02950124 -0.0189851 0.02971601 0.02950314 -0.01897846 0.02972613 0.02950353 -0.0189851 0.02963501 0.02950012 -0.0189253 0.02965526 0.02950094 -0.01893859 0.02963501 0.02950016 -0.0189253 0.02963501 0.0295002 -0.0189253 0.02963501 0.02950009 -0.0189253 0.02965526 0.02950034 -0.01893859 0.02963501 0.02950012 -0.0189253 0.02965526 0.02950034 -0.01893859 0.02965526 0.02950094 -0.01893859 0.02963501 0.02950021 -0.0189253 0.02963501 0.02950008 -0.0189253 0.02961476 0.02949947 -0.01891201 0.02961476 0.02949981 -0.01891201 0.02952364 0.02949611 -0.01885222 0.02952364 0.02949869 -0.01885222 0.03038931 0.02952801 -0.01942031 0.03038931 0.02950939 -0.01942031 0.02995394 0.02951194 -0.0191346 0.02995394 0.02950404 -0.0191346 0.02973626 0.02950393 -0.01899175 0.02973626 0.02950134 -0.01899175 0.02967045 0.0295015 -0.01894856 0.02967045 0.02950053 -0.01894856 0.02967551 0.02950162 -0.01895188 0.02967045 0.02950053 -0.01894856 0.02967045 0.0295015 -0.01894856 0.02967551 0.02950066 -0.01895188 0.02962489 0.02949994 -0.01891866 0.02995648 0.02951206 -0.01913626 0.02995648 0.02950405 -0.01913626 0.02973879 0.02950136 -0.01899341 0.02973879 0.02950403 -0.01899341 0.02973626 0.02950393 -0.01899175 0.02968057 0.02950188 -0.0189552 0.02972613 0.02950353 -0.0189851 0.02967045 0.0295015 -0.01894856 0.02973879 0.02950403 -0.01899341 0.02971601 0.02950314 -0.01897846 0.02973626 0.02950134 -0.01899175 0.02968057 0.02950064 -0.0189552 0.02973879 0.02950136 -0.01899341 0.02967551 0.02950162 -0.01895188 0.02968057 0.02950064 -0.0189552 0.02968057 0.02950188 -0.0189552 0.02968057 0.02950064 -0.0189552 0.02972613 0.02950124 -0.0189851 0.02967045 0.02950053 -0.01894856 0.02968057 0.02950064 -0.0189552 0.02971601 0.02950113 -0.01897846 0.02962995 0.02950001 -0.01892198 0.02952617 0.0294962 -0.01885388 0.02866303 0.02946434 -0.01828745 0.02955402 0.02949763 -0.01887215 0.02955402 0.02949786 -0.01887215 0.02955402 0.0294974 -0.01887215 0.02955402 0.02949809 -0.01887215 0.02866303 0.02948811 -0.01828745 0.02952617 0.02949873 -0.01885388 0.02955402 0.02949867 -0.01887215 0.02955402 0.0294989 -0.01887215 0.02952617 0.02949873 -0.01885388 0.02955402 0.02949832 -0.01887215 0.02955402 0.02949832 -0.01887215 0.02952617 0.02949873 -0.01885388 0.02955402 0.02949844 -0.01887215 0.02955402 0.02949844 -0.01887215 0.03039058 0.02952809 -0.01942114 0.03039058 0.02952809 -0.01942114 0.03039058 0.02950937 -0.01942114 0.03125498 0.02952 -0.0199884 0.02866303 0.02948811 -0.01828745 0.03039058 0.02950937 -0.01942114 0.02995774 0.02951211 -0.01913709 0.02995901 0.02950811 -0.01913792 0.02995774 0.02951211 -0.01913709 0.02995648 0.02951206 -0.01913626 0.02952617 0.0294962 -0.01885388 0.02995774 0.02951211 -0.01913709 0.02995774 0.02950405 -0.01913709 0.02995648 0.02950405 -0.01913626 0.02995774 0.02950405 -0.01913709 0.02952617 0.02949873 -0.01885388 0.02995774 0.02951211 -0.01913709 0.02974132 0.02950413 -0.01899507 0.02995648 0.02951206 -0.01913626 0.02974132 0.02950413 -0.01899507 0.02974132 0.02950413 -0.01899507 0.02995394 0.02951194 -0.0191346 0.02952617 0.0294962 -0.01885388 0.02974132 0.02950138 -0.01899507 0.02974132 0.02950138 -0.01899507 0.02974132 0.02950138 -0.01899507 0.02995394 0.02950404 -0.0191346 0.02974132 0.02950138 -0.01899507 0.02995774 0.02950405 -0.01913709 0.02952617 0.02949873 -0.01885388 0.02995648 0.02950405 -0.01913626 0.02963248 0.02950004 -0.01892364 0.02957806 0.02949812 -0.01888793 0.02957806 0.02949812 -0.01888793 0.02955402 0.02949786 -0.01887215 0.02957806 0.02949812 -0.01888793 0.02955402 0.02949763 -0.01887215 0.02955402 0.0294974 -0.01887215 0.02957806 0.02949937 -0.01888793 0.02955402 0.0294989 -0.01887215 0.02957806 0.02949937 -0.01888793 0.02955402 0.02949867 -0.01887215 0.02957806 0.02949937 -0.01888793 0.02955402 0.02949832 -0.01887215 0.02955402 0.02949844 -0.01887215 0.02866303 0.02951189 -0.01828745 0.02931102 0.02949804 -0.01871268 0.02931102 0.02950196 -0.01871268 0.02995901 0.0295 -0.01913792 0.030283 0.02949397 -0.01935054 0.030283 0.02950603 -0.01935054 0.02947301 0.02949832 -0.01881899 0.02947301 0.02949928 -0.01881899 0.02947301 0.02949976 -0.01881899 0.02947301 0.02950072 -0.01881899 0.02947301 0.02950168 -0.01881899 0.030364 0.02949153 -0.0194037 0.030364 0.02950848 -0.0194037 0.02979701 0.02949871 -0.01903161 0.02987801 0.02949751 -0.01908477 0.02979701 0.02950129 -0.01903161 0.02987801 0.02950249 -0.01908477 0.02991851 0.02949677 -0.01911134 0.02991851 0.02950322 -0.01911134 0.02951351 0.02949862 -0.01884557 0.02951351 0.02950138 -0.01884557 0.03038425 0.02949086 -0.01941698 0.03038425 0.02950914 -0.01941698 0.02993876 0.02949637 -0.01912463 0.02993876 0.02950363 -0.01912463 0.02959451 0.02949988 -0.01889873 0.02961476 0.02949985 -0.01891201 0.02959451 0.02949983 -0.01889873 0.02959451 0.02949996 -0.01889873 0.02959451 0.02949991 -0.01889873 0.02959451 0.02949972 -0.01889873 0.02959451 0.02950007 -0.01889873 0.02961476 0.02950015 -0.01891201 0.02959451 0.02950012 -0.01889873 0.02959451 0.02950017 -0.01889873 0.02959451 0.02949996 -0.01889873 0.02961476 0.02950015 -0.01891201 0.02961476 0.02949985 -0.01891201 0.02959451 0.02950028 -0.01889873 0.02959451 0.02949967 -0.01889873 0.02959451 0.02949961 -0.01889873 0.02959451 0.02950033 -0.01889873 0.02959451 0.02950039 -0.01889873 0.02994888 0.02950384 -0.01913128 0.02994888 0.02949616 -0.01913128 0.02971601 0.029499 -0.01897846 0.02972613 0.02949885 -0.0189851 0.02971601 0.029501 -0.01897846 0.02972613 0.02950115 -0.0189851 0.02963501 0.02949998 -0.0189253 0.02965526 0.0295003 -0.01893859 0.02963501 0.02950002 -0.0189253 0.02963501 0.02950005 -0.0189253 0.02963501 0.02949995 -0.0189253 0.02965526 0.0294997 -0.01893859 0.02963501 0.02949998 -0.0189253 0.02965526 0.0294997 -0.01893859 0.02965526 0.0295003 -0.01893859 0.02963501 0.02950006 -0.0189253 0.02963501 0.02949994 -0.0189253 0.02961476 0.02949983 -0.01891201 0.02961476 0.02950017 -0.01891201 0.02952364 0.02949871 -0.01885222 0.02952364 0.02950129 -0.01885222 0.03038931 0.02949069 -0.01942031 0.03038931 0.02950931 -0.01942031 0.02995394 0.02950395 -0.0191346 0.02995394 0.02949605 -0.0191346 0.02973626 0.0295013 -0.01899175 0.02973626 0.0294987 -0.01899175 0.02967551 0.02950048 -0.01895188 0.02967045 0.02950049 -0.01894856 0.02967551 0.02949952 -0.01895188 0.02967045 0.02950049 -0.01894856 0.02967045 0.02949951 -0.01894856 0.02967045 0.02949951 -0.01894856 0.02962489 0.02949995 -0.01891866 0.02962489 0.02950005 -0.01891866 0.02995648 0.029504 -0.01913626 0.02995648 0.029496 -0.01913626 0.02973879 0.02949866 -0.01899341 0.02973879 0.02950134 -0.01899341 0.02973626 0.0295013 -0.01899175 0.02968057 0.02950062 -0.0189552 0.02972613 0.02950115 -0.0189851 0.02973879 0.02950134 -0.01899341 0.02967045 0.02950049 -0.01894856 0.02971601 0.029501 -0.01897846 0.02968057 0.02949938 -0.0189552 0.02967551 0.02950048 -0.01895188 0.02968057 0.02949938 -0.0189552 0.02968057 0.02950062 -0.0189552 0.02968057 0.02949938 -0.0189552 0.02971601 0.029499 -0.01897846 0.02968057 0.02949938 -0.0189552 0.02972613 0.02949885 -0.0189851 0.02973626 0.0294987 -0.01899175 0.02967045 0.02949951 -0.01894856 0.02973879 0.02949866 -0.01899341 0.02962995 0.02949999 -0.01892198 0.02955402 0.02949925 -0.01887215 0.02952617 0.02949874 -0.01885388 0.02955402 0.02949948 -0.01887215 0.02952617 0.02949874 -0.01885388 0.02866303 0.02948811 -0.01828745 0.02955402 0.02949971 -0.01887215 0.02952617 0.02949874 -0.01885388 0.02955402 0.02949971 -0.01887215 0.02952617 0.02949874 -0.01885388 0.02955402 0.02949983 -0.01887215 0.02955402 0.02949983 -0.01887215 0.02955402 0.02950006 -0.01887215 0.02955402 0.02950052 -0.01887215 0.02952617 0.02950126 -0.01885388 0.02955402 0.02950075 -0.01887215 0.02952617 0.02949874 -0.01885388 0.02952617 0.02950126 -0.01885388 0.02866303 0.02951189 -0.01828745 0.02952617 0.02950126 -0.01885388 0.02952364 0.02950129 -0.01885222 0.02952364 0.02950129 -0.01885222 0.02955402 0.02950029 -0.01887215 0.03039058 0.02950936 -0.01942114 0.03039058 0.02950936 -0.01942114 0.03039058 0.02949064 -0.01942114 0.03125498 0.02948 -0.0199884 0.02866303 0.02951189 -0.01828745 0.03039058 0.02949064 -0.01942114 0.02995774 0.02950403 -0.01913709 0.02995901 0.0295 -0.01913792 0.02995774 0.02950403 -0.01913709 0.02995648 0.029504 -0.01913626 0.02995774 0.02950403 -0.01913709 0.02952617 0.02949874 -0.01885388 0.02995774 0.02950403 -0.01913709 0.02995774 0.02949597 -0.01913709 0.02995648 0.029496 -0.01913626 0.02995774 0.02949597 -0.01913709 0.02995774 0.02949597 -0.01913709 0.02995774 0.02949597 -0.01913709 0.02952617 0.02950126 -0.01885388 0.02952617 0.02949874 -0.01885388 0.02974132 0.02950137 -0.01899507 0.02995774 0.02950403 -0.01913709 0.02974132 0.02950137 -0.01899507 0.02974132 0.02950137 -0.01899507 0.02995394 0.02950395 -0.0191346 0.02974132 0.02950137 -0.01899507 0.02995774 0.02950403 -0.01913709 0.02974132 0.02950137 -0.01899507 0.02995648 0.029504 -0.01913626 0.02974132 0.02949863 -0.01899507 0.02974132 0.02949863 -0.01899507 0.02974132 0.02949863 -0.01899507 0.02974132 0.02949863 -0.01899507 0.02995648 0.029496 -0.01913626 0.02974132 0.02949863 -0.01899507 0.02995774 0.02949597 -0.01913709 0.02995774 0.02949597 -0.01913709 0.02952617 0.02950126 -0.01885388 0.02974132 0.02950137 -0.01899507 0.02995394 0.02949605 -0.0191346 0.02974132 0.02949863 -0.01899507 0.02963248 0.02949996 -0.01892364 0.02957806 0.02949937 -0.01888793 0.02955402 0.02949948 -0.01887215 0.02957806 0.02949937 -0.01888793 0.02955402 0.02949925 -0.01887215 0.02955402 0.02949971 -0.01887215 0.02955402 0.02949983 -0.01887215 0.02957806 0.02950063 -0.01888793 0.02955402 0.02950075 -0.01887215 0.02957806 0.02950063 -0.01888793 0.02955402 0.02950052 -0.01887215 0.02957806 0.02950063 -0.01888793 0.02955402 0.02950029 -0.01887215 0.02931102 0.02950587 -0.01871268 0.02931102 0.02950979 -0.01871268 0.02995901 0.02949189 -0.01913792 0.030283 0.02947788 -0.01935054 0.030283 0.02948995 -0.01935054 0.02947301 0.02950216 -0.01881899 0.02947301 0.02950312 -0.01881899 0.02947301 0.02950408 -0.01881899 0.02947301 0.02950456 -0.01881899 0.02947301 0.02950552 -0.01881899 0.030364 0.02947345 -0.0194037 0.030364 0.0294904 -0.0194037 0.02979701 0.02949458 -0.01903161 0.02987801 0.02949139 -0.01908477 0.02979701 0.02949716 -0.01903161 0.02987801 0.02949636 -0.01908477 0.02991851 0.02949611 -0.01911134 0.02991851 0.02948966 -0.01911134 0.02951351 0.02950147 -0.01884557 0.02951351 0.02950422 -0.01884557 0.03038425 0.02947228 -0.01941698 0.03038425 0.02949057 -0.01941698 0.02993876 0.02949601 -0.01912463 0.02993876 0.02948875 -0.01912463 0.02959451 0.02950073 -0.01889873 0.02961476 0.02950021 -0.01891201 0.02959451 0.02950068 -0.01889873 0.02959451 0.02950089 -0.01889873 0.02959451 0.02950079 -0.01889873 0.02959451 0.02950057 -0.01889873 0.02959451 0.02950095 -0.01889873 0.02961476 0.0295005 -0.01891201 0.02959451 0.02950097 -0.01889873 0.02959451 0.02950103 -0.01889873 0.02959451 0.02950089 -0.01889873 0.02961476 0.0295005 -0.01891201 0.02961476 0.02950021 -0.01891201 0.02959451 0.02950113 -0.01889873 0.02959451 0.02950047 -0.01889873 0.02959451 0.02950052 -0.01889873 0.02959451 0.02950119 -0.01889873 0.02959451 0.02950124 -0.01889873 0.02994888 0.02949598 -0.01913128 0.02994888 0.0294883 -0.01913128 0.02971601 0.02949686 -0.01897846 0.02972613 0.02949647 -0.0189851 0.02971601 0.02949887 -0.01897846 0.02972613 0.02949876 -0.0189851 0.02963501 0.02949984 -0.0189253 0.02965526 0.02949966 -0.01893859 0.02963501 0.02949988 -0.0189253 0.02963501 0.02949991 -0.0189253 0.02963501 0.0294998 -0.0189253 0.02965526 0.02949906 -0.01893859 0.02963501 0.02949984 -0.0189253 0.02965526 0.02949906 -0.01893859 0.02965526 0.02949966 -0.01893859 0.02963501 0.02949992 -0.0189253 0.02963501 0.02949979 -0.0189253 0.02961476 0.02950019 -0.01891201 0.02961476 0.02950053 -0.01891201 0.02952364 0.02950131 -0.01885222 0.02952364 0.02950389 -0.01885222 0.03038931 0.02949061 -0.01942031 0.03038931 0.02947198 -0.01942031 0.02995394 0.02949596 -0.0191346 0.02995394 0.02948806 -0.0191346 0.02973626 0.02949866 -0.01899175 0.02973626 0.02949607 -0.01899175 0.02967045 0.02949947 -0.01894856 0.02967045 0.0294985 -0.01894856 0.02967551 0.02949934 -0.01895188 0.02967045 0.0294985 -0.01894856 0.02967045 0.02949947 -0.01894856 0.02967551 0.02949838 -0.01895188 0.02962489 0.02950006 -0.01891866 0.02995648 0.02949595 -0.01913626 0.02995648 0.02948795 -0.01913626 0.02973879 0.02949597 -0.01899341 0.02973879 0.02949864 -0.01899341 0.02973626 0.02949866 -0.01899175 0.02968057 0.02949936 -0.0189552 0.02972613 0.02949876 -0.0189851 0.02967045 0.02949947 -0.01894856 0.02973879 0.02949864 -0.01899341 0.02971601 0.02949887 -0.01897846 0.02973626 0.02949607 -0.01899175 0.02968057 0.02949812 -0.0189552 0.02973879 0.02949597 -0.01899341 0.02967551 0.02949934 -0.01895188 0.02968057 0.02949812 -0.0189552 0.02968057 0.02949936 -0.0189552 0.02968057 0.02949812 -0.0189552 0.02972613 0.02949647 -0.0189851 0.02967045 0.0294985 -0.01894856 0.02968057 0.02949812 -0.0189552 0.02971601 0.02949686 -0.01897846 0.02952364 0.02950131 -0.01885222 0.02952617 0.02950127 -0.01885388 0.02866303 0.02951189 -0.01828745 0.02955402 0.02950133 -0.01887215 0.02952617 0.02950127 -0.01885388 0.02955402 0.02950156 -0.01887215 0.02955402 0.0295011 -0.01887215 0.02955402 0.02950179 -0.01887215 0.02866303 0.02953566 -0.01828745 0.02952617 0.0295038 -0.01885388 0.02955402 0.02950237 -0.01887215 0.02955402 0.0295026 -0.01887215 0.02952617 0.02950127 -0.01885388 0.02952617 0.0295038 -0.01885388 0.02952364 0.02950131 -0.01885222 0.02955402 0.02950202 -0.01887215 0.02955402 0.02950202 -0.01887215 0.02952617 0.0295038 -0.01885388 0.02955402 0.02950214 -0.01887215 0.02955402 0.02950214 -0.01887215 0.03039058 0.02949063 -0.01942114 0.03039058 0.02949063 -0.01942114 0.03039058 0.02947191 -0.01942114 0.03039058 0.02947191 -0.01942114 0.02995774 0.02949595 -0.01913709 0.02995901 0.02949189 -0.01913792 0.02995774 0.02949595 -0.01913709 0.02995648 0.02949595 -0.01913626 0.02952617 0.02950127 -0.01885388 0.02995774 0.02948789 -0.01913709 0.02995774 0.02948789 -0.01913709 0.02995648 0.02948795 -0.01913626 0.02995774 0.02948789 -0.01913709 0.02995774 0.02948789 -0.01913709 0.02952617 0.0295038 -0.01885388 0.02995774 0.02949595 -0.01913709 0.02974132 0.02949861 -0.01899507 0.02995648 0.02949595 -0.01913626 0.02974132 0.02949861 -0.01899507 0.02974132 0.02949861 -0.01899507 0.02995394 0.02949596 -0.0191346 0.02952617 0.02950127 -0.01885388 0.02974132 0.02949587 -0.01899507 0.02974132 0.02949587 -0.01899507 0.02974132 0.02949587 -0.01899507 0.02995394 0.02948806 -0.0191346 0.02974132 0.02949587 -0.01899507 0.02995774 0.02948789 -0.01913709 0.02952617 0.0295038 -0.01885388 0.02995648 0.02948795 -0.01913626 0.02995774 0.02948789 -0.01913709 0.02957806 0.02950063 -0.01888793 0.02955402 0.02950156 -0.01887215 0.02957806 0.02950063 -0.01888793 0.02955402 0.02950133 -0.01887215 0.02955402 0.0295011 -0.01887215 0.02957806 0.02950188 -0.01888793 0.02955402 0.0295026 -0.01887215 0.02957806 0.02950188 -0.01888793 0.02955402 0.02950237 -0.01887215 0.02957806 0.02950188 -0.01888793 0.02955402 0.02950202 -0.01887215 0.02955402 0.02950214 -0.01887215</float_array>
          <technique_common>
            <accessor count="1969" source="#verts-array-array" stride="3">
              <param type="float" name="X"/>
              <param type="float" name="Y"/>
              <param type="float" name="Z"/>
            </accessor>
          </technique_common>
        </source>
        <source id="normals-array">
          <float_array count="5907" id="normals-array-array">-0.1009435 0.9941779 0.03769166 -0.1084115 0.9927627 0.0516646 -0.06011165 0.9979402 -0.02240367 -0.06046833 0.9979209 -0.02230514 -0.230122 0.9448872 0.2328776 -0.2491731 0.9319941 0.2632485 -0.8242592 -0.3274246 -0.4619415 -0.8220929 -0.3771947 -0.4264826 -0.821677 -0.3489608 -0.4506365 -0.8307215 -0.3390638 -0.4415172 -0.8276788 -0.3604455 -0.4301474 -0.8281048 -0.3779293 -0.4140192 -0.8415671 -0.3744584 -0.3892888 -0.843197 -0.401662 -0.3573323 -0.8765488 -0.3541844 -0.3259075 -0.8768891 -0.38977 -0.2813269 -0.9017508 -0.3619715 -0.2362672 -0.9020814 -0.3821493 -0.2005271 -0.9185564 -0.3683619 -0.1434006 -0.9189884 -0.3757477 -0.1194738 -0.9271075 -0.370287 -0.05795982 -0.9275763 -0.3700943 -0.0513062 -0.9282986 -0.3718356 -5.497594e-19 -0.9284832 -0.3713744 0 -0.06312128 0.9978701 -0.01645909 -0.06337387 0.9978558 -0.01635931 -0.3219969 0.8689516 0.3758207 -0.3814553 0.7962054 0.4696263 -0.397936 0.7710155 0.497174 -0.06523437 0.9978191 -0.01007512 -0.0653785 0.9978104 -0.01000018 -0.06634271 0.9977911 -0.003405015 -0.06638395 0.9977883 -0.003403114 -0.06661202 0.997779 0 -0.06634271 0.9977911 0.003405015 -0.06638395 0.9977883 0.003403114 -0.9275763 -0.3700943 0.0513062 -0.9271075 -0.370287 0.05795982 -0.9189884 -0.3757477 0.1194738 -0.9185564 -0.3683619 0.1434006 -0.9020814 -0.3821493 0.2005271 -0.9017508 -0.3619715 0.2362672 -0.8768891 -0.38977 0.2813269 -0.8765488 -0.3541844 0.3259075 -0.843197 -0.401662 0.3573323 -0.8415671 -0.3744584 0.3892888 -0.8281048 -0.3779293 0.4140192 -0.8220929 -0.3771947 0.4264826 -0.8276788 -0.3604455 0.4301474 -0.8307215 -0.3390638 0.4415172 -0.821677 -0.3489608 0.4506365 -0.8242592 -0.3274246 0.4619415 0.05376084 -0.9985503 0.002649013 0.05393431 -0.9985445 0 0.05372863 -0.998552 0.002653047 0.05372863 -0.998552 -0.002653047 0.05376084 -0.9985503 -0.002649013 0.05298655 -0.9985649 0.007781499 0.05287092 -0.9985705 0.007849301 0.05144062 -0.9985948 0.01273558 0.05123674 -0.9986041 0.01282803 0.04919898 -0.9986378 0.01737614 0.04890962 -0.9986504 0.0174722 0.08855211 -0.9951311 -0.04327276 0.09630625 -0.9936714 -0.05781188 0.2136706 -0.9474535 -0.2380687 0.232652 -0.9344103 -0.2697229 0.3632909 -0.8004211 -0.476808 0.3040281 -0.8725351 -0.3824257 0.3801421 -0.7743034 -0.5059113 -0.7837643 -0.3848103 -0.4874778 -0.8088297 -0.3191632 -0.4938921 -0.7919008 -0.3705124 -0.4854006 -0.7935473 -0.3749951 -0.4792299 -0.8044036 -0.3487242 -0.480964 -0.8232136 -0.3145787 -0.4726094 -0.8288559 -0.3132346 -0.4635537 -0.4878885 0.5815501 0.6509718 -0.5014393 0.5403143 0.675736 -0.0653785 0.9978104 0.01000018 -0.06523437 0.9978191 0.01007512 -0.06337387 0.9978558 0.01635931 -0.06312128 0.9978701 0.01645909 -0.06046833 0.9979209 0.02230514 -0.06011165 0.9979402 0.02240367 -0.1009435 0.9941779 -0.03769166 -0.1084115 0.9927627 -0.0516646 -0.2491731 0.9319941 -0.2632485 -0.230122 0.9448872 -0.2328776 -0.3219969 0.8689516 -0.3758207 -0.397936 0.7710155 -0.497174 -0.3814553 0.7962054 -0.4696263 -0.8288559 -0.3132346 0.4635537 -0.8044036 -0.3487242 0.480964 -0.8088297 -0.3191632 0.4938921 -0.7935473 -0.3749951 0.4792299 -0.7919008 -0.3705124 0.4854006 -0.7837643 -0.3848103 0.4874778 -0.8232136 -0.3145787 0.4726094 0.2136706 -0.9474535 0.2380687 0.3040281 -0.8725351 0.3824257 0.232652 -0.9344103 0.2697229 0.3801421 -0.7743034 0.5059113 0.3632909 -0.8004211 0.476808 0.09630625 -0.9936714 0.05781188 0.08855211 -0.9951311 0.04327276 0.04919898 -0.9986378 -0.01737614 0.04890962 -0.9986504 -0.0174722 0.05144062 -0.9985948 -0.01273558 0.05123674 -0.9986041 -0.01282803 0.05298655 -0.9985649 -0.007781499 0.05287092 -0.9985705 -0.007849301 0.4680843 -0.5920926 -0.6559904 0.430209 -0.6834398 -0.5897713 0.4847845 -0.5414415 -0.6868953 -0.5296791 0.4315984 0.73018 -0.5477667 0.3278932 0.7696997 -0.5546844 0.2741886 0.7855863 -0.8230971 -0.1949355 -0.5333961 -0.762971 -0.4237081 -0.4882075 -0.8212314 -0.2160349 -0.5281173 -0.8242395 -0.2171072 -0.5229663 -0.8120603 -0.2784754 -0.5128446 -0.7758411 -0.4222073 -0.4688407 -0.4878885 0.5815501 -0.6509718 -0.5014393 0.5403143 -0.675736 0.430209 -0.6834398 0.5897713 0.4847845 -0.5414415 0.6868953 0.4680843 -0.5920926 0.6559904 -0.5296791 0.4315984 -0.73018 -0.5546844 0.2741886 -0.7855863 -0.5477667 0.3278932 -0.7696997 -0.8120603 -0.2784754 0.5128446 -0.762971 -0.4237081 0.4882075 -0.8242395 -0.2171072 0.5229663 -0.8212314 -0.2160349 0.5281173 -0.8230971 -0.1949355 0.5333961 -0.7758411 -0.4222073 0.4688407 0.5370068 -0.2939224 -0.790717 0.5132464 -0.4333001 -0.74083 0.5388255 -0.2790069 -0.7948725 -0.5630493 0.1523006 0.8122684 -0.5638826 0.07340944 0.8225858 -0.5639473 0.07527271 0.822373 -0.855723 -0.0002444632 -0.5174342 -0.8713271 0.001190738 -0.4907012 -0.8685038 -0.005306439 -0.4956542 -0.8865735 -0.000309136 -0.4625877 -0.8930861 0.00535124 -0.4498539 -0.9069457 0.002214369 -0.4212417 -0.8544178 0.005839026 -0.5195537 -0.8447674 0.001506627 -0.5351315 -0.9200523 0.04350356 -0.3893729 -0.8430827 0.002480455 -0.5377782 -0.8394672 0.0006216464 -0.54341 -0.9363308 -0.02432568 -0.3502754 -0.8388211 0 -0.5444072 -0.8414366 0.0005036286 -0.5403556 -0.8388211 0 -0.5444072 -0.8410973 0 -0.5408838 -0.8410973 0 -0.5408838 -0.8435094 3.356948e-08 -0.5371144 -0.8388211 0 -0.5444072 -0.8410973 0 -0.5408838 -0.8410973 0 -0.5408838 -0.8394515 -0.0004563898 -0.5434345 -0.8414337 -0.0005004538 -0.5403602 -0.8388211 0 -0.5444072 -0.9521969 0.02743315 -0.3042506 -0.8446321 0.0006305869 -0.5353468 -0.9667604 -0.013822 -0.2553102 -0.9763478 0.01639618 -0.2155831 -0.9877784 -0.004817649 -0.1557905 -0.9918001 0.006828844 -0.1276166 -0.9980227 -0.001573324 -0.06283491 -0.9984871 -0.00157781 -0.05496311 -0.9999999 0.0005441601 1.105748e-18 -1 0 0 0.5132464 -0.4333001 0.74083 0.5388255 -0.2790069 0.7948725 0.5370068 -0.2939224 0.790717 -0.5630493 0.1523006 -0.8122684 -0.5639473 0.07527271 -0.822373 -0.5638826 0.07340944 -0.8225858 -0.9984871 -0.00157781 0.05496311 -0.9980227 -0.001573324 0.06283491 -0.9918001 0.006828844 0.1276166 -0.9877784 -0.004817649 0.1557905 -0.9763478 0.01639618 0.2155831 -0.9667604 -0.013822 0.2553102 -0.9521969 0.02743315 0.3042506 -0.9363308 -0.02432568 0.3502754 -0.9200523 0.04350356 0.3893729 -0.9069457 0.002214369 0.4212417 -0.8930861 0.00535124 0.4498539 -0.8865735 -0.000309136 0.4625877 -0.8713271 0.001190738 0.4907012 -0.8685038 -0.005306439 0.4956542 -0.8544178 0.005839026 0.5195537 -0.855723 -0.0002444632 0.5174342 -0.8430827 0.002480455 0.5377782 -0.8447674 0.001506627 0.5351315 -0.8435094 3.356948e-08 0.5371144 -0.8414366 0.0005036286 0.5403556 -0.8394672 0.0006216464 0.54341 -0.8388211 0 0.5444072 -0.8410973 0 0.5408838 -0.8388211 0 0.5444072 -0.8410973 0 0.5408838 -0.8414337 -0.0005004538 0.5403602 -0.8388211 0 0.5444072 -0.8410973 0 0.5408838 -0.8410973 0 0.5408838 -0.8388211 0 0.5444072 -0.8394515 -0.0004563898 0.5434345 -0.8446321 0.0006305869 0.5353468 0.5486527 -0.1553579 -0.821489 0.5554122 0.0005193928 -0.8315751 0.5503354 -0.07930269 -0.8311691 -0.561561 0 0.8274353 -0.561561 0 0.8274353 -0.06210034 -0.9980248 -0.009490106 -0.06303925 -0.9980058 -0.003226726 -0.06300169 -0.9980082 -0.003229362 -0.06197156 -0.9980321 -0.009561952 -0.06022953 -0.9980637 -0.01553491 -0.06000323 -0.9980758 -0.01563207 -0.05751383 -0.9981196 -0.02119978 -0.05719266 -0.998136 -0.02129771 -0.09619475 -0.9946897 0.03659286 -0.1007026 -0.9938413 0.0462432 -0.2261188 -0.9448427 0.2369444 -0.223922 -0.9474115 0.2286272 -0.3721422 -0.8040955 0.4636168 -0.3740311 -0.8036092 0.4629395 -0.4836691 -0.5879693 0.6483489 -0.4862463 -0.5824939 0.6513566 -0.5493817 -0.3135447 0.7745124 -0.5508492 -0.3033453 0.7775261 -0.5639398 -0.08150292 0.8217842 -0.5639024 -0.07532437 0.8223991 -0.561561 0 0.8274353 -0.561561 0 0.8274353 -0.561561 0 0.8274353 -0.561561 0 0.8274353 -0.561561 0 0.8274353 -0.561561 0 0.8274353 0.5355802 0.3045194 -0.7876686 0.5343927 0.3125237 -0.7853365 0.5503286 0.08093282 -0.8310164 0.548608 0.1563777 -0.8213253 0.4681226 0.5874657 -0.66011 0.4699985 0.5838376 -0.6619933 0.3573577 0.8042883 -0.4747798 0.3581144 0.8052616 -0.4725546 0.2132546 0.9455239 -0.2459818 0.2097343 0.948883 -0.2358655 0.08983819 0.9945669 -0.05259051 0.08486237 0.9954971 -0.04223593 0.04699625 0.9987573 0.01658685 0.04673405 0.9987681 0.01668133 0.04910209 0.9987199 0.01214809 0.04891757 0.9987279 0.01223682 0.05055421 0.9986938 0.00741955 0.05044934 0.9986986 0.007483434 0.05128215 0.998681 0.002521234 0.05125138 0.9986826 0.002527152 0.05128215 0.998681 -0.002521234 0.05144427 0.9986759 0 0.05125138 0.9986826 -0.002527152 -0.06325242 -0.9979976 0 -0.06303925 -0.9980058 0.003226726 -0.06300169 -0.9980082 0.003229362 0.5503354 -0.07930269 0.8311691 0.5554122 0.0005193928 0.8315751 0.5486527 -0.1553579 0.821489 -0.561561 0 -0.8274353 -0.561561 0 -0.8274353 0.05055421 0.9986938 -0.00741955 0.05044934 0.9986986 -0.007483434 0.04910209 0.9987199 -0.01214809 0.04891757 0.9987279 -0.01223682 0.04699625 0.9987573 -0.01658685 0.04673405 0.9987681 -0.01668133 0.08486237 0.9954971 0.04223593 0.08983819 0.9945669 0.05259051 0.2097343 0.948883 0.2358655 0.2132546 0.9455239 0.2459818 0.3581144 0.8052616 0.4725546 0.3573577 0.8042883 0.4747798 0.4699985 0.5838376 0.6619933 0.4681226 0.5874657 0.66011 0.5355802 0.3045194 0.7876686 0.5343927 0.3125237 0.7853365 0.548608 0.1563777 0.8213253 0.5503286 0.08093282 0.8310164 -0.561561 0 -0.8274353 -0.561561 0 -0.8274353 -0.561561 0 -0.8274353 -0.561561 0 -0.8274353 -0.561561 0 -0.8274353 -0.561561 0 -0.8274353 -0.5639398 -0.08150292 -0.8217842 -0.5639024 -0.07532437 -0.8223991 -0.5508492 -0.3033453 -0.7775261 -0.5493817 -0.3135447 -0.7745124 -0.4862463 -0.5824939 -0.6513566 -0.4836691 -0.5879693 -0.6483489 -0.3740311 -0.8036092 -0.4629395 -0.3721422 -0.8040955 -0.4636168 -0.223922 -0.9474115 -0.2286272 -0.2261188 -0.9448427 -0.2369444 -0.09619475 -0.9946897 -0.03659286 -0.1007026 -0.9938413 -0.0462432 -0.05719266 -0.998136 0.02129771 -0.05751383 -0.9981196 0.02119978 -0.06000323 -0.9980758 0.01563207 -0.06022953 -0.9980637 0.01553491 -0.06197156 -0.9980321 0.009561952 -0.06210034 -0.9980248 0.009490106 -0.5486452 5.145286e-06 0.8360553 -0.5486251 -0.001039316 0.8360678 -0.548645 -2.725555e-10 0.8360555 -0.5486962 0.001036458 0.8360211 0.548389 -1.323554e-05 -0.8362233 0.5486214 0.001054089 -0.8360703 0.5486934 -0.001052388 -0.836023 -0.548516 -0.005414595 0.8361225 -0.5486762 0 0.836035 -0.5486762 0 0.836035 -0.5486762 0 0.836035 -0.5488921 0.005512236 0.835875 0.5489247 -0.00819591 -0.8358316 0.5483589 0.008381657 -0.8362011 0.5484595 0.004431855 -0.8361654 0.5483915 0.007716047 -0.8361861 0.5487619 -0.004383753 -0.8359672 0.5489256 -0.007854332 -0.8358343 0.5483465 0.006347593 -0.8362271 0.548778 -0.00622226 -0.8359449 -0.5467775 -0.04913329 0.8358351 -0.5499815 0.03980177 0.8342279 0.5470417 0.03489178 -0.8363779 0.5494303 -0.03570125 -0.8347765 0.5493446 -0.03459316 -0.8348795 0.5470136 0.03387518 -0.836438 -0.5486125 0 0.8360767 -0.5486281 0 0.8360665 -0.5486125 0 0.8360767 -0.5486125 0 0.8360767 -0.5486111 0 0.8360777 -0.5486125 0 0.8360767 -0.5486125 0 0.8360767 -0.5486316 0 0.8360642 -0.5486125 0 0.8360767 -0.5486125 0 0.8360767 -0.5487313 0 0.8359988 -0.5484363 0 0.8361923 -0.5484363 0 0.8361923 -0.5486125 0 0.8360767 -0.5486125 0 0.8360767 -0.5491216 0.06406752 0.8332832 -0.5486125 0 0.8360767 -0.5449977 -0.06046605 0.8362544 0.5485296 0.005437133 -0.8361135 0.5488796 -0.005095239 -0.8358859 0.5486151 0 -0.8360751 0.5486675 0 -0.8360407 0.548619 0 -0.8360725 0.5486741 0 -0.8360363 0.5486115 3.397642e-05 -0.8360774 0.5488839 -0.007870498 -0.8358616 0.5486165 -3.38645e-05 -0.8360741 0.5486137 0 -0.8360759 0.5486169 0 -0.8360739 0.5474391 0.02537291 -0.8364608 0.5487052 0 -0.8360159 0.5487031 0 -0.8360173 0.5487032 0 -0.8360172 0.5492212 -0.06960877 -0.8327729 0.5487052 0 -0.8360159 -0.5405153 -0.1307194 0.8311171 -0.5420775 0.2479665 0.8029101 -0.5491596 0.02575511 0.8353205 -0.548285 -0.00872112 0.8362461 0.5464336 0.05201088 -0.8358858 0.5501464 -0.07030151 -0.8321037 0.5482734 -0.0005373046 -0.836299 0.5482242 0.0005131723 -0.8363313 0.5486827 0 -0.8360306 0.5486887 0 -0.8360267 0.5486569 -0.001781626 -0.8360457 0.5485757 0 -0.8361009 0.5485228 0.001994946 -0.8361333 0.5487012 0 -0.8360185 0.5487012 0 -0.8360185 0.5485757 0 -0.8361009 -0.5467283 -0.04887512 0.8358824 -0.550164 0.0538721 0.8333171 0.5468476 0.001890003 -0.83723 0.5469778 -0.001890322 -0.837145 0.5486484 0 -0.8360532 0.5486523 0 -0.8360507 0.5489455 -0.0117551 -0.8357755 0.5489408 -0.01152679 -0.8357818 0.5364154 0.1689969 -0.8268606 0.5486497 0 -0.8360523 0.5491891 -0.0664116 -0.8330551 0.5462625 0.0571521 -0.835662 0.5417446 0.1182831 -0.832179 0.5500843 -0.04696357 -0.8337875 0.5473515 0.0264351 -0.8364852 0.5486497 0 -0.8360523 0.5486721 0 -0.8360376 0.5486497 0 -0.8360523 0.5486929 0 -0.836024 0.5496363 -0.02687959 -0.8349715 0.5468411 0.03495721 -0.8365063 0.5502228 -0.06150848 -0.8327494 0.5455004 0.05496139 -0.8363065 0.5492123 -0.02268969 -0.8353748 0.5504028 -0.08689373 -0.8303651 -0.5484903 0 0.8361569 -0.5491411 0.0612545 0.8334818 -0.5484903 0 0.8361569 -0.5479457 -0.02008597 0.8362728 -0.549252 0.05159136 0.8340627 -0.5486286 0 0.8360662 -0.5484903 0 0.8361569 -0.5193341 -0.2557517 0.8154037 -0.5493066 0.01937673 0.8353962 -0.5484903 0 0.8361569 -0.5484903 0 0.8361569 -0.548633 0 0.8360633 -0.5484903 0 0.8361569 -0.5486242 0 0.8360691 -0.5484903 0 0.8361569 0.5486526 -2.858311e-07 -0.8360504 0.5475471 -0.1154129 -0.8287775 0.5486549 9.927226e-13 -0.8360489 -0.5476845 0.1223003 0.8276982 -0.4901981 -0.3831391 0.7828858 0.5393116 0.1182671 -0.8337601 0.5486699 -0.0006012767 -0.8360388 0.5506863 5.286412e-05 -0.8347123 0.5507384 -0.001520677 -0.8346765 0.550663 0.0007584709 -0.8347273 0.5447227 -0.1745803 -0.8202432 0.5447227 -0.1745803 -0.8202432 0.5335648 0.1683384 -0.828837 0.5507133 -0.0006329642 -0.8346942 0.5506364 0.001523199 -0.8347438 0.5233055 0.2340724 -0.8193665 0.472191 -0.5503901 -0.6885539 -0.2840784 0.8788106 0.3833945 0.4719999 -0.5509579 -0.6882307 0.5222601 0.2643394 -0.810783 0.5222601 0.2643394 -0.810783 0.5485886 -4.892841e-05 -0.8360924 0.4398701 -0.6355119 -0.6345383 0.5485853 4.641835e-05 -0.8360946 0.5487236 0 -0.8360038 0.540252 -0.2658366 -0.7984101 0.540252 -0.2658366 -0.7984101 0.5487236 0 -0.8360038 -0.5075965 -0.3128119 0.8028042 0.276015 0.8223104 -0.4976156 -0.5464838 0.1944846 0.8145742 0.277754 0.8202326 -0.5000711 0.5300764 0.2326977 -0.8153961 -0.3010523 0.8760676 0.3766605 0.5487354 -0.08921703 -0.8312218 -0.5487762 -5.729918e-05 0.8359693 -0.5487668 0 0.8359755 -0.5487668 0 0.8359755 -0.5487668 0 0.8359755 -0.5487668 0 0.8359755 -0.5494644 0.02296276 0.8352015 -0.5487668 0 0.8359755 -0.5487668 0 0.8359755 -0.5487668 0 0.8359755 -0.5487796 5.721873e-05 0.8359671 -0.5487668 0 0.8359755 -0.5487668 0 0.8359755 -0.548645 2.758972e-10 0.8360555 -0.5486966 -0.001043943 0.8360209 -0.5486452 -5.145265e-06 0.8360553 -0.5486251 0.001039316 0.8360678 0.548389 1.316405e-05 -0.8362233 0.5486935 0.001053401 -0.836023 0.5486214 -0.001054089 -0.8360703 -0.54889 -0.005459514 0.8358767 -0.5486762 0 0.836035 -0.5486762 0 0.836035 -0.5486762 0 0.836035 -0.548516 0.005414595 0.8361225 0.5483601 -0.008344575 -0.8362007 0.548926 0.008229982 -0.8358304 0.5487619 0.004383753 -0.8359672 0.5489256 0.007854332 -0.8358343 0.5484595 -0.004431855 -0.8361654 0.5483915 -0.007716047 -0.8361861 0.548778 0.00622226 -0.8359449 0.5483465 -0.006347593 -0.8362271 -0.5499815 -0.03980177 0.8342279 -0.5467775 0.04913329 0.8358351 0.5494303 0.03570125 -0.8347765 0.5470422 -0.03488479 -0.8363778 0.5470529 -0.03323023 -0.8364382 0.5493446 0.03459316 -0.8348795 -0.5486125 0 0.8360767 -0.5486315 0 0.8360643 -0.5486125 0 0.8360767 -0.5486125 0 0.8360767 -0.5486111 0 0.8360777 -0.5486125 0 0.8360767 -0.5486125 0 0.8360767 -0.5486282 0 0.8360664 -0.5486125 0 0.8360767 -0.5486125 0 0.8360767 -0.5487312 0 0.8359988 -0.5484363 0 0.8361923 -0.5484363 0 0.8361923 -0.5486125 0 0.8360767 -0.5486125 0 0.8360767 -0.5448912 0.06182567 0.8362244 -0.5486125 0 0.8360767 -0.5491216 -0.06406752 0.8332832 0.5488875 0.005293841 -0.8358794 0.5485232 -0.005657326 -0.8361162 0.548619 0 -0.8360725 0.5486741 0 -0.8360363 0.5486151 0 -0.8360751 0.5486675 0 -0.8360407 0.5486162 3.399575e-05 -0.8360743 0.5476808 -0.02098767 -0.8364241 0.5486119 -3.384777e-05 -0.8360771 0.5486168 0 -0.8360739 0.5486137 0 -0.836076 0.5488731 0.007390606 -0.835873 0.5487052 0 -0.8360159 0.5487032 0 -0.8360172 0.5487031 0 -0.8360173 0.5487052 0 -0.8360159 0.5487052 0 -0.8360159 -0.544502 -0.2210147 0.8091168 -0.5405153 0.1307194 0.8311171 -0.548285 0.00872112 0.8362461 -0.5490708 -0.01915083 0.8355564 0.5501461 0.07028322 -0.8321055 0.5462298 -0.05569272 -0.8357819 0.5482244 -0.0005140277 -0.8363311 0.5482736 0.0005376821 -0.8362989 0.5486887 0 -0.8360267 0.5486828 0 -0.8360306 0.5485283 -0.001904243 -0.8361298 0.5485757 0 -0.8361009 0.5486579 0.001863979 -0.8360449 0.5487012 0 -0.8360185 0.5487012 0 -0.8360185 0.5485757 0 -0.8361009 -0.5412109 -0.2571317 0.8006086 -0.5467283 0.04887512 0.8358824 0.5469787 0.001889457 -0.8371444 0.5468486 -0.001888272 -0.8372294 0.5486523 0 -0.8360507 0.5486484 0 -0.8360532 0.5468411 -0.03495721 -0.8365063 0.5473515 -0.0264351 -0.8364852 0.5496365 0.02688615 -0.8349712 0.5486497 0 -0.8360523 0.543501 -0.07995244 -0.8355921 0.5500767 0.04873683 -0.8336908 0.5501601 0.05179655 -0.8334512 0.538088 -0.1542797 -0.8286489 0.5489273 0.01084901 -0.8357997 0.5486497 0 -0.8360523 0.548671 0 -0.8360384 0.5486497 0 -0.8360523 0.5486929 0 -0.836024 0.5356556 -0.1752675 -0.8260474 0.5489466 0.01182665 -0.8357738 0.5462625 -0.0571521 -0.835662 0.5492249 0.06254412 -0.8333308 0.1055815 0.9922531 -0.0654698 0.5493498 0.05133529 -0.8340141 -0.5484903 0 0.8361569 -0.5295968 0.1953373 0.8254517 -0.5484903 0 0.8361569 -0.5493066 -0.01937673 0.8353962 -0.5486286 0 0.8360662 -0.5484903 0 0.8361569 -0.5487539 -0.08853159 0.8312829 -0.5479499 0.01998427 0.8362724 -0.5484903 0 0.8361569 -0.5484903 0 0.8361569 -0.5486256 0 0.8360681 -0.5484903 0 0.8361569 -0.5486314 0 0.8360644 -0.5484903 0 0.8361569 -0.5492381 -0.03839291 0.8347835 0.5393116 -0.1182671 -0.8337601 -0.4901981 0.3831391 0.7828858 -0.5472322 -0.1324171 0.8264397 0.548064 0.1000926 -0.830426 0.5486549 -3.157858e-12 -0.8360489 0.5486526 1.042163e-06 -0.8360504 0.5289124 -0.2001751 -0.8247312 0.5506863 -5.338426e-05 -0.8347123 0.5506364 -0.001523199 -0.8347438 0.550712 0.0006324946 -0.8346951 0.515071 -0.2777204 -0.8109089 0.5486699 0.0006010022 -0.8360388 0.5506616 -0.000758161 -0.8347282 0.5507384 0.001519977 -0.8346765 0.5428723 0.1981889 -0.8160949 0.5428723 0.1981889 -0.8160949 0.2755375 -0.822872 -0.4969515 -0.4900584 0.3836603 0.782718 0.2768148 -0.8213505 -0.4987554 0.5421605 0.2473414 -0.8030469 0.5421605 0.2473414 -0.8030469 0.5485853 -4.641834e-05 -0.8360946 -0.5462041 -0.1986337 0.8137602 0.5485886 4.892864e-05 -0.8360924 0.5487236 0 -0.8360038 0.5254198 -0.2458336 -0.814555 0.5254198 -0.2458336 -0.814555 0.5487236 0 -0.8360038 -0.4344596 -0.6480149 0.6255569 0.4720664 0.5507605 -0.6883431 0.1971155 0.9487682 -0.2469503 0.4719999 0.5509579 -0.6882307 -0.3015258 -0.8755741 0.3774283 -0.4665927 0.485596 0.7392481 -0.5494644 -0.02296276 0.8352015 -0.5487796 -5.721751e-05 0.8359671 -0.5487668 0 0.8359755 -0.5487668 0 0.8359755 -0.5487668 0 0.8359755 -0.5487668 0 0.8359755 -0.548964 -0.00831924 0.8358046 -0.5487668 0 0.8359755 -0.5487668 0 0.8359755 -0.5487668 0 0.8359755 -0.5487763 5.729923e-05 0.8359693 -0.5487668 0 0.8359755 -0.5487668 0 0.8359755 -0.548645 9.074967e-11 0.8360555 -0.5486787 -0.001045884 0.8360326 -0.5486429 0.00104245 0.8360561 0.5483887 6.770268e-06 -0.8362235 0.5486755 0.001053758 -0.8360348 0.5486393 -0.001058559 -0.8360585 -0.5487948 -0.005396698 0.8359397 -0.5486762 0 0.836035 -0.5486762 0 0.836035 -0.5486762 0 0.836035 -0.5486086 0.005460353 0.8360615 0.5485029 -0.008319072 -0.8361073 0.5487856 0.008244528 -0.8359225 0.5486872 0.004429998 -0.836016 0.548524 -0.007714909 -0.8360992 0.5485354 -0.004424716 -0.8361156 0.5487938 0.007993846 -0.8359195 0.5484643 -0.006020143 -0.8361523 0.548673 0.006471095 -0.836012 -0.5492292 -0.02957381 0.8351483 -0.5480191 0.03681066 0.8356555 0.5488081 0.03689149 -0.835134 0.5476879 -0.03377787 -0.8360006 0.5473731 -0.03877186 -0.8359901 0.5487798 0.03135866 -0.8353786 -0.5486125 0 0.8360767 -0.5486306 0 0.8360649 -0.5486125 0 0.8360767 -0.5486111 0 0.8360777 -0.5486125 0 0.8360767 -0.5486125 0 0.8360767 -0.5486125 0 0.8360767 -0.5486291 0 0.8360659 -0.5486125 0 0.8360767 -0.5486125 0 0.8360767 -0.548733 0 0.8359976 -0.5484363 0 0.8361923 -0.5484363 0 0.8361923 4.749229e-29 0 -7.227087e-29 -0.5455951 0.06784075 0.8352985 -0.5486125 0 0.8360767 -0.5480766 -0.06160619 0.8341563 0.5487872 0.004770713 -0.8359485 0.5486122 -0.006146738 -0.8360543 0.548618 0 -0.8360731 0.5486691 0 -0.8360396 0.5486161 0 -0.8360744 0.5486725 0 -0.8360374 0.548615 3.403707e-05 -0.8360751 0.5481288 -0.01857987 -0.8361876 0.5486131 -3.389288e-05 -0.8360764 0.548616 0 -0.8360744 0.5486145 0 -0.8360755 0.5487585 0.0226251 -0.8356747 0.5487052 0 -0.8360159 0.5487032 0 -0.8360172 0.5487031 0 -0.8360173 0.5487052 0 -0.8360159 0.5485097 0.04771065 -0.8347819 -0.5406705 -0.2212326 0.8116228 -0.5446986 0.1046662 0.8320748 -0.5474371 0.03507615 0.8361114 -0.5488328 0.0001390534 0.8359321 0.5490446 0.06088362 -0.8335725 0.5476407 -0.04271339 -0.8356227 0.5482355 -0.0005171265 -0.8363238 0.5482617 0.0005340146 -0.8363067 0.5486843 0 -0.8360296 0.5486871 0 -0.8360278 0.5485757 0 -0.8361009 0.5485757 0 -0.8361009 0.5485585 -0.001993873 -0.8361098 0.5487012 0 -0.8360185 0.5487012 0 -0.8360185 0.5486254 0.001805014 -0.8360663 -0.5461017 0.08198285 0.8336976 0.5469419 0.001894581 -0.8371684 0.5468796 -0.001893557 -0.8372091 0.5486493 0 -0.8360526 0.5486512 0 -0.8360513 0.5492777 0.05273849 -0.833974 0.5483336 -0.01192488 -0.8361747 0.5461811 -0.05948092 -0.8355526 0.5486647 0.09335933 -0.8308135 0.5476333 -0.03057578 -0.8361596 0.5490181 0.07459427 -0.8324751 0.5481792 -0.02978646 -0.8358303 0.5486043 0.03864962 -0.8351883 0.5464083 0.1078837 -0.8305414 0.5486497 0 -0.8360523 0.5486497 0 -0.8360523 0.5486718 0 -0.8360378 0.5486929 0 -0.836024 0.5482026 0.06084746 -0.8341292 0.547277 -0.05728353 -0.8349889 0.5486497 0 -0.8360523 0.5465452 -0.07256358 -0.8342799 0.5488543 0.003473031 -0.8359108 -0.5443155 0.08632853 0.8344268 -0.5454861 0.07020723 0.8351741 -0.5484903 0 0.8361569 -0.5484903 0 0.8361569 -0.5489819 -0.01995711 0.8355959 -0.5486286 0 0.8360662 -0.5486197 -0.03479186 0.8353478 -0.5486197 -0.03479186 0.8353478 -0.5486197 -0.03479186 0.8353478 -0.5484903 0 0.8361569 -0.5485746 0 0.8361016 -0.5482989 0.01971469 0.83605 -0.5484903 0 0.8361569 -0.5484903 0 0.8361569 -0.5486275 0 0.8360669 -0.5484903 0 0.8361569 -0.5486296 0 0.8360655 -0.5484903 0 0.8361569 -0.5485757 0 0.8361009 0.5332864 -0.1904247 -0.8242233 -0.5360269 0.1720293 0.8264872 0.5337492 0.2440024 -0.8096756 0.5486549 1.398945e-12 -0.8360489 0.5486526 1.818678e-07 -0.8360504 -0.5060551 -0.4009863 0.7636218 -0.5062044 -0.4003407 0.7638615 0.5487596 0.004576852 -0.8359677 0.5506784 -2.510113e-05 -0.8347175 0.5506524 -0.001514862 -0.8347333 0.5506971 0.0006578578 -0.8347049 0.5486388 -0.0006051757 -0.8360593 0.5268192 -0.2374576 -0.8161344 0.5268192 -0.2374576 -0.8161344 0.5312312 0.265585 -0.8045234 0.5506692 -0.0007187501 -0.8347233 0.550704 0.001515699 -0.8346993 0.5145441 0.3620319 -0.7772884 0.5261201 -0.2417494 -0.815325 0.494786 0.4756953 -0.7272557 0.5261201 -0.2417494 -0.815325 0.5486535 -2.40148e-05 -0.8360499 0.5214751 0.357824 -0.7746133 0.5214751 0.357824 -0.7746133 -0.5356985 -0.2659533 0.8014337 0.4947125 0.4759663 -0.7271284 0.5486358 3.124581e-05 -0.8360615 0.5375203 -0.1855371 -0.8225861 0.5487236 0 -0.8360038 0.5249847 -0.2756812 -0.8052273 0.5249847 -0.2756812 -0.8052273 0.5355941 0.2325665 -0.8118201 0.1343373 0.9732516 -0.1863726 0.535452 0.2337218 -0.811582 -0.5365957 -0.2232202 0.81378 -0.5491259 -0.02774206 0.8352791 -0.5487788 -5.731319e-05 0.8359676 -0.5487668 0 0.8359755 -0.5487668 0 0.8359755 -0.5487668 0 0.8359755 -0.5487668 0 0.8359755 0.5479072 -0.03767059 -0.8356905 -0.5487668 0 0.8359755 -0.5487668 0 0.8359755 -0.5487668 0 0.8359755 -0.5487771 5.73532e-05 0.8359687 -0.5487668 0 0.8359755 -0.5487668 0 0.8359755 -0.548645 -8.40213e-11 0.8360555 -0.5486608 -0.001042723 0.8360444 -0.5486608 0.001042723 0.8360444 0.5483887 8.072543e-08 -0.8362236 0.5486575 0.001049569 -0.8360466 0.5486574 -0.00105539 -0.8360466 -0.5487015 -0.005304618 0.8360015 -0.5486762 0 0.836035 -0.5486762 0 0.836035 -0.5486762 0 0.836035 -0.5487015 0.005304618 0.8360015 0.5486457 -0.008483832 -0.8360119 0.5486448 0.008259171 -0.8360148 0.5486113 0.004408495 -0.8360659 0.548657 -0.008050646 -0.8360088 0.5486113 -0.004414761 -0.8360659 0.5486567 0.00785523 -0.8360108 0.5485663 0.006109567 -0.8360847 0.5485625 -0.006441563 -0.8360847 -0.5486238 -0.03910037 0.8351545 -0.5486487 0.03707289 0.8352306 0.5482159 0.03555867 -0.8355806 0.5482162 -0.03555142 -0.8355807 0.5481448 0.03504079 -0.8356491 0.5481646 -0.03431667 -0.8356662 -0.5486125 0 0.8360767 -0.5486299 0 0.8360653 -0.5486125 0 0.8360767 -0.5486111 0 0.8360777 -0.5486125 0 0.8360767 -0.5486125 0 0.8360767 -0.5486125 0 0.8360767 -0.5486298 0 0.8360654 -0.5486125 0 0.8360767 -0.5486125 0 0.8360767 -0.5487316 0 0.8359986 -0.5484363 0 0.8361923 -0.5484363 0 0.8361923 -0.5486125 0 0.8360767 -0.5486125 0 0.8360767 -0.5467958 0.06674299 0.8346015 -0.5486125 0 0.8360767 -0.5467958 -0.06674299 0.8346015 0.5487112 0.005374405 -0.8359947 0.5487101 -0.005174705 -0.8359967 0.548617 0 -0.8360738 0.5486708 0 -0.8360385 0.548617 0 -0.8360738 0.5486708 0 -0.8360385 0.5486138 3.404611e-05 -0.8360759 0.5485398 -0.01308842 -0.836022 0.5486142 -3.391194e-05 -0.8360756 0.5486152 0 -0.836075 0.5486152 0 -0.836075 0.5485233 0.01410746 -0.8360162 0.5487052 0 -0.8360159 0.5487032 0 -0.8360172 0.5487032 0 -0.8360172 0.5482735 -0.0273302 -0.8358524 0.5481413 0.03266839 -0.8357475 -0.545654 -0.1203549 0.8293229 -0.545654 0.1203549 0.8293229 -0.5488352 -0.000137252 0.8359306 -0.5487431 8.851903e-05 0.835991 0.5483753 -0.04210963 -0.8351714 0.5483753 0.04210297 -0.8351718 0.5482483 -0.0005251899 -0.8363154 0.5482482 0.0005248062 -0.8363155 0.5486857 0 -0.8360287 0.5486857 0 -0.8360287 0.5485941 -0.001842412 -0.8360868 0.5485757 0 -0.8361009 0.5485959 0.001782897 -0.8360857 0.5487012 0 -0.8360185 0.5485757 0 -0.8361009 0.5487012 0 -0.8360185 -0.5400669 -0.1923229 0.8193532 -0.5400669 0.1923229 0.8193532 0.5469108 0.001893634 -0.8371888 0.5469098 -0.001895374 -0.8371894 0.5486502 0 -0.836052 0.5486502 0 -0.836052 0.5486015 0.03887319 -0.8351798 0.5484328 -0.01822784 -0.835996 0.5471857 -0.05995728 -0.834861 -0.5466762 -0.1025105 0.8310456 0.5462965 0.1095612 -0.8303954 0.548301 0.05381704 -0.8345476 0.5486497 0 -0.8360523 0.5486497 0 -0.8360523 0.5486497 0 -0.8360523 0.5486715 0 -0.836038 0.5486929 0 -0.836024 0.548301 -0.05381704 -0.8345476 0.5483278 0.02347877 -0.8359338 0.5471857 0.05995728 -0.834861 0.5484677 -0.04765419 -0.8348127 0.5460193 -0.1147975 -0.8298701 -0.5463965 0.1081151 0.8305191 0.5488642 -0.004837981 -0.8358975 -0.5486356 -0.0198454 0.835826 -0.5485746 0 0.8361016 -0.5484903 0 0.8361569 -0.5355646 0.2023106 0.8199031 -0.5355646 0.2023106 0.8199031 -0.5355646 0.2023106 0.8199031 -0.5484903 0 0.8361569 -0.5485757 0 0.8361009 -0.5486278 0 0.8360667 -0.5484903 0 0.8361569 -0.5486293 0 0.8360657 -0.5484903 0 0.8361569 -0.5486286 0 0.8360662 -0.5484903 0 0.8361569 -0.5485746 0 0.8361016 -0.5486363 0.01974524 0.8358279 -0.5484903 0 0.8361569 -0.545846 -0.08564633 0.8334968 -0.5354685 -0.2030994 0.8197708 -0.5354685 -0.2030994 0.8197708 -0.5354685 -0.2030994 0.8197708 -0.5485757 0 0.8361009 -0.5484903 0 0.8361569 0.5336671 -0.2141863 -0.8181221 -0.5443961 0.1097082 0.8316231 -0.5443805 0.1099341 0.8316035 0.5271319 0.2599967 -0.8090326 0.5486549 -1.231158e-11 -0.8360489 0.5486525 8.96321e-06 -0.8360505 -0.5430814 -0.1274457 0.829952 0.5486492 -0.0006053116 -0.8360524 0.5506796 5.36527e-07 -0.8347167 0.550679 -0.00151563 -0.8347158 0.5506845 0.0006894352 -0.8347132 0.5473943 0.08515718 -0.8325309 0.5329481 -0.2227766 -0.8162946 0.5329481 -0.2227766 -0.8162946 0.5486492 0.0006055876 -0.8360524 0.5506858 -0.00068973 -0.8347123 0.5506789 0.001516326 -0.8347158 0.547394 -0.08517047 -0.8325297 0.5349693 0.2071497 -0.8190829 0.5349693 0.2071497 -0.8190829 0.5203461 -0.302447 -0.7986024 0.5390281 0.2023563 -0.8176189 0.5390278 0.2023591 -0.8176184 0.5478258 -0.04175825 -0.8355496 0.5239533 0.3117221 -0.7926552 0.5239533 0.3117221 -0.7926552 0.548587 -3.24925e-05 -0.8360935 0.5287517 -0.2521094 -0.8104706 0.5287517 -0.2521094 -0.8104706 0.5287517 -0.2521094 -0.8104706 0.5478245 0.04179902 -0.8355484 0.548587 3.249234e-05 -0.8360935 0.5487236 0 -0.8360038 0.5390281 -0.2023563 -0.8176189 0.5287517 0.2521094 -0.8104706 0.5287517 0.2521094 -0.8104706 0.5287517 0.2521094 -0.8104706 0.5390278 -0.2023591 -0.8176184 0.4975019 0.4075899 -0.765743 0.5487236 0 -0.8360038 0.5185904 -0.3413453 -0.7839307 0.5185904 -0.3413453 -0.7839307 -0.5474661 -0.04078392 0.8358334 -0.5487779 -5.73673e-05 0.8359682 -0.5487668 0 0.8359755 -0.5487668 0 0.8359755 -0.5487668 0 0.8359755 -0.5487668 0 0.8359755 -0.5487668 0 0.8359755 0.5486488 -0.02781193 -0.8355902 -0.5487668 0 0.8359755 -0.5487668 0 0.8359755 -0.5487668 0 0.8359755 -0.5487779 5.736354e-05 0.8359682 -0.5487668 0 0.8359755 -0.5486429 -0.001041346 0.8360561 -0.5486787 0.001044994 0.8360326 0.5483888 -6.502851e-06 -0.8362235 0.5486393 0.001057536 -0.8360585 0.5486755 -0.001055027 -0.8360348 -0.5486086 -0.005460353 0.8360615 -0.5486762 0 0.836035 -0.5486762 0 0.836035 -0.5486762 0 0.836035 -0.5487949 0.005399129 0.8359396 0.5487857 -0.008246239 -0.8359224 0.5485029 0.008319072 -0.8361073 0.5485353 0.004431028 -0.8361156 0.5487928 -0.007945808 -0.8359206 0.5486869 -0.004384515 -0.8360164 0.548525 0.007629668 -0.8360993 0.5486734 -0.006506415 -0.8360115 0.5484543 0.006376217 -0.8361562 -0.5480191 -0.03681066 0.8356555 -0.5492293 0.02958841 0.8351477 0.5475523 0.03678614 -0.8359625 0.5488081 -0.03689149 -0.835134 0.5487552 -0.03428087 -0.8352799 0.5477425 0.03044837 -0.8360927 -0.5486125 0 0.8360767 -0.5486289 0 0.836066 -0.5486125 0 0.8360767 -0.5486111 0 0.8360777 -0.5486125 0 0.8360767 -0.5486125 0 0.8360767 -0.5486125 0 0.8360767 -0.5486307 0 0.8360648 -0.5486125 0 0.8360767 -0.5486125 0 0.8360767 -0.5487327 0 0.8359978 -0.5484363 0 0.8361923 -0.5484363 0 0.8361923 -0.5486125 0 0.8360767 -0.5480766 0.06160619 0.8341563 -0.5486125 0 0.8360767 -0.5486125 0 0.8360767 -0.5456996 -0.0662093 0.8353611 0.5486256 0.004993917 -0.8360533 0.5488161 -0.006042171 -0.8359213 0.5486161 0 -0.8360744 0.5486725 0 -0.8360374 0.548618 0 -0.8360731 0.5486691 0 -0.8360396 0.5486127 3.402735e-05 -0.8360766 0.5487586 -0.02261293 -0.835675 0.5486153 -3.390326e-05 -0.8360749 0.5486145 0 -0.8360755 0.548616 0 -0.8360744 0.5480515 0.020698 -0.8361885 0.5487052 0 -0.8360159 0.5487031 0 -0.8360173 0.5487032 0 -0.8360172 0.5486694 -0.03616609 -0.8352568 0.5487052 0 -0.8360159 -0.5446986 -0.1046662 0.8320748 -0.5088822 0.4187284 0.7521339 -0.5487449 0.01734935 0.8358098 -0.5457789 -0.06601463 0.8353247 0.5477101 0.04049843 -0.8356874 0.5490945 -0.04385248 -0.834609 0.5482605 -0.0005313521 -0.8363074 0.5482363 0.000519455 -0.8363233 0.5486871 0 -0.8360278 0.5486843 0 -0.8360296 0.5485757 0 -0.8361009 0.5485757 0 -0.8361009 0.5486247 -0.001841465 -0.8360667 0.5487012 0 -0.8360185 0.5487012 0 -0.8360185 0.5485614 0.001929387 -0.836108 -0.5461017 -0.08198285 0.8336976 0.5468796 0.001893557 -0.8372091 0.5469475 -0.001884195 -0.8371648 0.5486512 0 -0.8360513 0.5486494 0 -0.8360526 0.5480429 0.03494948 -0.8357198 0.5487469 -0.01671604 -0.8358214 0.5482788 -0.05758408 -0.8343108 0.5470391 0.06293773 -0.8347377 0.5487474 -0.01467177 -0.8358595 0.5465452 0.07256358 -0.8342799 0.5491354 -0.07028158 -0.832773 0.5482989 0.01298628 -0.8361816 0.5479705 0.02222791 -0.8362023 0.5486497 0 -0.8360523 0.5486497 0 -0.8360523 0.5486713 0 -0.8360382 0.5486929 0 -0.836024 0.5461811 0.05948092 -0.8355526 0.5485653 -0.09714076 -0.8304455 0.5486497 0 -0.8360523 0.5490181 -0.07459427 -0.8324751 -0.5307751 0.268331 0.8039131 -0.5486197 0.03479186 0.8353478 -0.5484903 0 0.8361569 -0.5484903 0 0.8361569 -0.548303 -0.01950375 0.8360523 -0.5486286 0 0.8360662 -0.5404575 -0.1318385 0.8309779 -0.5421316 -0.1136938 0.8325665 -0.5484903 0 0.8361569 -0.5489819 0.01995711 0.8355959 -0.5484903 0 0.8361569 -0.5484903 0 0.8361569 -0.5486312 0 0.8360645 -0.5484903 0 0.8361569 -0.548626 0 0.8360679 -0.5484903 0 0.8361569 0.530068 -0.2707422 -0.8035711 -0.4740759 0.5169986 0.7127163 0.533288 0.1904248 -0.8242223 -0.5360269 -0.1720293 0.8264872 0.5350691 -0.2369077 -0.8109105 0.5506839 2.399081e-05 -0.8347139 0.550704 -0.001515699 -0.8346993 0.550669 0.0007187217 -0.8347234 0.5218673 -0.3238407 -0.7891652 0.5486389 0.0006006414 -0.8360592 0.5507004 -0.0006659908 -0.8347027 0.5506632 0.001520469 -0.8347261 0.5317629 0.2045557 -0.8218182 0.5317629 0.2045557 -0.8218182 0.535601 -0.2325664 -0.8118155 -0.3976426 0.7003403 0.5927932 0.5355539 -0.2329506 -0.8117364 0.5486561 -2.403618e-05 -0.8360482 0.5251855 0.2744182 -0.8055277 0.5251855 0.2744182 -0.8055277 0.2764505 -0.871546 -0.4049479 0.548633 3.101077e-05 -0.8360633 0.4404506 -0.6340849 -0.6355625 0.5487236 0 -0.8360038 0.5404706 -0.223757 -0.8110637 0.5404706 -0.223757 -0.8110637 0.2306732 0.8864151 -0.4013206 -0.5365938 0.2586811 0.803213 0.2290975 0.8878695 -0.3990012 -0.5487771 -5.735068e-05 0.8359687 -0.5487668 0 0.8359755 -0.5487668 0 0.8359755 -0.5487668 0 0.8359755 -0.5487668 0 0.8359755 -0.5490872 0.0243932 0.835409 -0.5487668 0 0.8359755 -0.5487668 0 0.8359755 -0.5487668 0 0.8359755 -0.5487788 5.731479e-05 0.8359676 -0.5487668 0 0.8359755 -0.5487668 0 0.8359755 -0.548645 -2.756444e-10 -0.8360555 -0.5486962 0.001036458 -0.8360211 -0.5486452 5.145263e-06 -0.8360553 -0.5486251 -0.001039316 -0.8360678 0.548389 -1.323554e-05 0.8362233 0.5486934 -0.001052388 0.836023 0.5486214 0.001054089 0.8360703 -0.5488921 0.005512236 -0.835875 -0.5486762 0 -0.836035 -0.5486762 0 -0.836035 -0.5486762 0 -0.836035 -0.548516 -0.005414595 -0.8361225 0.5483589 0.008381657 0.8362011 0.5489247 -0.00819591 0.8358316 0.5487619 -0.004383753 0.8359672 0.5489256 -0.007854332 0.8358343 0.5484595 0.004431855 0.8361654 0.5483915 0.007716047 0.8361861 0.548778 -0.00622226 0.8359449 0.5483465 0.006347593 0.8362271 -0.5499815 0.03980177 -0.8342279 -0.5467775 -0.04913329 -0.8358351 0.5494303 -0.03570125 0.8347765 0.5470417 0.03489178 0.8363779 0.5470136 0.03387518 0.836438 0.5493446 -0.03459316 0.8348795 -0.5486125 0 -0.8360767 -0.5486315 0 -0.8360643 -0.5486125 0 -0.8360767 -0.5486125 0 -0.8360767 -0.5486111 0 -0.8360777 -0.5486125 0 -0.8360767 -0.5486125 0 -0.8360767 -0.5486282 0 -0.8360664 -0.5486125 0 -0.8360767 -0.5486125 0 -0.8360767 -0.5487312 0 -0.8359988 -0.5484363 0 -0.8361923 -0.5484363 0 -0.8361923 -0.5486125 0 -0.8360767 -0.5486125 0 -0.8360767 -0.5449977 -0.06046605 -0.8362544 -0.5486125 0 -0.8360767 -0.5491216 0.06406752 -0.8332832 0.5488796 -0.005095239 0.8358859 0.5485296 0.005437133 0.8361135 0.548619 0 0.8360725 0.5486741 0 0.8360363 0.5486151 0 0.8360751 0.5486675 0 0.8360407 0.5486162 -3.399616e-05 0.8360743 0.5474397 0.02536302 0.8364607 0.5486119 3.384482e-05 0.8360772 0.5486169 0 0.8360739 0.5486137 0 0.8360759 0.5488839 -0.007873577 0.8358615 0.5487052 0 0.8360159 0.5487032 0 0.8360172 0.5487031 0 0.8360173 0.5487052 0 0.8360159 0.5492212 -0.06960877 0.8327729 -0.5420775 0.2479665 -0.8029101 -0.5405153 -0.1307194 -0.8311171 -0.548285 -0.00872112 -0.8362461 -0.5491596 0.02575511 -0.8353205 0.5501464 -0.07030151 0.8321037 0.5464336 0.05201088 0.8358858 0.5482242 0.0005131723 0.8363313 0.5482734 -0.0005373046 0.836299 0.5486887 0 0.8360267 0.5486827 0 0.8360306 0.5485269 0.001930197 0.8361307 0.5485757 0 0.8361009 0.5486571 -0.001840608 0.8360455 0.5487012 0 0.8360185 0.5487012 0 0.8360185 0.5485757 0 0.8361009 -0.550164 0.0538721 -0.8333171 -0.5467283 -0.04887512 -0.8358824 0.5469778 -0.001890322 0.837145 0.5468476 0.001890003 0.83723 0.5486523 0 0.8360507 0.5486484 0 0.8360532 0.5468411 0.03495721 0.8365063 0.5473515 0.0264351 0.8364852 0.5496363 -0.02687959 0.8349715 0.5486497 0 0.8360523 0.5455004 0.05496139 0.8363065 0.5502228 -0.06150848 0.8327494 0.5500843 -0.04696357 0.8337875 0.5417446 0.1182831 0.832179 0.5489408 -0.01152679 0.8357818 0.5486497 0 0.8360523 0.548671 0 0.8360384 0.5486497 0 0.8360523 0.5486929 0 0.836024 0.5364154 0.1689969 0.8268606 0.5489455 -0.0117551 0.8357755 0.5462625 0.0571521 0.835662 0.5491891 -0.0664116 0.8330551 0.5504028 -0.08689373 0.8303651 0.5492123 -0.02268969 0.8353748 -0.5484903 0 -0.8361569 -0.5295968 -0.1953373 -0.8254517 -0.5484903 0 -0.8361569 -0.5493066 0.01937673 -0.8353962 -0.5486286 0 -0.8360662 -0.5484903 0 -0.8361569 -0.5488973 0.08174342 -0.8318833 -0.5479457 -0.02008597 -0.8362728 -0.5484903 0 -0.8361569 -0.5484903 0 -0.8361569 -0.5486256 0 -0.8360681 -0.5484903 0 -0.8361569 -0.5486314 0 -0.8360644 -0.5484903 0 -0.8361569 -0.549252 0.05159136 -0.8340627 0.5393116 0.1182671 0.8337601 -0.4901981 -0.3831391 -0.7828858 -0.5476845 0.1223003 -0.8276982 0.5475471 -0.1154129 0.8287775 0.5486549 2.67708e-12 0.8360489 0.5486526 -8.734115e-07 0.8360504 0.5335648 0.1683384 0.828837 0.5506863 5.286412e-05 0.8347123 0.5506364 0.001523199 0.8347438 0.5507133 -0.0006329642 0.8346942 0.5233055 0.2340724 0.8193665 0.5486699 -0.0006012767 0.8360388 0.550663 0.0007584709 0.8347273 0.5507384 -0.001520677 0.8346765 0.5447227 -0.1745803 0.8202432 0.5447227 -0.1745803 0.8202432 0.276015 0.8223104 0.4976156 -0.5075965 -0.3128119 -0.8028042 0.277754 0.8202326 0.5000711 0.540252 -0.2658366 0.7984101 0.540252 -0.2658366 0.7984101 0.5485853 4.641835e-05 0.8360946 -0.5464838 0.1944845 -0.8145742 0.5485886 -4.892841e-05 0.8360924 0.5487236 0 0.8360038 0.5222601 0.2643394 0.810783 0.5222601 0.2643394 0.810783 0.5487236 0 0.8360038 -0.2840784 0.8788106 -0.3833945 0.472191 -0.5503901 0.6885539 0.43987 -0.6355121 0.6345382 0.4719999 -0.5509579 0.6882307 -0.3010523 0.8760676 -0.3766605 0.5300764 0.2326977 0.8153961 -0.5494644 0.02296344 -0.8352015 -0.5487796 5.721577e-05 -0.8359671 -0.5487668 0 -0.8359755 -0.5487668 0 -0.8359755 -0.5487668 0 -0.8359755 -0.5487668 0 -0.8359755 0.5487354 -0.08921883 0.8312217 -0.5487668 0 -0.8359755 -0.5487668 0 -0.8359755 -0.5487668 0 -0.8359755 -0.5487763 -5.730148e-05 -0.8359693 -0.5487668 0 -0.8359755 -0.5487668 0 -0.8359755 -0.5486452 -5.145288e-06 -0.8360553 -0.5486251 0.001039316 -0.8360678 -0.548645 2.73219e-10 -0.8360555 -0.5486966 -0.001043943 -0.8360209 0.548389 1.316405e-05 0.8362233 0.5486214 -0.001054089 0.8360703 0.5486935 0.001053401 0.836023 -0.548516 0.005414595 -0.8361225 -0.5486762 0 -0.836035 -0.5486762 0 -0.836035 -0.5486762 0 -0.836035 -0.54889 -0.005459514 -0.8358767 0.548926 0.008229982 0.8358304 0.5483601 -0.008344575 0.8362007 0.5484595 -0.004431855 0.8361654 0.5483915 -0.007716047 0.8361861 0.5487619 0.004383753 0.8359672 0.5489256 0.007854332 0.8358343 0.5483465 -0.006347593 0.8362271 0.548778 0.00622226 0.8359449 -0.5467775 0.04913329 -0.8358351 -0.5499815 -0.03980177 -0.8342279 0.5470422 -0.03488479 0.8363778 0.5494303 0.03570125 0.8347765 0.5493446 0.03459316 0.8348795 0.5470529 -0.03323023 0.8364382 -0.5486125 0 -0.8360767 -0.5486281 0 -0.8360665 -0.5486125 0 -0.8360767 -0.5486125 0 -0.8360767 -0.5486111 0 -0.8360777 -0.5486125 0 -0.8360767 -0.5486125 0 -0.8360767 -0.5486316 0 -0.8360642 -0.5486125 0 -0.8360767 -0.5486125 0 -0.8360767 -0.5487313 0 -0.8359988 -0.5484363 0 -0.8361923 -0.5484363 0 -0.8361923 -0.5486125 0 -0.8360767 -0.5486125 0 -0.8360767 -0.5491216 -0.06406752 -0.8332832 -0.5486125 0 -0.8360767 -0.5448912 0.06182567 -0.8362244 0.5485232 -0.005657326 0.8361162 0.5488875 0.005293841 0.8358794 0.5486151 0 0.8360751 0.5486675 0 0.8360407 0.548619 0 0.8360725 0.5486741 0 0.8360363 0.5486116 -3.397897e-05 0.8360774 0.548873 0.007387716 0.8358731 0.5486165 3.38645e-05 0.8360741 0.5486137 0 0.836076 0.5486168 0 0.8360739 0.5476803 -0.02099586 0.8364242 0.5487052 0 0.8360159 0.5487031 0 0.8360173 0.5487032 0 0.8360172 0.5487052 0 0.8360159 0.5487052 0 0.8360159 -0.5405153 0.1307194 -0.8311171 -0.544502 -0.2210147 -0.8091168 -0.5490708 -0.01915083 -0.8355564 -0.548285 0.00872112 -0.8362461 0.5462298 -0.05569272 0.8357819 0.5501461 0.07028322 0.8321055 0.5482736 0.0005376821 0.8362989 0.5482244 -0.0005140277 0.8363311 0.5486828 0 0.8360306 0.5486887 0 0.8360267 0.5486577 0.001804339 0.8360451 0.5485757 0 0.8361009 0.5485242 -0.001968024 0.8361323 0.5487012 0 0.8360185 0.5487012 0 0.8360185 0.5485757 0 0.8361009 -0.5467283 0.04887512 -0.8358824 -0.5412109 -0.2571317 -0.8006086 0.5468486 -0.001888272 0.8372294 0.5469787 0.001889457 0.8371444 0.5486484 0 0.8360532 0.5486523 0 0.8360507 0.5489466 0.01182665 0.8357738 0.5489273 0.01084901 0.8357997 0.5356556 -0.1752675 0.8260474 0.5486497 0 0.8360523 0.5492249 0.06254412 0.8333308 0.5462625 -0.0571521 0.835662 0.538088 -0.1542797 0.8286489 0.5501601 0.05179655 0.8334512 0.5473515 -0.0264351 0.8364852 0.5486497 0 0.8360523 0.5486721 0 0.8360376 0.5486497 0 0.8360523 0.5486929 0 0.836024 0.5496365 0.02688615 0.8349712 0.5468411 -0.03495721 0.8365063 0.5500767 0.04873683 0.8336908 0.543501 -0.07995244 0.8355921 0.5493498 0.05133529 0.8340141 0.1055815 0.9922531 0.0654698 -0.5484903 0 -0.8361569 -0.5490938 -0.06634434 -0.8331233 -0.5484903 0 -0.8361569 -0.5479499 0.01998427 -0.8362724 -0.5492381 -0.03839291 -0.8347835 -0.5486286 0 -0.8360662 -0.5484903 0 -0.8361569 -0.5193341 0.2557517 -0.8154037 -0.5493066 -0.01937673 -0.8353962 -0.5484903 0 -0.8361569 -0.5484903 0 -0.8361569 -0.548633 0 -0.8360633 -0.5484903 0 -0.8361569 -0.5486242 0 -0.8360691 -0.5484903 0 -0.8361569 0.5486526 -8.512656e-09 0.8360504 0.548064 0.1000926 0.830426 0.5486549 1.552161e-13 0.8360489 -0.5472322 -0.1324171 -0.8264397 -0.4901981 0.3831391 -0.7828858 0.5393116 -0.1182671 0.8337601 0.5486699 0.0006010022 0.8360388 0.5506863 -5.338426e-05 0.8347123 0.5507384 0.001519977 0.8346765 0.5506616 -0.000758161 0.8347282 0.5428723 0.1981889 0.8160949 0.5428723 0.1981889 0.8160949 0.5289124 -0.2001751 0.8247312 0.550712 0.0006324946 0.8346951 0.5506364 -0.001523199 0.8347438 0.515071 -0.2777204 0.8109089 0.4720664 0.5507605 0.6883431 -0.4344596 -0.6480149 -0.6255569 0.4719999 0.5509579 0.6882307 0.5254198 -0.2458336 0.814555 0.5254198 -0.2458336 0.814555 0.5485886 4.892864e-05 0.8360924 0.1971154 0.9487683 0.2469501 0.5485853 -4.641834e-05 0.8360946 0.5487236 0 0.8360038 0.5421605 0.2473414 0.8030469 0.5421605 0.2473414 0.8030469 0.5487236 0 0.8360038 -0.4900584 0.3836603 -0.782718 0.2755375 -0.822872 0.4969515 -0.5462041 -0.1986337 -0.8137602 0.2768148 -0.8213505 0.4987554 -0.4665927 0.485596 -0.7392481 -0.3015258 -0.8755741 -0.3774283 -0.5489683 -0.008341496 -0.8358016 -0.5487762 5.729693e-05 -0.8359693 -0.5487668 0 -0.8359755 -0.5487668 0 -0.8359755 -0.5487668 0 -0.8359755 -0.5487668 0 -0.8359755 -0.5494644 -0.02296208 -0.8352016 -0.5487668 0 -0.8359755 -0.5487668 0 -0.8359755 -0.5487668 0 -0.8359755 -0.5487796 -5.722047e-05 -0.8359671 -0.5487668 0 -0.8359755 -0.5487668 0 -0.8359755 -0.548645 -9.71051e-11 -0.8360555 -0.5486787 0.001044994 -0.8360326 -0.5486429 -0.001041346 -0.8360561 0.5483888 -6.502851e-06 0.8362235 0.5486755 -0.001055027 0.8360348 0.5486393 0.001057536 0.8360585 -0.5487949 0.005399129 -0.8359396 -0.5486762 0 -0.836035 -0.5486762 0 -0.836035 -0.5486762 0 -0.836035 -0.5486086 -0.005460353 -0.8360615 0.5485029 0.008319072 0.8361073 0.5487857 -0.008246239 0.8359224 0.5486869 -0.004384515 0.8360164 0.548525 0.007629668 0.8360993 0.5485353 0.004431028 0.8361156 0.5487928 -0.007945808 0.8359206 0.5484543 0.006376217 0.8361562 0.5486734 -0.006506415 0.8360115 -0.5492293 0.02958841 -0.8351477 -0.5480191 -0.03681066 -0.8356555 0.5488081 -0.03689149 0.835134 0.5475523 0.03678614 0.8359625 0.5477425 0.03044837 0.8360927 0.5487552 -0.03428087 0.8352799 -0.5486125 0 -0.8360767 -0.5486306 0 -0.8360649 -0.5486125 0 -0.8360767 -0.5486111 0 -0.8360777 -0.5486125 0 -0.8360767 -0.5486125 0 -0.8360767 -0.5486125 0 -0.8360767 -0.5486291 0 -0.8360659 -0.5486125 0 -0.8360767 -0.5486125 0 -0.8360767 -0.5487327 0 -0.8359978 -0.5484363 0 -0.8361923 -0.5484363 0 -0.8361923 -0.5486125 0 -0.8360767 -0.5456996 -0.0662093 -0.8353611 -0.5486125 0 -0.8360767 -0.5486125 0 -0.8360767 -0.5480766 0.06160619 -0.8341563 0.5488161 -0.006042171 0.8359213 0.5486256 0.004993917 0.8360533 0.548618 0 0.8360731 0.5486691 0 0.8360396 0.5486161 0 0.8360744 0.5486725 0 0.8360374 0.548615 -3.403776e-05 0.8360751 0.5480519 0.02068688 0.8361885 0.5486131 3.389288e-05 0.8360764 0.548616 0 0.8360744 0.5486145 0 0.8360755 0.5487585 -0.0226251 0.8356747 0.5487052 0 0.8360159 0.5487032 0 0.8360172 0.5487031 0 0.8360173 0.5487052 0 0.8360159 0.5486694 -0.03616609 0.8352568 -0.5088822 0.4187284 -0.7521339 -0.5446986 -0.1046662 -0.8320748 -0.5457789 -0.06601463 -0.8353247 -0.5487449 0.01734935 -0.8358098 0.5490945 -0.04385248 0.834609 0.5477101 0.04049843 0.8356874 0.5482363 0.000519455 0.8363233 0.5482605 -0.0005313521 0.8363074 0.5486843 0 0.8360296 0.5486871 0 0.8360278 0.5485757 0 0.8361009 0.5485757 0 0.8361009 0.5485585 0.001993873 0.8361098 0.5487012 0 0.8360185 0.5487012 0 0.8360185 0.5486255 -0.001782274 0.8360663 -0.5461017 -0.08198285 -0.8336976 0.5469475 -0.001884195 0.8371648 0.5468796 0.001893557 0.8372091 0.5486494 0 0.8360526 0.5486512 0 0.8360513 0.5491354 -0.07028158 0.832773 0.5482989 0.01298628 0.8361816 0.5461811 0.05948092 0.8355526 0.5485653 -0.09714076 0.8304455 0.5479705 0.02222791 0.8362023 0.5490181 -0.07459427 0.8324751 0.5480429 0.03494948 0.8357198 0.5487469 -0.01671604 0.8358214 0.5487474 -0.01467177 0.8358595 0.5486497 0 0.8360523 0.5486497 0 0.8360523 0.5486718 0 0.8360378 0.5486929 0 0.836024 0.5482788 -0.05758408 0.8343108 0.5470391 0.06293773 0.8347377 0.5486497 0 0.8360523 0.5465452 0.07256358 0.8342799 0.5488642 -0.004837981 0.8358975 -0.5443155 -0.08632853 -0.8344268 -0.5404575 -0.1318385 -0.8309779 -0.5484903 0 -0.8361569 -0.5484903 0 -0.8361569 -0.5489819 0.01995711 -0.8355959 -0.5486286 0 -0.8360662 -0.5486197 0.03479186 -0.8353478 -0.5159184 0.3551025 -0.7795707 -0.5484903 0 -0.8361569 -0.548303 -0.01950375 -0.8360523 -0.5484903 0 -0.8361569 -0.5484903 0 -0.8361569 -0.5486275 0 -0.8360669 -0.5484903 0 -0.8361569 -0.5486296 0 -0.8360655 -0.5484903 0 -0.8361569 0.533288 0.1904248 0.8242223 -0.5360269 -0.1720293 -0.8264872 0.530068 -0.2707422 0.8035711 0.5486549 4.206356e-12 0.8360489 0.5486526 -2.55159e-06 0.8360504 -0.4740759 0.5169986 -0.7127163 0.5486389 0.0006006414 0.8360592 0.5506839 2.399081e-05 0.8347139 0.5506632 0.001520469 0.8347261 0.5507004 -0.0006659908 0.8347027 0.5317629 0.2045557 0.8218182 0.5317629 0.2045557 0.8218182 0.5350691 -0.2369077 0.8109105 0.550669 0.0007187217 0.8347234 0.550704 -0.001515699 0.8346993 0.5218673 -0.3238407 0.7891652 0.2306732 0.8864151 0.4013206 0.4404506 -0.6340849 0.6355625 0.2290975 0.8878695 0.3990012 0.5486535 2.401951e-05 0.8360499 0.5404706 -0.223757 0.8110637 0.5404706 -0.223757 0.8110637 -0.5365938 0.2586811 -0.803213 0.5486357 -3.126425e-05 0.8360615 -0.3976426 0.7003403 -0.5927932 0.5487236 0 0.8360038 0.5251855 0.2744182 0.8055277 0.5251855 0.2744182 0.8055277 0.535601 -0.2325664 0.8118155 0.2764504 -0.871546 0.4049478 0.5355539 -0.2329506 0.8117364 -0.5474661 -0.04078392 -0.8358334 -0.5490872 0.02439386 -0.835409 -0.5487788 5.731199e-05 -0.8359676 -0.5487668 0 -0.8359755 -0.5487668 0 -0.8359755 -0.5487668 0 -0.8359755 -0.5487668 0 -0.8359755 0.5486488 -0.02781289 0.8355901 -0.5487668 0 -0.8359755 -0.5487668 0 -0.8359755 -0.5487668 0 -0.8359755 -0.5487771 -5.735315e-05 -0.8359687 -0.5487668 0 -0.8359755 -0.5487668 0 -0.8359755 -0.548645 1.006213e-10 -0.8360555 -0.5486608 0.001042723 -0.8360444 -0.5486608 -0.001042723 -0.8360444 0.5483887 8.072543e-08 0.8362236 0.5486574 -0.00105539 0.8360466 0.5486575 0.001049569 0.8360466 -0.5487015 0.005304618 -0.8360015 -0.5486762 0 -0.836035 -0.5486762 0 -0.836035 -0.5486762 0 -0.836035 -0.5487015 -0.005304618 -0.8360015 0.5486448 0.008259171 0.8360148 0.5486457 -0.008483832 0.8360119 0.5486113 -0.004414761 0.8360659 0.5486567 0.00785523 0.8360108 0.5486113 0.004408495 0.8360659 0.548657 -0.008050646 0.8360088 0.5485625 -0.006441563 0.8360847 0.5485663 0.006109567 0.8360847 -0.5486487 0.03707289 -0.8352306 -0.5486238 -0.03910037 -0.8351545 0.5482162 -0.03555142 0.8355807 0.5482159 0.03555867 0.8355806 0.5481646 -0.03431667 0.8356662 0.5481448 0.03504079 0.8356491 -0.5486125 0 -0.8360767 -0.5486299 0 -0.8360653 -0.5486125 0 -0.8360767 -0.5486111 0 -0.8360777 -0.5486125 0 -0.8360767 -0.5486125 0 -0.8360767 -0.5486125 0 -0.8360767 -0.5486298 0 -0.8360654 -0.5486125 0 -0.8360767 -0.5486125 0 -0.8360767 -0.5487316 0 -0.8359986 -0.5484363 0 -0.8361923 -0.5484363 0 -0.8361923 -0.5486125 0 -0.8360767 -0.5486125 0 -0.8360767 -0.5467958 -0.06674299 -0.8346015 -0.5486125 0 -0.8360767 -0.5467958 0.06674299 -0.8346015 0.5487101 -0.005174705 0.8359967 0.5487112 0.005374405 0.8359947 0.548617 0 0.8360738 0.5486708 0 0.8360385 0.548617 0 0.8360738 0.5486708 0 0.8360385 0.5486138 -3.404611e-05 0.8360759 0.5485234 0.01409987 0.8360163 0.5486142 3.391194e-05 0.8360756 0.5486152 0 0.836075 0.5486152 0 0.836075 0.5485397 -0.01309546 0.836022 0.5487052 0 0.8360159 0.5487032 0 0.8360172 0.5487032 0 0.8360172 0.5481413 0.03266839 0.8357475 0.5482735 -0.0273302 0.8358524 -0.545654 0.1203549 -0.8293229 -0.545654 -0.1203549 -0.8293229 -0.5449374 -0.1020341 -0.8322453 -0.5487431 -8.851885e-05 -0.835991 0.5483753 0.04210297 0.8351718 0.5483753 -0.04210963 0.8351714 0.5482482 0.0005248062 0.8363155 0.5482483 -0.0005251899 0.8363154 0.5486857 0 0.8360287 0.5486857 0 0.8360287 0.5485941 0.001842412 0.8360868 0.5485757 0 0.8361009 0.5485959 -0.001782897 0.8360857 0.5487012 0 0.8360185 0.5485757 0 0.8361009 0.5487012 0 0.8360185 -0.5400669 0.1923229 -0.8193532 -0.5400669 -0.1923229 -0.8193532 0.5469098 -0.001895374 0.8371894 0.5469108 0.001893634 0.8371888 0.5486502 0 0.836052 0.5486502 0 0.836052 0.5484677 -0.04765419 0.8348127 0.5483278 0.02347877 0.8359338 0.5471857 0.05995728 0.834861 -0.5463965 0.1081151 -0.8305191 0.5460193 -0.1147975 0.8298701 0.548301 -0.05381704 0.8345476 0.5486497 0 0.8360523 0.5486497 0 0.8360523 0.5486497 0 0.8360523 0.5486715 0 0.836038 0.5486929 0 0.836024 0.548301 0.05381704 0.8345476 0.5484328 -0.01822784 0.835996 0.5471857 -0.05995728 0.834861 0.5486015 0.03887319 0.8351798 0.5462965 0.1095612 0.8303954 -0.5466762 -0.1025105 -0.8310456 0.5488543 0.003473031 0.8359108 -0.5486363 0.01974524 -0.8358279 -0.5485738 0 -0.8361022 -0.5484903 0 -0.8361569 -0.5354685 -0.2030994 -0.8197708 -0.5354685 -0.2030994 -0.8197708 -0.5484903 0 -0.8361569 -0.5447746 -0.1038971 -0.8321214 -0.5486278 0 -0.8360667 -0.5484903 0 -0.8361569 -0.5486293 0 -0.8360657 -0.5484903 0 -0.8361569 -0.5486286 0 -0.8360662 -0.5484903 0 -0.8361569 -0.5485746 0 -0.8361016 -0.5486356 -0.0198454 -0.835826 -0.5484903 0 -0.8361569 -0.5464658 0.07383891 -0.83422 -0.5355646 0.2023106 -0.8199031 -0.5355646 0.2023106 -0.8199031 -0.5355646 0.2023106 -0.8199031 -0.5485757 0 -0.8361009 -0.5484903 0 -0.8361569 0.5271319 0.2599967 0.8090326 -0.5430814 -0.1274457 -0.829952 0.5336671 -0.2141863 0.8181221 0.5486549 -3.926332e-12 0.8360489 0.5486527 3.275392e-06 0.8360504 -0.5443805 0.1099341 -0.8316035 0.5486492 0.0006055876 0.8360524 0.5506796 5.36527e-07 0.8347167 0.5506789 0.001516326 0.8347158 0.5506858 -0.00068973 0.8347123 0.547394 -0.08517047 0.8325297 0.5349693 0.2071497 0.8190829 0.5349693 0.2071497 0.8190829 0.5486492 -0.0006053116 0.8360524 0.5506845 0.0006894352 0.8347132 0.550679 -0.00151563 0.8347158 0.5473943 0.08515718 0.8325309 0.5329481 -0.2227766 0.8162946 0.5329481 -0.2227766 0.8162946 0.4975019 0.4075899 0.765743 0.5390281 -0.2023563 0.8176189 0.5390278 -0.2023591 0.8176184 0.5478245 0.04179902 0.8355484 0.5185904 -0.3413453 0.7839307 0.5185904 -0.3413453 0.7839307 0.548587 3.249234e-05 0.8360935 0.5287517 0.2521094 0.8104706 0.5287517 0.2521094 0.8104706 0.5287517 0.2521094 0.8104706 0.5478258 -0.04175825 0.8355496 0.548587 -3.24925e-05 0.8360935 0.5487236 0 0.8360038 0.5390281 0.2023563 0.8176189 0.5287517 -0.2521094 0.8104706 0.5287517 -0.2521094 0.8104706 0.5287517 -0.2521094 0.8104706 0.5390278 0.2023591 0.8176184 0.5203461 -0.302447 0.7986024 0.5487236 0 0.8360038 0.5239533 0.3117221 0.7926552 0.5239533 0.3117221 0.7926552 -0.5365957 -0.2232202 -0.81378 -0.5487779 5.736498e-05 -0.8359682 -0.5487668 0 -0.8359755 -0.5487668 0 -0.8359755 -0.5487668 0 -0.8359755 -0.5487668 0 -0.8359755 -0.5487668 0 -0.8359755 0.5479073 -0.03766719 0.8356906 -0.5487668 0 -0.8359755 -0.5487668 0 -0.8359755 -0.5487668 0 -0.8359755 -0.5487779 -5.736586e-05 -0.8359682 -0.5487668 0 -0.8359755 -0.5486429 0.00104245 -0.8360561 -0.5486787 -0.001045884 -0.8360326 0.5483887 6.770268e-06 0.8362235 0.5486393 -0.001058559 0.8360585 0.5486755 0.001053758 0.8360348 -0.5486086 0.005460353 -0.8360615 -0.5486762 0 -0.836035 -0.5486762 0 -0.836035 -0.5486762 0 -0.836035 -0.5487948 -0.005396698 -0.8359397 0.5487856 0.008244528 0.8359225 0.5485029 -0.008319072 0.8361073 0.5485354 -0.004424716 0.8361156 0.5487938 0.007993846 0.8359195 0.5486872 0.004429998 0.836016 0.548524 -0.007714909 0.8360992 0.548673 0.006471095 0.836012 0.5484643 -0.006020143 0.8361523 -0.5480191 0.03681066 -0.8356555 -0.5492292 -0.02957381 -0.8351483 0.5476879 -0.03377787 0.8360006 0.5488081 0.03689149 0.835134 0.5487798 0.03135866 0.8353786 0.5473731 -0.03877186 0.8359901 -0.5486125 0 -0.8360767 -0.5486289 0 -0.836066 -0.5486125 0 -0.8360767 -0.5486111 0 -0.8360777 -0.5486125 0 -0.8360767 -0.5486125 0 -0.8360767 -0.5486125 0 -0.8360767 -0.5486307 0 -0.8360648 -0.5486125 0 -0.8360767 -0.5486125 0 -0.8360767 -0.548733 0 -0.8359976 -0.5484363 0 -0.8361923 -0.5484363 0 -0.8361923 -0.5486125 0 -0.8360767 -0.5480766 -0.06160619 -0.8341563 -0.5486125 0 -0.8360767 -0.5486125 0 -0.8360767 -0.5455951 0.06784075 -0.8352985 0.5486122 -0.006146738 0.8360543 0.5487872 0.004770713 0.8359485 0.5486161 0 0.8360744 0.5486725 0 0.8360374 0.548618 0 0.8360731 0.5486691 0 0.8360396 0.5486127 -3.402693e-05 0.8360766 0.5487586 0.02261348 0.835675 0.5486154 3.3903e-05 0.8360749 0.5486145 0 0.8360755 0.548616 0 0.8360744 0.5481284 -0.0185894 0.8361876 0.5487052 0 0.8360159 0.5487031 0 0.8360173 0.5487032 0 0.8360172 0.5485097 0.04771065 0.8347819 0.5487052 0 0.8360159 -0.5446986 0.1046662 -0.8320748 -0.5406705 -0.2212326 -0.8116228 -0.5488328 0.0001390534 -0.8359321 -0.5474371 0.03507615 -0.8361114 0.5476407 -0.04271339 0.8356227 0.5490446 0.06088362 0.8335725 0.5482617 0.0005340146 0.8363067 0.5482355 -0.0005171265 0.8363238 0.5486871 0 0.8360278 0.5486843 0 0.8360296 0.5485757 0 0.8361009 0.5485757 0 0.8361009 0.5486246 0.00186496 0.8360667 0.5487012 0 0.8360185 0.5487012 0 0.8360185 0.5485614 -0.001929387 0.836108 -0.5461017 0.08198285 -0.8336976 0.5468796 -0.001893557 0.8372091 0.5469419 0.001894581 0.8371684 0.5486512 0 0.8360513 0.5486493 0 0.8360526 0.5481792 -0.02978646 0.8358303 0.5486043 0.03864962 0.8351883 0.5482026 0.06084746 0.8341292 0.547277 -0.05728353 0.8349889 0.5464083 0.1078837 0.8305414 0.5465452 -0.07256358 0.8342799 0.5492777 0.05273849 0.833974 0.5483336 -0.01192488 0.8361747 0.5476333 -0.03057578 0.8361596 0.5486497 0 0.8360523 0.5486497 0 0.8360523 0.5486713 0 0.8360382 0.5486929 0 0.836024 0.5461811 -0.05948092 0.8355526 0.5486647 0.09335933 0.8308135 0.5486497 0 0.8360523 0.5490181 0.07459427 0.8324751 -0.5486197 -0.03479186 -0.8353478 -0.5486197 -0.03479186 -0.8353478 -0.5486197 -0.03479186 -0.8353478 -0.5484903 0 -0.8361569 -0.5485746 0 -0.8361016 -0.5484903 0 -0.8361569 -0.5482989 0.01971469 -0.83605 -0.5486286 0 -0.8360662 -0.5454861 0.07020723 -0.8351741 -0.5421315 0.1136952 -0.8325664 -0.5484903 0 -0.8361569 -0.5489819 -0.01995711 -0.8355959 -0.5301001 -0.273015 -0.8027806 -0.5484903 0 -0.8361569 -0.5485757 0 -0.8361009 -0.5484903 0 -0.8361569 -0.5486312 0 -0.8360645 -0.5484903 0 -0.8361569 -0.548626 0 -0.8360679 -0.5484903 0 -0.8361569 0.5337492 0.2440024 0.8096756 -0.5060551 -0.4009863 -0.7636218 0.5332864 -0.1904247 0.8242233 -0.5360269 0.1720293 -0.8264872 0.5312312 0.265585 0.8045234 0.5506784 -2.510113e-05 0.8347175 0.550704 0.001515699 0.8346993 0.5506692 -0.0007187501 0.8347233 0.5145441 0.3620319 0.7772884 0.5486388 -0.0006051757 0.8360593 0.5487596 0.004576852 0.8359677 0.5506971 0.0006578578 0.8347049 0.5506524 -0.001514862 0.8347333 0.5268192 -0.2374576 0.8161344 0.5268192 -0.2374576 0.8161344 0.5355941 0.2325665 0.8118201 0.5375203 -0.1855371 0.8225861 0.535452 0.2337218 0.811582 0.5486561 2.401245e-05 0.8360481 0.5249847 -0.2756812 0.8052273 0.5249847 -0.2756812 0.8052273 0.1343372 0.9732517 0.1863725 0.548633 -3.101075e-05 0.8360633 0.494786 0.4756953 0.7272557 0.5487236 0 0.8360038 0.5214751 0.357824 0.7746133 0.5214751 0.357824 0.7746133 0.4947125 0.4759663 0.7271284 -0.5356985 -0.2659533 -0.8014337 0.5261201 -0.2417494 0.815325 0.5261201 -0.2417494 0.815325 -0.5487771 5.735193e-05 -0.8359687 -0.5487668 0 -0.8359755 -0.5487668 0 -0.8359755 -0.5487668 0 -0.8359755 -0.5487668 0 -0.8359755 -0.5491259 -0.02774073 -0.8352791 -0.5487668 0 -0.8359755 -0.5487668 0 -0.8359755 -0.5487668 0 -0.8359755 -0.5487788 -5.731479e-05 -0.8359676 -0.5487668 0 -0.8359755 -0.5487668 0 -0.8359755</float_array>
          <technique_common>
            <accessor count="1969" source="#normals-array-array" stride="3">
              <param type="float" name="X"/>
              <param type="float" name="Y"/>
              <param type="float" name="Z"/>
            </accessor>
          </technique_common>
        </source>
        <vertices id="verts-array-vertices">
          <input semantic="POSITION" source="#verts-array"/>
        </vertices>
        <triangles count="2302" material="material1">
          <input offset="0" semantic="VERTEX" source="#verts-array-vertices"/>
          <input offset="1" semantic="NORMAL" source="#normals-array"/>
          <p>0 0 1 1 2 2 3 3 0 0 2 2 0 0 4 4 5 5 0 0 5 5 1 1 6 6 7 7 8 8 8 8 7 7 9 9 9 9 7 7 10 10 7 7 11 11 10 10 7 7 12 12 11 11 12 12 13 13 11 11 12 12 14 14 13 13 14 14 15 15 13 13 15 15 16 16 17 17 14 14 16 16 15 15 17 17 18 18 19 19 16 16 18 18 17 17 19 19 20 20 21 21 18 18 20 20 19 19 21 21 22 22 23 23 20 20 22 22 21 21 3 3 2 2 24 24 25 25 3 3 24 24 26 26 27 27 28 28 26 26 28 28 5 5 4 4 26 26 5 5 25 25 24 24 29 29 30 30 25 25 29 29 30 30 29 29 31 31 32 32 30 30 31 31 33 33 32 32 31 31 33 33 31 31 34 34 35 35 33 33 34 34 22 22 36 36 23 23 22 22 37 37 36 36 37 37 38 38 36 36 37 37 39 39 38 38 39 39 40 40 38 38 39 39 41 41 40 40 41 41 42 42 40 40 41 41 43 43 42 42 43 43 44 44 42 42 43 43 45 45 44 44 45 45 46 46 44 44 46 46 47 47 48 48 48 48 47 47 49 49 45 45 47 47 46 46 47 47 50 50 49 49 47 47 51 51 50 50 52 52 53 53 54 54 54 54 53 53 55 55 53 53 56 56 55 55 57 57 54 54 58 58 57 57 52 52 54 54 59 59 58 58 60 60 59 59 57 57 58 58 61 61 60 60 62 62 61 61 59 59 60 60 63 63 62 62 64 64 63 63 61 61 62 62 65 65 63 63 66 66 66 66 63 63 64 64 67 67 68 68 69 69 69 69 68 68 66 66 68 68 65 65 66 66 70 70 71 71 72 72 71 71 73 73 72 72 71 71 74 74 73 73 71 71 75 75 74 74 75 75 76 76 74 74 75 75 6 6 76 76 6 6 8 8 76 76 8 8 9 9 76 76 9 9 10 10 76 76 77 77 78 78 28 28 27 27 77 77 28 28 79 79 35 35 34 34 79 79 34 34 80 80 81 81 79 79 80 80 81 81 80 80 82 82 83 83 81 81 82 82 83 83 82 82 84 84 85 85 83 83 84 84 85 85 84 84 86 86 85 85 86 86 87 87 88 88 85 85 87 87 89 89 88 88 87 87 89 89 87 87 90 90 91 91 89 89 90 90 49 49 92 92 48 48 49 49 50 50 92 92 50 50 51 51 92 92 93 93 94 94 95 95 95 95 94 94 96 96 96 96 94 94 97 97 92 92 98 98 93 93 93 93 98 98 94 94 51 51 98 98 92 92 99 99 100 100 101 101 101 101 100 100 102 102 100 100 103 103 102 102 104 104 105 105 101 101 105 105 99 99 101 101 106 106 105 105 107 107 107 107 105 105 104 104 108 108 106 106 109 109 109 109 106 106 107 107 110 110 108 108 111 111 111 111 108 108 109 109 56 56 110 110 55 55 55 55 110 110 111 111 112 112 113 113 114 114 114 114 113 113 69 69 113 113 67 67 69 69 115 115 116 116 117 117 115 115 117 117 78 78 77 77 115 115 78 78 118 118 119 119 120 120 120 120 119 119 121 121 119 119 122 122 121 121 119 119 70 70 122 122 70 70 72 72 122 122 72 72 123 123 122 122 72 72 73 73 123 123 73 73 74 74 123 123 124 124 91 91 90 90 124 124 90 90 125 125 103 103 126 126 102 102 102 102 126 126 127 127 126 126 128 128 127 127 129 129 124 124 125 125 129 129 125 125 130 130 131 131 129 129 130 130 132 132 133 133 134 134 134 134 133 133 135 135 135 135 133 133 136 136 93 93 95 95 137 137 137 137 96 96 132 132 95 95 96 96 137 137 132 132 97 97 133 133 96 96 97 97 132 132 138 138 139 139 140 140 140 140 139 139 114 114 139 139 112 112 114 114 141 141 142 142 143 143 141 141 143 143 117 117 116 116 141 141 117 117 144 144 145 145 146 146 146 146 145 145 147 147 145 145 148 148 147 147 148 148 149 149 147 147 144 144 150 150 145 145 144 144 151 151 150 150 148 148 152 152 149 149 151 151 153 153 150 150 151 151 154 154 153 153 152 152 155 155 149 149 156 156 157 157 158 158 158 158 157 157 154 154 154 154 157 157 153 153 156 156 159 159 157 157 156 156 160 160 159 159 157 157 161 161 153 153 162 162 163 163 156 156 156 156 163 163 160 160 162 162 164 164 163 163 165 165 166 166 167 167 167 167 166 166 162 162 162 162 166 166 164 164 152 152 168 168 155 155 118 118 120 120 165 165 120 120 121 121 165 165 166 166 169 169 161 161 165 165 169 169 166 166 121 121 169 169 165 165 121 121 122 122 169 169 168 168 170 170 155 155 168 168 171 171 170 170 171 171 172 172 170 170 171 171 173 173 172 172 173 173 174 174 172 172 173 173 175 175 174 174 175 175 176 176 174 174 175 175 177 177 176 176 128 128 178 178 127 127 127 127 178 178 179 179 178 178 180 180 179 179 181 181 131 131 130 130 181 181 130 130 182 182 183 183 181 181 182 182 177 177 184 184 176 176 176 176 184 184 185 185 185 185 186 186 187 187 184 184 186 186 185 185 187 187 188 188 189 189 186 186 188 188 187 187 189 189 190 190 191 191 188 188 190 190 189 189 190 190 192 192 191 191 192 192 193 193 191 191 192 192 194 194 193 193 194 194 195 195 193 193 194 194 196 196 195 195 196 196 197 197 195 195 198 198 199 199 196 196 196 196 199 199 197 197 200 200 201 201 198 198 198 198 201 201 199 199 200 200 202 202 203 203 200 200 204 204 201 201 203 203 204 204 200 200 203 203 205 205 204 204 206 206 207 207 208 208 208 208 207 207 203 203 203 203 207 207 205 205 209 209 210 210 211 211 211 211 210 210 212 212 212 212 210 210 206 206 206 206 210 210 207 207 209 209 213 213 210 210 209 209 214 214 213 213 202 202 215 215 209 209 209 209 215 215 214 214 132 132 134 134 215 215 215 215 134 134 214 214 134 134 135 135 214 214 135 135 136 136 214 214 216 216 217 217 218 218 218 218 138 138 140 140 217 217 138 138 218 218 219 219 220 220 143 143 142 142 219 219 143 143 221 221 222 222 223 223 221 221 223 223 224 224 225 225 221 221 224 224 225 225 224 224 226 226 227 227 225 225 226 226 227 227 226 226 228 228 229 229 227 227 228 228 229 229 228 228 230 230 229 229 230 230 231 231 232 232 229 229 231 231 232 232 231 231 233 233 234 234 232 232 233 233 234 234 233 233 235 235 236 236 234 234 235 235 236 236 235 235 237 237 238 238 236 236 237 237 238 238 237 237 239 239 240 240 238 238 239 239 240 240 239 239 241 241 242 242 240 240 241 241 242 242 241 241 243 243 244 244 242 242 243 243 244 244 243 243 245 245 246 246 244 244 245 245 246 246 245 245 220 220 219 219 246 246 220 220 247 247 217 217 248 248 248 248 217 217 249 249 217 217 250 250 249 249 251 251 252 252 248 248 252 252 247 247 248 248 253 253 254 254 251 251 254 254 252 252 251 251 255 255 256 256 253 253 256 256 254 254 253 253 257 257 258 258 255 255 258 258 256 256 255 255 259 259 258 258 260 260 260 260 258 258 257 257 261 261 259 259 262 262 262 262 259 259 260 260 263 263 261 261 264 264 264 264 261 261 262 262 265 265 263 263 266 266 266 266 263 263 264 264 267 267 268 268 269 269 269 269 268 268 266 266 268 268 265 265 266 266 270 270 271 271 272 272 270 270 272 272 223 223 222 222 270 270 223 223 179 179 180 180 273 273 180 180 274 274 273 273 274 274 275 275 273 273 183 183 182 182 276 276 277 277 183 183 276 276 278 278 269 269 279 279 278 278 267 267 269 269 280 280 279 279 281 281 280 280 278 278 279 279 282 282 281 281 283 283 282 282 280 280 281 281 284 284 283 283 285 285 284 284 282 282 283 283 286 286 284 284 287 287 287 287 284 284 285 285 288 288 286 286 289 289 289 289 286 286 287 287 290 290 288 288 291 291 291 291 288 288 289 289 292 292 290 290 293 293 293 293 290 290 291 291 294 294 274 274 295 295 295 295 274 274 293 293 274 274 292 292 293 293 277 277 276 276 296 296 297 297 277 277 296 296 297 297 296 296 298 298 299 299 297 297 298 298 299 299 298 298 300 300 301 301 299 299 300 300 301 301 300 300 302 302 303 303 301 301 302 302 304 304 303 303 302 302 304 304 302 302 305 305 306 306 304 304 305 305 306 306 305 305 307 307 308 308 306 306 307 307 308 308 307 307 309 309 310 310 308 308 309 309 310 310 309 309 311 311 312 312 310 310 311 311 312 312 311 311 313 313 312 312 313 313 314 314 315 315 312 312 314 314 315 315 314 314 316 316 317 317 315 315 316 316 317 317 316 316 318 318 319 319 317 317 318 318 319 319 318 318 272 272 271 271 319 319 272 272 320 320 321 321 322 322 320 320 323 323 321 321 324 324 325 325 326 326 321 321 327 327 322 322 321 321 328 328 327 327 323 323 329 329 321 321 321 321 329 329 328 328 323 323 330 330 329 329 320 320 331 331 323 323 323 323 331 331 330 330 325 325 332 332 326 326 326 326 332 332 333 333 334 334 335 335 336 336 334 334 337 337 335 335 337 337 338 338 335 335 335 335 338 338 339 339 327 327 340 340 322 322 328 328 340 340 327 327 329 329 340 340 328 328 320 320 341 341 331 331 331 331 341 341 330 330 330 330 341 341 329 329 329 329 341 341 340 340 332 332 342 342 333 333 333 333 342 342 343 343 338 338 344 344 339 339 338 338 345 345 344 344 346 346 347 347 348 348 349 349 347 347 346 346 350 350 347 347 349 349 348 348 347 347 351 351 352 352 353 353 350 350 354 354 353 353 352 352 355 355 353 353 354 354 356 356 357 357 358 358 359 359 353 353 355 355 347 347 360 360 351 351 361 361 360 360 347 347 359 359 362 362 353 353 362 362 363 363 353 353 364 364 365 365 324 324 345 345 365 365 344 344 344 344 365 365 364 364 366 366 367 367 368 368 366 366 369 369 367 367 370 370 371 371 372 372 372 372 371 371 373 373 374 374 375 375 370 370 376 376 377 377 378 378 371 371 379 379 373 373 374 374 380 380 375 375 347 347 381 381 361 361 363 363 382 382 353 353 340 340 383 383 322 322 341 341 383 383 340 340 320 320 384 384 341 341 341 341 384 384 383 383 342 342 385 385 343 343 342 342 386 386 385 385 324 324 387 387 364 364 365 365 388 388 324 324 369 369 389 389 367 367 367 367 389 389 390 390 391 391 392 392 393 393 377 377 394 394 378 378 377 377 395 395 394 394 392 392 396 396 393 393 353 353 397 397 347 347 347 347 397 397 381 381 372 372 398 398 370 370 397 397 398 398 372 372 353 353 398 398 397 397 382 382 398 398 353 353 324 324 399 399 387 387 388 388 400 400 324 324 389 389 401 401 390 390 389 389 402 402 401 401 403 403 404 404 405 405 393 393 406 406 391 391 407 407 404 404 408 408 391 391 404 404 409 409 405 405 404 404 407 407 410 410 411 411 393 393 412 412 413 413 414 414 415 415 413 413 368 368 416 416 411 411 417 417 418 418 411 411 419 419 419 419 411 411 416 416 368 368 413 413 366 366 373 373 420 420 372 372 372 372 420 420 397 397 370 370 421 421 374 374 398 398 421 421 370 370 422 422 423 423 424 424 425 425 423 423 422 422 383 383 423 423 426 426 424 424 423 423 427 427 428 428 429 429 430 430 383 383 429 429 423 423 423 423 431 431 427 427 384 384 429 429 383 383 427 427 429 429 432 432 433 433 434 434 435 435 436 436 429 429 428 428 320 320 429 429 384 384 437 437 438 438 439 439 423 423 440 440 322 322 320 320 441 441 429 429 439 439 442 442 218 218 218 218 442 442 216 216 385 385 442 442 438 438 386 386 442 442 385 385 438 438 442 442 439 439 385 385 443 443 343 343 438 438 443 443 385 385 326 326 443 443 324 324 444 444 445 445 446 446 343 343 443 443 333 333 333 333 443 443 326 326 447 447 448 448 438 438 325 325 449 449 332 332 324 324 449 449 325 325 450 450 451 451 444 444 342 342 449 449 386 386 332 332 449 449 342 342 442 442 449 449 452 452 386 386 449 449 442 442 453 453 454 454 455 455 403 403 454 454 404 404 446 446 456 456 457 457 344 344 458 458 339 339 335 335 458 458 336 336 387 387 458 458 364 364 364 364 458 458 344 344 459 459 454 454 453 453 339 339 458 458 335 335 365 365 460 460 388 388 402 402 461 461 401 401 462 462 463 463 450 450 336 336 460 460 334 334 401 401 461 461 464 464 338 338 460 460 345 345 411 411 465 465 417 417 458 458 460 460 336 336 334 334 460 460 337 337 345 345 460 460 365 365 466 466 465 465 467 467 337 337 460 460 338 338 468 468 465 465 466 466 454 454 469 469 404 404 409 409 469 469 371 371 373 373 469 469 420 420 404 404 469 469 409 409 459 459 469 469 454 454 379 379 469 469 373 373 371 371 469 469 379 379 421 421 470 470 374 374 410 410 470 470 411 411 375 375 470 470 410 410 411 411 470 470 465 465 374 374 470 470 380 380 380 380 470 470 375 375 465 465 470 470 467 467 348 348 471 471 346 346 346 346 471 471 349 349 349 349 471 471 350 350 397 397 471 471 381 381 425 425 472 472 423 423 473 473 474 474 475 475 420 420 471 471 397 397 360 360 471 471 351 351 361 361 471 471 360 360 475 475 474 474 476 476 351 351 471 471 348 348 427 427 474 474 473 473 469 469 471 471 420 420 459 459 471 471 469 469 381 381 471 471 361 361 350 350 477 477 352 352 352 352 477 477 354 354 354 354 477 477 355 355 478 478 479 479 480 480 421 421 477 477 470 470 429 429 481 481 430 430 470 470 477 477 467 467 398 398 477 477 421 421 472 472 481 481 356 356 359 359 477 477 362 362 427 427 481 481 472 472 362 362 477 477 363 363 482 482 479 479 427 427 435 435 477 477 433 433 355 355 477 477 359 359 480 480 479 479 483 483 363 363 477 477 382 382 382 382 477 477 398 398 484 484 485 485 486 486 484 484 487 487 485 485 488 488 489 489 490 490 485 485 491 491 486 486 485 485 492 492 491 491 487 487 493 493 485 485 485 485 493 493 492 492 487 487 494 494 493 493 484 484 495 495 487 487 487 487 495 495 494 494 489 489 496 496 490 490 490 490 496 496 497 497 498 498 499 499 500 500 498 498 501 501 499 499 501 501 502 502 499 499 499 499 502 502 503 503 491 491 504 504 486 486 492 492 504 504 491 491 493 493 504 504 492 492 484 484 505 505 495 495 495 495 505 505 494 494 494 494 505 505 493 493 493 493 505 505 504 504 496 496 506 506 497 497 497 497 506 506 507 507 502 502 508 508 503 503 502 502 509 509 508 508 510 510 511 511 512 512 513 513 511 511 510 510 514 514 511 511 513 513 512 512 511 511 515 515 516 516 517 517 514 514 518 518 517 517 516 516 519 519 517 517 518 518 520 520 521 521 522 522 523 523 517 517 519 519 511 511 524 524 515 515 525 525 524 524 511 511 523 523 526 526 517 517 526 526 527 527 517 517 528 528 529 529 488 488 509 509 529 529 508 508 508 508 529 529 528 528 530 530 531 531 532 532 530 530 533 533 531 531 534 534 535 535 536 536 536 536 535 535 537 537 538 538 539 539 534 534 540 540 541 541 542 542 535 535 543 543 537 537 538 538 544 544 539 539 511 511 545 545 525 525 527 527 546 546 517 517 504 504 547 547 486 486 505 505 547 547 504 504 484 484 548 548 505 505 505 505 548 548 547 547 506 506 549 549 507 507 506 506 550 550 549 549 488 488 551 551 528 528 529 529 552 552 488 488 533 533 553 553 531 531 531 531 553 553 554 554 555 555 556 556 557 557 541 541 558 558 542 542 541 541 559 559 558 558 556 556 560 560 557 557 517 517 561 561 511 511 511 511 561 561 545 545 536 536 562 562 534 534 561 561 562 562 536 536 517 517 562 562 561 561 546 546 562 562 517 517 488 488 563 563 551 551 552 552 564 564 488 488 553 553 565 565 554 554 553 553 566 566 565 565 567 567 568 568 569 569 557 557 570 570 555 555 571 571 568 568 572 572 555 555 568 568 573 573 569 569 568 568 571 571 574 574 575 575 557 557 576 576 577 577 578 578 579 579 577 577 532 532 580 580 575 575 581 581 582 582 575 575 583 583 583 583 575 575 580 580 532 532 577 577 530 530 537 537 584 584 536 536 536 536 584 584 561 561 534 534 585 585 538 538 562 562 585 585 534 534 586 586 587 587 588 588 589 589 587 587 586 586 547 547 587 587 486 486 588 588 587 587 590 590 591 591 592 592 593 593 547 547 592 592 587 587 587 587 594 594 590 590 548 548 592 592 547 547 590 590 592 592 595 595 596 596 597 597 598 598 599 599 592 592 591 591 600 600 592 592 548 548 250 250 601 601 249 249 587 587 602 602 486 486 484 484 603 603 592 592 249 249 604 604 605 605 605 605 604 604 606 606 549 549 604 604 601 601 550 550 604 604 549 549 601 601 604 604 249 249 549 549 607 607 507 507 601 601 607 607 549 549 490 490 607 607 488 488 608 608 609 609 610 610 507 507 607 607 497 497 497 497 607 607 490 490 611 611 607 607 601 601 489 489 612 612 496 496 488 488 612 612 489 489 613 613 614 614 608 608 506 506 612 612 550 550 496 496 612 612 506 506 604 604 615 615 616 616 550 550 612 612 604 604 617 617 618 618 619 619 567 567 618 618 568 568 610 610 620 620 621 621 508 508 622 622 503 503 499 499 622 622 500 500 551 551 622 622 528 528 528 528 622 622 508 508 623 623 618 618 617 617 503 503 622 622 499 499 529 529 624 624 552 552 566 566 625 625 565 565 626 626 627 627 613 613 500 500 624 624 498 498 565 565 625 625 628 628 502 502 624 624 509 509 575 575 629 629 581 581 622 622 624 624 500 500 498 498 624 624 501 501 509 509 624 624 529 529 630 630 629 629 631 631 501 501 624 624 502 502 632 632 629 629 630 630 618 618 633 633 568 568 573 573 633 633 535 535 537 537 633 633 584 584 568 568 633 633 573 573 623 623 633 633 618 618 543 543 633 633 537 537 535 535 633 633 543 543 585 585 634 634 538 538 574 574 634 634 575 575 539 539 634 634 574 574 575 575 634 634 629 629 538 538 634 634 544 544 544 544 634 634 539 539 629 629 634 634 631 631 512 512 635 635 510 510 510 510 635 635 513 513 513 513 635 635 514 514 561 561 635 635 545 545 589 589 636 636 587 587 637 637 638 638 639 639 584 584 635 635 561 561 524 524 635 635 515 515 525 525 635 635 524 524 639 639 638 638 640 640 515 515 635 635 512 512 590 590 638 638 637 637 633 633 635 635 584 584 623 623 635 635 633 633 545 545 635 635 525 525 514 514 641 641 516 516 516 516 641 641 518 518 518 518 641 641 519 519 642 642 643 643 644 644 585 585 641 641 634 634 592 592 645 645 593 593 634 634 641 641 631 631 562 562 641 641 585 585 636 636 645 645 520 520 523 523 641 641 526 526 590 590 645 645 636 636 526 526 641 641 527 527 646 646 643 643 590 590 598 598 641 641 596 596 519 519 641 641 523 523 644 644 643 643 647 647 527 527 641 641 546 546 546 546 641 641 562 562 648 648 649 649 484 484 648 648 650 650 649 649 651 651 652 652 653 653 649 649 654 654 484 484 649 649 655 655 654 654 650 650 656 656 649 649 649 649 656 656 655 655 650 650 657 657 656 656 648 648 658 658 650 650 650 650 658 658 657 657 652 652 659 659 653 653 653 653 659 659 660 660 661 661 662 662 663 663 663 663 662 662 664 664 662 662 665 665 664 664 662 662 666 666 665 665 654 654 667 667 484 484 655 655 667 667 654 654 656 656 667 667 655 655 648 648 668 668 658 658 657 657 668 668 656 656 658 658 668 668 657 657 656 656 668 668 667 667 660 660 669 669 670 670 659 659 669 669 660 660 666 666 671 671 665 665 666 666 672 672 671 671 673 673 674 674 675 675 676 676 674 674 677 677 677 677 674 674 673 673 675 675 674 674 678 678 679 679 680 680 676 676 681 681 680 680 679 679 682 682 680 680 681 681 683 683 684 684 685 685 686 686 680 680 682 682 687 687 688 688 674 674 674 674 688 688 678 678 686 686 512 512 680 680 512 512 689 689 680 680 672 672 690 690 671 671 672 672 691 691 690 690 690 690 691 691 651 651 692 692 693 693 694 694 694 694 693 693 695 695 696 696 697 697 698 698 698 698 697 697 699 699 700 700 701 701 696 696 702 702 703 703 704 704 697 697 705 705 699 699 700 700 706 706 701 701 674 674 707 707 687 687 689 689 708 708 680 680 667 667 709 709 484 484 668 668 709 709 667 667 668 668 710 710 709 709 648 648 710 710 668 668 669 669 711 711 670 670 669 669 712 712 711 711 651 651 713 713 690 690 691 691 714 714 651 651 693 693 715 715 695 695 693 693 716 716 715 715 717 717 718 718 719 719 704 704 720 720 721 721 703 703 720 720 704 704 719 719 718 718 722 722 680 680 562 562 674 674 698 698 562 562 696 696 674 674 562 562 707 707 562 562 723 723 696 696 708 708 723 723 680 680 680 680 723 723 562 562 651 651 724 724 713 713 714 714 725 725 651 651 715 715 726 726 727 727 716 716 726 726 715 715 728 728 729 729 730 730 719 719 729 729 731 731 732 732 729 729 728 728 730 730 729 729 733 733 734 734 735 735 736 736 737 737 738 738 739 739 739 739 740 740 694 694 694 694 740 740 692 692 741 741 735 735 734 734 742 742 735 735 722 722 722 722 743 743 719 719 744 744 735 735 741 741 699 699 585 585 698 698 698 698 585 585 562 562 696 696 745 745 700 700 723 723 745 745 696 696 709 709 746 746 747 747 748 748 746 746 749 749 750 750 746 746 748 748 749 749 746 746 751 751 752 752 753 753 754 754 755 755 756 756 757 757 746 746 758 758 751 751 709 709 756 756 746 746 751 751 756 756 759 759 760 760 761 761 762 762 763 763 756 756 755 755 764 764 756 756 709 709 606 606 765 765 605 605 746 746 766 766 484 484 605 605 767 767 768 768 768 768 767 767 769 769 712 712 767 767 711 711 711 711 767 767 765 765 765 765 767 767 605 605 648 648 770 770 771 771 711 711 772 772 670 670 773 773 774 774 775 775 653 653 776 776 651 651 765 765 772 772 711 711 670 670 772 772 660 660 660 660 776 776 653 653 777 777 778 778 765 765 652 652 779 779 659 659 651 651 779 779 652 652 669 669 779 779 712 712 659 659 779 779 669 669 780 780 781 781 773 773 767 767 779 779 782 782 712 712 779 779 767 767 783 783 784 784 785 785 713 713 786 786 690 690 690 690 786 786 671 671 775 775 787 787 788 788 671 671 786 786 665 665 732 732 784 784 729 729 664 664 786 786 663 663 789 789 784 784 790 790 665 665 786 786 664 664 691 691 791 791 714 714 735 735 792 792 736 736 726 726 793 793 727 727 663 663 791 791 661 661 794 794 795 795 780 780 727 727 791 791 786 786 666 666 791 791 672 672 661 661 791 791 662 662 796 796 792 792 797 797 672 672 791 791 691 691 798 798 792 792 796 796 786 786 791 791 663 663 662 662 791 791 666 666 729 729 634 634 731 731 731 731 634 634 697 697 699 699 634 634 585 585 784 784 634 634 729 729 705 705 634 634 699 699 697 697 634 634 705 705 789 789 634 634 784 784 701 701 799 799 742 742 742 742 799 799 735 735 745 745 799 799 700 700 792 792 799 799 797 797 700 700 799 799 706 706 706 706 799 799 701 701 735 735 799 799 792 792 675 675 800 800 673 673 677 677 800 800 676 676 562 562 800 800 707 707 585 585 800 800 562 562 750 750 801 801 746 746 634 634 800 800 585 585 688 688 800 800 678 678 789 789 800 800 634 634 673 673 800 800 677 677 687 687 800 800 688 688 802 802 803 803 804 804 804 804 803 803 805 805 678 678 800 800 675 675 751 751 803 803 802 802 707 707 800 800 687 687 708 708 806 806 723 723 676 676 806 806 679 679 679 679 806 806 681 681 681 681 806 806 682 682 807 807 808 808 809 809 801 801 810 810 683 683 689 689 806 806 708 708 745 745 806 806 799 799 771 771 810 810 757 757 512 512 806 806 689 689 686 686 806 806 512 512 811 811 808 808 751 751 682 682 806 806 686 686 762 762 806 806 760 760 723 723 806 806 745 745 809 809 808 808 812 812 799 799 806 806 797 797 751 751 810 810 801 801 813 813 814 814 648 648 813 813 815 815 814 814 816 816 817 817 818 818 814 814 819 819 648 648 814 814 820 820 819 819 815 815 821 821 814 814 814 814 821 821 820 820 815 815 822 822 821 821 813 813 823 823 815 815 815 815 823 823 822 822 817 817 824 824 818 818 818 818 824 824 825 825 826 826 827 827 828 828 828 828 827 827 829 829 827 827 830 830 829 829 829 829 830 830 831 831 819 819 832 832 648 648 820 820 832 832 819 819 821 821 832 832 820 820 813 813 833 833 823 823 822 822 833 833 821 821 823 823 833 833 822 822 821 821 833 833 832 832 825 825 834 834 835 835 824 824 834 834 825 825 830 830 836 836 831 831 831 831 836 836 837 837 838 838 839 839 840 840 841 841 839 839 842 842 842 842 839 839 838 838 840 840 839 839 843 843 844 844 845 845 841 841 846 846 845 845 844 844 847 847 845 845 846 846 848 848 849 849 850 850 851 851 845 845 847 847 839 839 852 852 843 843 853 853 852 852 839 839 851 851 854 854 845 845 854 854 855 855 845 845 836 836 856 856 837 837 836 836 857 857 856 856 856 856 857 857 816 816 858 858 859 859 860 860 860 860 859 859 861 861 862 862 863 863 864 864 864 864 863 863 865 865 866 866 867 867 862 862 868 868 869 869 870 870 863 863 871 871 865 865 866 866 872 872 867 867 839 839 873 873 853 853 855 855 874 874 845 845 832 832 875 875 648 648 833 833 876 876 832 832 832 832 876 876 875 875 813 813 876 876 833 833 835 835 877 877 878 878 834 834 877 877 835 835 816 816 879 879 856 856 857 857 880 880 816 816 859 859 881 881 861 861 859 859 882 882 881 881 883 883 884 884 885 885 869 869 886 886 870 870 884 884 887 887 885 885 869 869 888 888 886 886 845 845 889 889 839 839 839 839 889 889 873 873 889 889 890 890 864 864 864 864 890 890 862 862 845 845 890 890 889 889 874 874 890 890 845 845 816 816 891 891 879 879 880 880 892 892 816 816 881 881 893 893 894 894 882 882 893 893 881 881 895 895 896 896 897 897 898 898 896 896 895 895 883 883 896 896 899 899 897 897 896 896 900 900 885 885 901 901 883 883 902 902 903 903 904 904 904 904 905 905 860 860 860 860 905 905 858 858 906 906 907 907 908 908 908 908 907 907 909 909 910 910 907 907 885 885 909 909 907 907 911 911 864 864 745 745 889 889 865 865 745 745 864 864 862 862 912 912 866 866 890 890 912 912 862 862 913 913 914 914 915 915 916 916 917 917 918 918 915 915 914 914 919 919 876 876 914 914 920 920 921 921 922 922 923 923 924 924 914 914 925 925 926 926 927 927 928 928 929 929 930 930 925 925 931 931 932 932 933 933 934 934 927 927 914 914 925 925 927 927 935 935 935 935 927 927 926 926 769 769 936 936 768 768 937 937 938 938 648 648 877 877 936 936 878 878 768 768 939 939 940 940 940 940 939 939 941 941 877 877 939 939 936 936 936 936 939 939 768 768 813 813 942 942 930 930 878 878 943 943 835 835 818 818 943 943 816 816 835 835 943 943 825 825 944 944 945 945 946 946 825 825 943 943 818 818 936 936 947 947 878 878 948 948 949 949 936 936 834 834 950 950 877 877 951 951 952 952 944 944 817 817 950 950 824 824 816 816 950 950 817 817 824 824 950 950 834 834 877 877 953 953 939 939 939 939 954 954 955 955 956 956 957 957 958 958 879 879 959 959 856 856 946 946 960 960 961 961 837 837 962 962 831 831 829 829 962 962 828 828 856 856 959 959 837 837 963 963 964 964 965 965 831 831 962 962 829 829 898 898 957 957 896 896 857 857 966 966 880 880 830 830 967 967 836 836 828 828 967 967 826 826 962 962 967 967 828 828 893 893 968 968 894 894 907 907 969 969 911 911 826 826 967 967 827 827 970 970 971 971 972 972 973 973 969 969 974 974 894 894 968 968 975 975 827 827 967 967 830 830 836 836 966 966 857 857 976 976 977 977 951 951 899 899 799 799 863 863 863 863 799 799 871 871 956 956 799 799 957 957 896 896 799 799 899 899 865 865 799 799 745 745 957 957 799 799 896 896 871 871 799 799 865 865 912 912 978 978 866 866 910 910 978 978 907 907 907 907 978 978 969 969 867 867 978 978 910 910 969 969 978 978 974 974 872 872 978 978 867 867 866 866 978 978 872 872 913 913 979 979 937 937 840 840 806 806 838 838 842 842 806 806 841 841 889 889 806 806 873 873 980 980 981 981 982 982 799 799 806 806 745 745 956 956 806 806 799 799 838 838 806 806 842 842 852 852 806 806 843 843 983 983 981 981 980 980 853 853 806 806 852 852 843 843 806 806 840 840 923 923 806 806 921 921 925 925 981 981 984 984 745 745 806 806 889 889 873 873 806 806 853 853 841 841 985 985 844 844 844 844 985 985 846 846 846 846 985 985 847 847 986 986 987 987 988 988 874 874 985 985 890 890 912 912 985 985 978 978 930 930 989 989 928 928 890 890 985 985 912 912 979 979 989 989 848 848 851 851 985 985 854 854 854 854 985 985 855 855 978 978 985 985 974 974 847 847 985 985 851 851 990 990 987 987 925 925 988 988 987 987 990 990 925 925 989 989 979 979 855 855 985 985 874 874 322 322 991 991 813 813 322 322 992 992 991 991 993 993 994 994 995 995 991 991 996 996 813 813 991 991 997 997 996 996 992 992 998 998 991 991 991 991 998 998 997 997 992 992 999 999 998 998 322 322 1000 1000 992 992 992 992 1000 1000 999 999 994 994 1001 1001 995 995 995 995 1001 1001 1002 1002 1003 1003 1004 1004 1005 1005 1005 1005 1004 1004 1006 1006 1004 1004 1007 1007 1006 1006 1004 1004 1008 1008 1007 1007 996 996 1009 1009 813 813 997 997 1009 1009 996 996 998 998 1009 1009 997 997 322 322 1010 1010 1000 1000 999 999 1010 1010 998 998 1000 1000 1010 1010 999 999 998 998 1010 1010 1009 1009 1002 1002 1011 1011 1012 1012 1001 1001 1011 1011 1002 1002 1008 1008 1013 1013 1007 1007 1008 1008 1014 1014 1013 1013 1015 1015 1016 1016 1017 1017 1018 1018 1016 1016 1019 1019 1019 1019 1016 1016 1015 1015 1017 1017 1016 1016 1020 1020 1021 1021 1022 1022 1018 1018 1023 1023 1022 1022 1021 1021 1024 1024 1022 1022 1023 1023 1025 1025 1026 1026 1027 1027 1028 1028 1022 1022 1024 1024 1029 1029 1030 1030 1016 1016 1016 1016 1030 1030 1020 1020 1028 1028 1031 1031 1022 1022 1031 1031 1032 1032 1022 1022 1014 1014 1033 1033 1013 1013 1014 1014 1034 1034 1033 1033 1033 1033 1034 1034 993 993 1035 1035 1036 1036 1037 1037 1037 1037 1036 1036 1038 1038 1039 1039 1040 1040 1041 1041 1041 1041 1040 1040 1042 1042 1043 1043 1044 1044 1039 1039 1045 1045 1046 1046 1047 1047 1040 1040 1048 1048 1042 1042 1043 1043 1049 1049 1044 1044 1016 1016 1050 1050 1029 1029 1032 1032 1051 1051 1022 1022 1009 1009 1052 1052 813 813 1010 1010 1052 1052 1009 1009 1010 1010 1053 1053 1052 1052 322 322 1053 1053 1010 1010 1011 1011 1054 1054 1012 1012 1011 1011 1055 1055 1054 1054 993 993 1056 1056 1033 1033 1034 1034 1057 1057 993 993 1036 1036 1058 1058 1038 1038 1036 1036 1059 1059 1058 1058 1060 1060 1061 1061 1062 1062 1047 1047 1063 1063 1064 1064 1046 1046 1063 1063 1047 1047 1062 1062 1061 1061 1065 1065 1022 1022 1066 1066 1016 1016 1041 1041 1066 1066 1039 1039 1016 1016 1066 1066 1050 1050 1066 1066 397 397 1039 1039 1051 1051 397 397 1022 1022 1022 1022 397 397 1066 1066 993 993 1067 1067 1056 1056 1057 1057 1068 1068 993 993 1058 1058 1069 1069 1070 1070 1059 1059 1069 1069 1058 1058 1071 1071 1072 1072 1073 1073 1062 1062 1072 1072 1074 1074 1075 1075 1072 1072 1071 1071 1073 1073 1072 1072 1076 1076 1077 1077 1078 1078 1079 1079 1080 1080 1081 1081 1082 1082 1082 1082 1083 1083 1037 1037 1037 1037 1083 1083 1035 1035 1084 1084 1078 1078 1077 1077 1085 1085 1078 1078 1065 1065 1065 1065 1086 1086 1062 1062 1087 1087 1078 1078 1084 1084 1042 1042 912 912 1041 1041 1041 1041 912 912 1066 1066 1039 1039 420 420 1043 1043 397 397 420 420 1039 1039 1052 1052 1088 1088 1089 1089 1090 1090 1088 1088 1091 1091 1092 1092 1088 1088 1090 1090 1091 1091 1088 1088 1093 1093 1094 1094 1095 1095 1053 1053 1096 1096 1095 1095 1097 1097 1088 1088 1098 1098 1093 1093 1052 1052 1095 1095 1088 1088 1093 1093 1095 1095 1099 1099 1100 1100 1101 1101 1102 1102 1103 1103 1095 1095 1096 1096 1053 1053 1095 1095 1052 1052 941 941 1104 1104 940 940 1088 1088 1105 1105 813 813 940 940 1106 1106 439 439 439 439 1106 1106 437 437 1055 1055 1106 1106 1054 1054 1054 1054 1106 1106 1104 1104 1104 1104 1106 1106 940 940 322 322 1107 1107 1095 1095 1054 1054 1108 1108 1012 1012 1109 1109 1110 1110 1111 1111 995 995 1108 1108 993 993 1104 1104 1108 1108 1054 1054 1012 1012 1108 1108 1002 1002 1002 1002 1108 1108 995 995 1112 1112 1108 1108 1104 1104 994 994 1113 1113 1001 1001 993 993 1113 1113 994 994 1011 1011 1113 1113 1055 1055 1001 1001 1113 1113 1011 1011 1114 1114 1115 1115 1109 1109 1106 1106 1116 1116 1117 1117 1055 1055 1113 1113 1106 1106 1118 1118 1119 1119 1120 1120 1056 1056 1121 1121 1033 1033 1033 1033 1121 1121 1013 1013 1111 1111 1122 1122 1123 1123 1013 1013 1121 1121 1007 1007 1075 1075 1119 1119 1072 1072 1006 1006 1121 1121 1005 1005 1124 1124 1119 1119 1118 1118 1007 1007 1121 1121 1006 1006 1034 1034 1125 1125 1057 1057 1078 1078 1126 1126 1079 1079 1069 1069 1127 1127 1070 1070 1005 1005 1125 1125 1003 1003 1128 1128 1129 1129 1114 1114 1070 1070 1125 1125 1121 1121 1008 1008 1125 1125 1014 1014 1003 1003 1125 1125 1004 1004 1130 1130 1126 1126 1131 1131 1014 1014 1125 1125 1034 1034 1132 1132 1126 1126 1130 1130 1121 1121 1125 1125 1005 1005 1004 1004 1125 1125 1008 1008 1072 1072 978 978 1074 1074 1074 1074 978 978 1040 1040 1042 1042 978 978 912 912 1119 1119 978 978 1072 1072 1048 1048 978 978 1042 1042 1040 1040 978 978 1048 1048 1124 1124 978 978 1119 1119 1044 1044 469 469 1085 1085 1085 1085 469 469 1078 1078 420 420 469 469 1043 1043 1126 1126 469 469 1131 1131 1043 1043 469 469 1049 1049 1049 1049 469 469 1044 1044 1078 1078 469 469 1126 1126 1017 1017 985 985 1015 1015 1019 1019 985 985 1018 1018 1066 1066 985 985 1050 1050 912 912 985 985 1066 1066 1092 1092 1133 1133 1088 1088 978 978 985 985 912 912 1030 1030 985 985 1020 1020 1124 1124 985 985 978 978 1015 1015 985 985 1019 1019 1029 1029 985 985 1030 1030 1134 1134 1135 1135 1136 1136 1136 1136 1135 1135 1137 1137 1020 1020 985 985 1017 1017 1093 1093 1135 1135 1134 1134 1050 1050 985 985 1029 1029 1051 1051 1138 1138 397 397 1018 1018 1138 1138 1021 1021 1021 1021 1138 1138 1023 1023 1023 1023 1138 1138 1024 1024 1139 1139 1140 1140 1141 1141 1133 1133 1142 1142 1025 1025 1032 1032 1138 1138 1051 1051 420 420 1138 1138 469 469 1095 1095 1142 1142 1097 1097 1031 1031 1138 1138 1032 1032 1028 1028 1138 1138 1031 1031 1143 1143 1140 1140 1093 1093 1024 1024 1138 1138 1028 1028 1102 1102 1138 1138 1100 1100 397 397 1138 1138 420 420 1141 1141 1140 1140 1144 1144 469 469 1138 1138 1131 1131 1093 1093 1142 1142 1133 1133 1145 1145 1146 1146 1147 1147 1145 1145 1148 1148 1146 1146 1149 1149 1150 1150 1151 1151 1146 1146 1152 1152 1147 1147 1146 1146 1153 1153 1152 1152 1148 1148 1154 1154 1146 1146 1146 1146 1154 1154 1153 1153 1148 1148 1155 1155 1154 1154 1145 1145 1156 1156 1148 1148 1148 1148 1156 1156 1155 1155 1150 1150 1157 1157 1151 1151 1151 1151 1157 1157 1158 1158 1159 1159 1160 1160 1161 1161 1159 1159 1162 1162 1160 1160 1162 1162 1163 1163 1160 1160 1160 1160 1163 1163 1164 1164 1152 1152 1165 1165 1147 1147 1153 1153 1165 1165 1152 1152 1154 1154 1165 1165 1153 1153 1145 1145 1166 1166 1156 1156 1156 1156 1166 1166 1155 1155 1155 1155 1166 1166 1154 1154 1154 1154 1166 1166 1165 1165 1157 1157 1167 1167 1158 1158 1158 1158 1167 1167 1168 1168 1163 1163 1169 1169 1164 1164 1163 1163 1170 1170 1169 1169 1171 1171 1172 1172 1173 1173 1174 1174 1172 1172 1171 1171 1175 1175 1172 1172 1174 1174 1173 1173 1172 1172 1176 1176 1177 1177 1178 1178 1175 1175 1179 1179 1178 1178 1177 1177 1180 1180 1178 1178 1179 1179 1181 1181 1182 1182 1183 1183 1184 1184 1178 1178 1180 1180 1172 1172 1185 1185 1176 1176 1186 1186 1185 1185 1172 1172 1184 1184 1187 1187 1178 1178 1187 1187 1188 1188 1178 1178 1189 1189 1190 1190 1149 1149 1170 1170 1190 1190 1169 1169 1169 1169 1190 1190 1189 1189 1191 1191 1192 1192 1193 1193 1191 1191 1194 1194 1192 1192 1195 1195 1196 1196 1197 1197 1197 1197 1196 1196 1198 1198 1199 1199 1200 1200 1195 1195 1201 1201 1202 1202 1203 1203 1196 1196 1204 1204 1198 1198 1199 1199 1205 1205 1200 1200 1172 1172 1206 1206 1186 1186 1188 1188 1207 1207 1178 1178 1165 1165 1208 1208 1147 1147 1166 1166 1208 1208 1165 1165 1145 1145 1209 1209 1166 1166 1166 1166 1209 1209 1208 1208 1167 1167 1210 1210 1168 1168 1167 1167 1211 1211 1210 1210 1149 1149 1212 1212 1189 1189 1190 1190 1213 1213 1149 1149 1194 1194 1214 1214 1192 1192 1192 1192 1214 1214 1215 1215 1216 1216 1217 1217 1218 1218 1202 1202 1219 1219 1203 1203 1202 1202 1220 1220 1219 1219 1217 1217 1221 1221 1218 1218 1178 1178 1222 1222 1172 1172 1172 1172 1222 1222 1206 1206 1197 1197 1223 1223 1195 1195 1222 1222 1223 1223 1197 1197 1178 1178 1223 1223 1222 1222 1207 1207 1223 1223 1178 1178 1149 1149 1224 1224 1212 1212 1213 1213 1225 1225 1149 1149 1214 1214 1226 1226 1215 1215 1214 1214 1227 1227 1226 1226 1228 1228 1229 1229 1230 1230 1218 1218 1231 1231 1216 1216 1232 1232 1229 1229 1233 1233 1216 1216 1229 1229 1234 1234 1230 1230 1229 1229 1232 1232 1235 1235 1236 1236 1218 1218 1237 1237 1238 1238 1239 1239 1240 1240 1238 1238 1193 1193 1241 1241 1236 1236 1242 1242 1243 1243 1236 1236 1244 1244 1244 1244 1236 1236 1241 1241 1193 1193 1238 1238 1191 1191 1198 1198 1245 1245 1197 1197 1197 1197 1245 1245 1222 1222 1195 1195 1246 1246 1199 1199 1223 1223 1246 1246 1195 1195 1247 1247 1248 1248 1249 1249 1250 1250 1248 1248 1247 1247 1208 1208 1248 1248 1147 1147 1249 1249 1248 1248 1251 1251 1252 1252 1253 1253 1254 1254 1208 1208 1253 1253 1248 1248 1248 1248 1255 1255 1251 1251 1209 1209 1253 1253 1208 1208 1251 1251 1253 1253 1256 1256 1257 1257 1258 1258 1259 1259 1260 1260 1253 1253 1252 1252 1261 1261 1253 1253 1209 1209 275 275 1262 1262 273 273 1248 1248 1263 1263 1147 1147 1145 1145 1264 1264 1253 1253 273 273 1265 1265 1266 1266 1266 1266 1265 1265 1267 1267 1210 1210 1265 1265 1262 1262 1211 1211 1265 1265 1210 1210 1262 1262 1265 1265 273 273 1210 1210 1268 1268 1168 1168 1262 1262 1268 1268 1210 1210 1151 1151 1268 1268 1149 1149 1269 1269 1270 1270 1271 1271 1168 1168 1268 1268 1158 1158 1158 1158 1268 1268 1151 1151 1272 1272 1268 1268 1262 1262 1150 1150 1273 1273 1157 1157 1149 1149 1273 1273 1150 1150 1274 1274 1275 1275 1269 1269 1167 1167 1273 1273 1211 1211 1157 1157 1273 1273 1167 1167 1265 1265 1276 1276 1277 1277 1211 1211 1273 1273 1265 1265 1278 1278 1279 1279 1280 1280 1228 1228 1279 1279 1229 1229 1271 1271 1281 1281 1282 1282 1169 1169 1283 1283 1164 1164 1160 1160 1283 1283 1161 1161 1212 1212 1283 1283 1189 1189 1189 1189 1283 1283 1169 1169 1284 1284 1279 1279 1278 1278 1164 1164 1283 1283 1160 1160 1190 1190 1285 1285 1213 1213 1227 1227 1286 1286 1226 1226 1287 1287 1288 1288 1274 1274 1161 1161 1285 1285 1159 1159 1226 1226 1286 1286 1289 1289 1163 1163 1285 1285 1170 1170 1236 1236 1290 1290 1242 1242 1283 1283 1285 1285 1161 1161 1159 1159 1285 1285 1162 1162 1170 1170 1285 1285 1190 1190 1291 1291 1290 1290 1292 1292 1162 1162 1285 1285 1163 1163 1293 1293 1290 1290 1291 1291 1279 1279 1294 1294 1229 1229 1234 1234 1294 1294 1196 1196 1198 1198 1294 1294 1245 1245 1229 1229 1294 1294 1234 1234 1284 1284 1294 1294 1279 1279 1204 1204 1294 1294 1198 1198 1196 1196 1294 1294 1204 1204 1246 1246 1295 1295 1199 1199 1235 1235 1295 1295 1236 1236 1200 1200 1295 1295 1235 1235 1236 1236 1295 1295 1290 1290 1199 1199 1295 1295 1205 1205 1205 1205 1295 1295 1200 1200 1290 1290 1295 1295 1292 1292 1173 1173 1296 1296 1171 1171 1171 1171 1296 1296 1174 1174 1174 1174 1296 1296 1175 1175 1222 1222 1296 1296 1206 1206 1250 1250 1297 1297 1248 1248 1298 1298 1299 1299 1300 1300 1245 1245 1296 1296 1222 1222 1185 1185 1296 1296 1176 1176 1186 1186 1296 1296 1185 1185 1300 1300 1299 1299 1301 1301 1176 1176 1296 1296 1173 1173 1251 1251 1299 1299 1298 1298 1294 1294 1296 1296 1245 1245 1284 1284 1296 1296 1294 1294 1206 1206 1296 1296 1186 1186 1175 1175 1302 1302 1177 1177 1177 1177 1302 1302 1179 1179 1179 1179 1302 1302 1180 1180 1303 1303 1304 1304 1305 1305 1246 1246 1302 1302 1295 1295 1253 1253 1306 1306 1254 1254 1295 1295 1302 1302 1292 1292 1223 1223 1302 1302 1246 1246 1297 1297 1306 1306 1181 1181 1184 1184 1302 1302 1187 1187 1251 1251 1306 1306 1297 1297 1187 1187 1302 1302 1188 1188 1307 1307 1304 1304 1251 1251 1259 1259 1302 1302 1257 1257 1180 1180 1302 1302 1184 1184 1305 1305 1304 1304 1308 1308 1188 1188 1302 1302 1207 1207 1207 1207 1302 1302 1223 1223 1309 1309 1310 1310 1311 1311 1309 1309 1312 1312 1310 1310 1313 1313 1314 1314 1315 1315 1310 1310 1316 1316 1311 1311 1310 1310 1317 1317 1316 1316 1312 1312 1318 1318 1310 1310 1310 1310 1318 1318 1317 1317 1312 1312 1319 1319 1318 1318 1309 1309 1320 1320 1312 1312 1312 1312 1320 1320 1319 1319 1314 1314 1321 1321 1315 1315 1315 1315 1321 1321 1322 1322 1323 1323 1324 1324 1325 1325 1323 1323 1326 1326 1324 1324 1326 1326 1327 1327 1324 1324 1324 1324 1327 1327 1328 1328 1316 1316 1329 1329 1311 1311 1317 1317 1329 1329 1316 1316 1318 1318 1329 1329 1317 1317 1309 1309 1330 1330 1320 1320 1320 1320 1330 1330 1319 1319 1319 1319 1330 1330 1318 1318 1318 1318 1330 1330 1329 1329 1321 1321 1331 1331 1322 1322 1322 1322 1331 1331 1332 1332 1327 1327 1333 1333 1328 1328 1327 1327 1334 1334 1333 1333 1335 1335 1336 1336 1337 1337 1338 1338 1336 1336 1335 1335 1339 1339 1336 1336 1338 1338 1337 1337 1336 1336 1340 1340 1341 1341 1342 1342 1339 1339 1343 1343 1342 1342 1341 1341 1344 1344 1342 1342 1343 1343 1345 1345 1346 1346 1347 1347 1348 1348 1342 1342 1344 1344 1336 1336 1349 1349 1340 1340 1350 1350 1349 1349 1336 1336 1348 1348 1351 1351 1342 1342 1351 1351 1352 1352 1342 1342 1353 1353 1354 1354 1313 1313 1334 1334 1354 1354 1333 1333 1333 1333 1354 1354 1353 1353 1355 1355 1356 1356 1357 1357 1355 1355 1358 1358 1356 1356 1359 1359 1360 1360 1361 1361 1361 1361 1360 1360 1362 1362 1363 1363 1364 1364 1359 1359 1365 1365 1366 1366 1367 1367 1360 1360 1368 1368 1362 1362 1363 1363 1369 1369 1364 1364 1336 1336 1370 1370 1350 1350 1352 1352 1371 1371 1342 1342 1329 1329 1372 1372 1311 1311 1330 1330 1372 1372 1329 1329 1309 1309 1373 1373 1330 1330 1330 1330 1373 1373 1372 1372 1331 1331 1374 1374 1332 1332 1331 1331 1375 1375 1374 1374 1313 1313 1376 1376 1353 1353 1354 1354 1377 1377 1313 1313 1358 1358 1378 1378 1356 1356 1356 1356 1378 1378 1379 1379 1380 1380 1381 1381 1382 1382 1366 1366 1383 1383 1367 1367 1366 1366 1384 1384 1383 1383 1381 1381 1385 1385 1382 1382 1342 1342 1386 1386 1336 1336 1336 1336 1386 1386 1370 1370 1361 1361 1387 1387 1359 1359 1386 1386 1387 1387 1361 1361 1342 1342 1387 1387 1386 1386 1371 1371 1387 1387 1342 1342 1313 1313 1388 1388 1376 1376 1377 1377 1389 1389 1313 1313 1378 1378 1390 1390 1379 1379 1378 1378 1391 1391 1390 1390 1392 1392 1393 1393 1394 1394 1382 1382 1395 1395 1380 1380 1396 1396 1393 1393 1397 1397 1380 1380 1393 1393 1398 1398 1394 1394 1393 1393 1396 1396 1399 1399 1400 1400 1382 1382 1401 1401 1402 1402 1403 1403 1404 1404 1402 1402 1357 1357 1405 1405 1400 1400 1406 1406 1407 1407 1400 1400 1408 1408 1408 1408 1400 1400 1405 1405 1357 1357 1402 1402 1355 1355 1362 1362 1409 1409 1361 1361 1361 1361 1409 1409 1386 1386 1359 1359 1410 1410 1363 1363 1387 1387 1410 1410 1359 1359 1411 1411 1412 1412 1413 1413 1414 1414 1412 1412 1411 1411 1372 1372 1412 1412 1415 1415 1413 1413 1412 1412 1416 1416 1417 1417 1418 1418 1419 1419 1372 1372 1418 1418 1412 1412 1412 1412 1420 1420 1416 1416 1373 1373 1418 1418 1372 1372 1416 1416 1418 1418 1421 1421 1422 1422 1423 1423 1424 1424 1425 1425 1418 1418 1417 1417 1309 1309 1418 1418 1373 1373 1426 1426 1427 1427 1428 1428 1412 1412 1429 1429 1311 1311 1309 1309 1430 1430 1418 1418 1428 1428 1431 1431 295 295 295 295 1431 1431 294 294 1374 1374 1431 1431 1427 1427 1375 1375 1431 1431 1374 1374 1427 1427 1431 1431 1428 1428 1374 1374 1432 1432 1332 1332 1427 1427 1432 1432 1374 1374 1315 1315 1432 1432 1313 1313 1433 1433 1434 1434 1435 1435 1332 1332 1432 1432 1322 1322 1322 1322 1432 1432 1315 1315 1436 1436 1437 1437 1427 1427 1314 1314 1438 1438 1321 1321 1313 1313 1438 1438 1314 1314 1439 1439 1440 1440 1433 1433 1331 1331 1438 1438 1375 1375 1321 1321 1438 1438 1331 1331 1431 1431 1438 1438 1441 1441 1375 1375 1438 1438 1431 1431 1442 1442 1443 1443 1444 1444 1392 1392 1443 1443 1393 1393 1435 1435 1445 1445 1446 1446 1333 1333 1447 1447 1328 1328 1324 1324 1447 1447 1325 1325 1376 1376 1447 1447 1353 1353 1353 1353 1447 1447 1333 1333 1448 1448 1443 1443 1442 1442 1328 1328 1447 1447 1324 1324 1354 1354 1449 1449 1377 1377 1391 1391 1450 1450 1390 1390 1451 1451 1452 1452 1439 1439 1325 1325 1449 1449 1323 1323 1390 1390 1450 1450 1453 1453 1327 1327 1449 1449 1334 1334 1400 1400 1454 1454 1406 1406 1447 1447 1449 1449 1325 1325 1323 1323 1449 1449 1326 1326 1334 1334 1449 1449 1354 1354 1455 1455 1454 1454 1456 1456 1326 1326 1449 1449 1327 1327 1457 1457 1454 1454 1455 1455 1443 1443 1458 1458 1393 1393 1398 1398 1458 1458 1360 1360 1362 1362 1458 1458 1409 1409 1393 1393 1458 1458 1398 1398 1448 1448 1458 1458 1443 1443 1368 1368 1458 1458 1362 1362 1360 1360 1458 1458 1368 1368 1410 1410 1459 1459 1363 1363 1399 1399 1459 1459 1400 1400 1364 1364 1459 1459 1399 1399 1400 1400 1459 1459 1454 1454 1363 1363 1459 1459 1369 1369 1369 1369 1459 1459 1364 1364 1454 1454 1459 1459 1456 1456 1337 1337 1460 1460 1335 1335 1335 1335 1460 1460 1338 1338 1338 1338 1460 1460 1339 1339 1386 1386 1460 1460 1370 1370 1414 1414 1461 1461 1412 1412 1462 1462 1463 1463 1464 1464 1409 1409 1460 1460 1386 1386 1349 1349 1460 1460 1340 1340 1350 1350 1460 1460 1349 1349 1464 1464 1463 1463 1465 1465 1340 1340 1460 1460 1337 1337 1416 1416 1463 1463 1462 1462 1458 1458 1460 1460 1409 1409 1448 1448 1460 1460 1458 1458 1370 1370 1460 1460 1350 1350 1339 1339 1466 1466 1341 1341 1341 1341 1466 1466 1343 1343 1343 1343 1466 1466 1344 1344 1467 1467 1468 1468 1469 1469 1410 1410 1466 1466 1459 1459 1418 1418 1470 1470 1419 1419 1459 1459 1466 1466 1456 1456 1387 1387 1466 1466 1410 1410 1461 1461 1470 1470 1345 1345 1348 1348 1466 1466 1351 1351 1416 1416 1470 1470 1461 1461 1351 1351 1466 1466 1352 1352 1471 1471 1468 1468 1416 1416 1424 1424 1466 1466 1422 1422 1344 1344 1466 1466 1348 1348 1469 1469 1468 1468 1472 1472 1352 1352 1466 1466 1371 1371 1371 1371 1466 1466 1387 1387 1473 1473 1474 1474 1145 1145 1473 1473 1475 1475 1474 1474 1476 1476 1477 1477 1478 1478 1474 1474 1479 1479 1145 1145 1474 1474 1480 1480 1479 1479 1475 1475 1481 1481 1474 1474 1474 1474 1481 1481 1480 1480 1475 1475 1482 1482 1481 1481 1473 1473 1483 1483 1475 1475 1475 1475 1483 1483 1482 1482 1477 1477 1484 1484 1478 1478 1478 1478 1484 1484 1485 1485 1486 1486 1487 1487 1488 1488 1488 1488 1487 1487 1489 1489 1487 1487 1490 1490 1489 1489 1487 1487 1491 1491 1490 1490 1479 1479 1492 1492 1145 1145 1480 1480 1492 1492 1479 1479 1481 1481 1492 1492 1480 1480 1473 1473 1493 1493 1483 1483 1482 1482 1493 1493 1481 1481 1483 1483 1493 1493 1482 1482 1481 1481 1493 1493 1492 1492 1485 1485 1494 1494 1495 1495 1484 1484 1494 1494 1485 1485 1491 1491 1496 1496 1490 1490 1491 1491 1497 1497 1496 1496 1498 1498 1499 1499 1500 1500 1501 1501 1499 1499 1502 1502 1502 1502 1499 1499 1498 1498 1500 1500 1499 1499 1503 1503 1504 1504 1505 1505 1501 1501 1506 1506 1505 1505 1504 1504 1507 1507 1505 1505 1506 1506 1508 1508 1509 1509 1510 1510 1511 1511 1505 1505 1507 1507 1512 1512 1513 1513 1499 1499 1499 1499 1513 1513 1503 1503 1511 1511 1514 1514 1505 1505 1514 1514 1515 1515 1505 1505 1497 1497 1516 1516 1496 1496 1497 1497 1517 1517 1516 1516 1516 1516 1517 1517 1476 1476 1518 1518 1519 1519 1520 1520 1520 1520 1519 1519 1521 1521 1522 1522 1523 1523 1524 1524 1524 1524 1523 1523 1525 1525 1526 1526 1527 1527 1522 1522 1528 1528 1529 1529 1530 1530 1523 1523 1531 1531 1525 1525 1526 1526 1532 1532 1527 1527 1499 1499 1533 1533 1512 1512 1515 1515 1534 1534 1505 1505 1492 1492 1535 1535 1145 1145 1493 1493 1535 1535 1492 1492 1493 1493 1536 1536 1535 1535 1473 1473 1536 1536 1493 1493 1494 1494 1537 1537 1495 1495 1494 1494 1538 1538 1537 1537 1476 1476 1539 1539 1516 1516 1517 1517 1540 1540 1476 1476 1519 1519 1541 1541 1521 1521 1519 1519 1542 1542 1541 1541 1543 1543 1544 1544 1545 1545 1530 1530 1546 1546 1547 1547 1529 1529 1546 1546 1530 1530 1545 1545 1544 1544 1548 1548 1505 1505 1223 1223 1499 1499 1524 1524 1223 1223 1522 1522 1499 1499 1223 1223 1533 1533 1223 1223 1549 1549 1522 1522 1534 1534 1549 1549 1505 1505 1505 1505 1549 1549 1223 1223 1476 1476 1550 1550 1539 1539 1540 1540 1551 1551 1476 1476 1541 1541 1552 1552 1553 1553 1542 1542 1552 1552 1541 1541 1554 1554 1555 1555 1556 1556 1545 1545 1555 1555 1557 1557 1558 1558 1555 1555 1554 1554 1556 1556 1555 1555 1559 1559 1560 1560 1561 1561 1562 1562 1563 1563 1564 1564 1565 1565 1565 1565 1566 1566 1520 1520 1520 1520 1566 1566 1518 1518 1567 1567 1561 1561 1560 1560 1568 1568 1561 1561 1548 1548 1548 1548 1569 1569 1545 1545 1570 1570 1561 1561 1567 1567 1525 1525 1246 1246 1524 1524 1524 1524 1246 1246 1223 1223 1522 1522 1571 1571 1526 1526 1549 1549 1571 1571 1522 1522 1535 1535 1572 1572 1573 1573 1574 1574 1572 1572 1575 1575 1576 1576 1572 1572 1574 1574 1575 1575 1572 1572 1577 1577 1578 1578 1579 1579 1536 1536 1580 1580 1579 1579 1581 1581 1572 1572 1582 1582 1577 1577 1535 1535 1579 1579 1572 1572 1577 1577 1579 1579 1583 1583 1584 1584 1585 1585 1586 1586 1587 1587 1579 1579 1580 1580 1536 1536 1579 1579 1535 1535 1267 1267 1588 1588 1266 1266 1572 1572 1589 1589 1145 1145 1266 1266 1590 1590 1591 1591 1591 1591 1590 1590 1592 1592 1538 1538 1590 1590 1537 1537 1537 1537 1590 1590 1588 1588 1588 1588 1590 1590 1266 1266 1473 1473 1593 1593 1579 1579 1537 1537 1594 1594 1495 1495 1595 1595 1596 1596 1597 1597 1478 1478 1594 1594 1476 1476 1588 1588 1594 1594 1537 1537 1495 1495 1594 1594 1485 1485 1485 1485 1594 1594 1478 1478 1598 1598 1599 1599 1588 1588 1477 1477 1600 1600 1484 1484 1476 1476 1600 1600 1477 1477 1494 1494 1600 1600 1538 1538 1484 1484 1600 1600 1494 1494 1601 1601 1602 1602 1595 1595 1590 1590 1600 1600 1603 1603 1538 1538 1600 1600 1590 1590 1604 1604 1605 1605 1606 1606 1539 1539 1607 1607 1516 1516 1516 1516 1607 1607 1496 1496 1597 1597 1608 1608 1609 1609 1496 1496 1607 1607 1490 1490 1558 1558 1605 1605 1555 1555 1489 1489 1607 1607 1488 1488 1610 1610 1605 1605 1604 1604 1490 1490 1607 1607 1489 1489 1517 1517 1611 1611 1540 1540 1561 1561 1612 1612 1562 1562 1552 1552 1613 1613 1553 1553 1488 1488 1611 1611 1486 1486 1614 1614 1615 1615 1601 1601 1553 1553 1611 1611 1607 1607 1491 1491 1611 1611 1497 1497 1486 1486 1611 1611 1487 1487 1616 1616 1612 1612 1617 1617 1497 1497 1611 1611 1517 1517 1618 1618 1612 1612 1616 1616 1607 1607 1611 1611 1488 1488 1487 1487 1611 1611 1491 1491 1555 1555 1295 1295 1557 1557 1557 1557 1295 1295 1523 1523 1525 1525 1295 1295 1246 1246 1605 1605 1295 1295 1555 1555 1531 1531 1295 1295 1525 1525 1523 1523 1295 1295 1531 1531 1610 1610 1295 1295 1605 1605 1527 1527 1619 1619 1568 1568 1568 1568 1619 1619 1561 1561 1571 1571 1619 1619 1526 1526 1612 1612 1619 1619 1617 1617 1526 1526 1619 1619 1532 1532 1532 1532 1619 1619 1527 1527 1561 1561 1619 1619 1612 1612 1500 1500 1620 1620 1498 1498 1502 1502 1620 1620 1501 1501 1223 1223 1620 1620 1533 1533 1246 1246 1620 1620 1223 1223 1576 1576 1621 1621 1572 1572 1295 1295 1620 1620 1246 1246 1513 1513 1620 1620 1503 1503 1610 1610 1620 1620 1295 1295 1498 1498 1620 1620 1502 1502 1512 1512 1620 1620 1513 1513 1622 1622 1623 1623 1624 1624 1624 1624 1623 1623 1625 1625 1503 1503 1620 1620 1500 1500 1577 1577 1623 1623 1622 1622 1533 1533 1620 1620 1512 1512 1534 1534 1626 1626 1549 1549 1501 1501 1626 1626 1504 1504 1504 1504 1626 1626 1506 1506 1506 1506 1626 1626 1507 1507 1627 1627 1628 1628 1629 1629 1621 1621 1630 1630 1508 1508 1515 1515 1626 1626 1534 1534 1571 1571 1626 1626 1619 1619 1579 1579 1630 1630 1581 1581 1514 1514 1626 1626 1515 1515 1511 1511 1626 1626 1514 1514 1631 1631 1628 1628 1577 1577 1507 1507 1626 1626 1511 1511 1586 1586 1626 1626 1584 1584 1549 1549 1626 1626 1571 1571 1629 1629 1628 1628 1632 1632 1619 1619 1626 1626 1617 1617 1577 1577 1630 1630 1621 1621 1633 1633 1634 1634 1473 1473 1633 1633 1635 1635 1634 1634 1636 1636 1637 1637 1638 1638 1634 1634 1639 1639 1473 1473 1634 1634 1640 1640 1639 1639 1635 1635 1641 1641 1634 1634 1634 1634 1641 1641 1640 1640 1635 1635 1642 1642 1641 1641 1633 1633 1643 1643 1635 1635 1635 1635 1643 1643 1642 1642 1637 1637 1644 1644 1638 1638 1638 1638 1644 1644 1645 1645 1646 1646 1647 1647 1648 1648 1648 1648 1647 1647 1649 1649 1647 1647 1650 1650 1649 1649 1649 1649 1650 1650 1651 1651 1639 1639 1652 1652 1473 1473 1640 1640 1652 1652 1639 1639 1641 1641 1652 1652 1640 1640 1633 1633 1653 1653 1643 1643 1642 1642 1653 1653 1641 1641 1643 1643 1653 1653 1642 1642 1641 1641 1653 1653 1652 1652 1645 1645 1654 1654 1655 1655 1644 1644 1654 1654 1645 1645 1650 1650 1656 1656 1651 1651 1651 1651 1656 1656 1657 1657 1658 1658 1659 1659 1660 1660 1661 1661 1659 1659 1662 1662 1662 1662 1659 1659 1658 1658 1660 1660 1659 1659 1663 1663 1664 1664 1665 1665 1661 1661 1666 1666 1665 1665 1664 1664 1667 1667 1665 1665 1666 1666 1668 1668 1669 1669 1670 1670 1671 1671 1665 1665 1667 1667 1659 1659 1672 1672 1663 1663 1673 1673 1672 1672 1659 1659 1671 1671 1674 1674 1665 1665 1674 1674 1675 1675 1665 1665 1656 1656 1676 1676 1657 1657 1656 1656 1677 1677 1676 1676 1676 1676 1677 1677 1636 1636 1678 1678 1679 1679 1680 1680 1680 1680 1679 1679 1681 1681 1682 1682 1683 1683 1684 1684 1684 1684 1683 1683 1685 1685 1686 1686 1687 1687 1682 1682 1688 1688 1689 1689 1690 1690 1683 1683 1691 1691 1685 1685 1686 1686 1692 1692 1687 1687 1659 1659 1693 1693 1673 1673 1675 1675 1694 1694 1665 1665 1652 1652 1695 1695 1473 1473 1653 1653 1696 1696 1652 1652 1652 1652 1696 1696 1695 1695 1633 1633 1696 1696 1653 1653 1655 1655 1697 1697 1698 1698 1654 1654 1697 1697 1655 1655 1636 1636 1699 1699 1676 1676 1677 1677 1700 1700 1636 1636 1679 1679 1701 1701 1681 1681 1679 1679 1702 1702 1701 1701 1703 1703 1704 1704 1705 1705 1689 1689 1706 1706 1690 1690 1704 1704 1707 1707 1705 1705 1689 1689 1708 1708 1706 1706 1665 1665 1709 1709 1659 1659 1659 1659 1709 1709 1693 1693 1709 1709 1710 1710 1684 1684 1684 1684 1710 1710 1682 1682 1665 1665 1710 1710 1709 1709 1694 1694 1710 1710 1665 1665 1636 1636 1711 1711 1699 1699 1700 1700 1712 1712 1636 1636 1701 1701 1713 1713 1714 1714 1702 1702 1713 1713 1701 1701 1715 1715 1716 1716 1717 1717 1718 1718 1716 1716 1715 1715 1703 1703 1716 1716 1719 1719 1717 1717 1716 1716 1720 1720 1705 1705 1721 1721 1703 1703 1722 1722 1723 1723 1724 1724 1724 1724 1725 1725 1680 1680 1680 1680 1725 1725 1678 1678 1726 1726 1727 1727 1728 1728 1728 1728 1727 1727 1729 1729 1730 1730 1727 1727 1705 1705 1729 1729 1727 1727 1731 1731 1684 1684 1571 1571 1709 1709 1685 1685 1571 1571 1684 1684 1682 1682 1732 1732 1686 1686 1710 1710 1732 1732 1682 1682 1733 1733 1734 1734 1735 1735 1695 1695 1736 1736 1737 1737 1735 1735 1734 1734 1738 1738 1696 1696 1739 1739 1695 1695 1740 1740 1741 1741 1742 1742 1743 1743 1734 1734 1744 1744 1745 1745 1746 1746 1747 1747 1748 1748 1749 1749 1744 1744 1750 1750 1751 1751 1752 1752 1753 1753 1746 1746 1734 1734 1744 1744 1746 1746 1754 1754 1754 1754 1746 1746 1745 1745 1592 1592 1755 1755 1591 1591 1739 1739 1756 1756 1473 1473 1697 1697 1755 1755 1698 1698 1591 1591 1757 1757 1758 1758 1758 1758 1757 1757 1759 1759 1697 1697 1757 1757 1755 1755 1755 1755 1757 1757 1591 1591 1633 1633 1760 1760 1749 1749 1698 1698 1761 1761 1655 1655 1638 1638 1761 1761 1636 1636 1655 1655 1761 1761 1645 1645 1762 1762 1763 1763 1764 1764 1645 1645 1761 1761 1638 1638 1755 1755 1765 1765 1698 1698 1766 1766 1767 1767 1755 1755 1654 1654 1768 1768 1697 1697 1769 1769 1770 1770 1762 1762 1637 1637 1768 1768 1644 1644 1636 1636 1768 1768 1637 1637 1644 1644 1768 1768 1654 1654 1697 1697 1771 1771 1757 1757 1757 1757 1772 1772 1773 1773 1774 1774 1775 1775 1776 1776 1699 1699 1777 1777 1676 1676 1764 1764 1778 1778 1779 1779 1657 1657 1780 1780 1651 1651 1649 1649 1780 1780 1648 1648 1676 1676 1777 1777 1657 1657 1781 1781 1782 1782 1783 1783 1651 1651 1780 1780 1649 1649 1718 1718 1775 1775 1716 1716 1677 1677 1784 1784 1700 1700 1650 1650 1785 1785 1656 1656 1648 1648 1785 1785 1646 1646 1780 1780 1785 1785 1648 1648 1713 1713 1786 1786 1714 1714 1727 1727 1787 1787 1731 1731 1646 1646 1785 1785 1647 1647 1788 1788 1789 1789 1790 1790 1791 1791 1787 1787 1792 1792 1714 1714 1786 1786 1793 1793 1647 1647 1785 1785 1650 1650 1656 1656 1784 1784 1677 1677 1794 1794 1795 1795 1769 1769 1719 1719 1619 1619 1683 1683 1683 1683 1619 1619 1691 1691 1774 1774 1619 1619 1775 1775 1716 1716 1619 1619 1719 1719 1685 1685 1619 1619 1571 1571 1775 1775 1619 1619 1716 1716 1691 1691 1619 1619 1685 1685 1732 1732 1796 1796 1686 1686 1730 1730 1796 1796 1727 1727 1727 1727 1796 1796 1787 1787 1687 1687 1796 1796 1730 1730 1787 1787 1796 1796 1792 1792 1692 1692 1796 1796 1687 1687 1686 1686 1796 1796 1692 1692 1733 1733 1797 1797 1739 1739 1660 1660 1626 1626 1658 1658 1662 1662 1626 1626 1661 1661 1709 1709 1626 1626 1693 1693 1798 1798 1799 1799 1800 1800 1619 1619 1626 1626 1571 1571 1774 1774 1626 1626 1619 1619 1658 1658 1626 1626 1662 1662 1672 1672 1626 1626 1663 1663 1801 1801 1799 1799 1798 1798 1673 1673 1626 1626 1672 1672 1663 1663 1626 1626 1660 1660 1742 1742 1626 1626 1740 1740 1744 1744 1799 1799 1802 1802 1571 1571 1626 1626 1709 1709 1693 1693 1626 1626 1673 1673 1661 1661 1803 1803 1664 1664 1664 1664 1803 1803 1666 1666 1666 1666 1803 1803 1667 1667 1804 1804 1805 1805 1806 1806 1694 1694 1803 1803 1710 1710 1732 1732 1803 1803 1796 1796 1749 1749 1807 1807 1747 1747 1710 1710 1803 1803 1732 1732 1797 1797 1807 1807 1668 1668 1671 1671 1803 1803 1674 1674 1674 1674 1803 1803 1675 1675 1796 1796 1803 1803 1792 1792 1667 1667 1803 1803 1671 1671 1808 1808 1805 1805 1744 1744 1806 1806 1805 1805 1808 1808 1744 1744 1807 1807 1797 1797 1675 1675 1803 1803 1694 1694 1311 1311 1809 1809 1633 1633 1311 1311 1810 1810 1809 1809 1811 1811 1812 1812 1813 1813 1809 1809 1814 1814 1633 1633 1809 1809 1815 1815 1814 1814 1810 1810 1816 1816 1809 1809 1809 1809 1816 1816 1815 1815 1810 1810 1817 1817 1816 1816 1311 1311 1818 1818 1810 1810 1810 1810 1818 1818 1817 1817 1812 1812 1819 1819 1813 1813 1813 1813 1819 1819 1820 1820 1821 1821 1822 1822 1823 1823 1823 1823 1822 1822 1824 1824 1822 1822 1825 1825 1824 1824 1822 1822 1826 1826 1825 1825 1814 1814 1827 1827 1633 1633 1815 1815 1827 1827 1814 1814 1816 1816 1827 1827 1815 1815 1311 1311 1828 1828 1818 1818 1817 1817 1828 1828 1816 1816 1818 1818 1828 1828 1817 1817 1816 1816 1828 1828 1827 1827 1820 1820 1829 1829 1830 1830 1819 1819 1829 1829 1820 1820 1826 1826 1831 1831 1825 1825 1826 1826 1832 1832 1831 1831 1833 1833 1834 1834 1835 1835 1836 1836 1834 1834 1837 1837 1837 1837 1834 1834 1833 1833 1835 1835 1834 1834 1838 1838 1839 1839 1840 1840 1836 1836 1841 1841 1840 1840 1839 1839 1842 1842 1840 1840 1841 1841 1843 1843 1844 1844 1845 1845 1846 1846 1840 1840 1842 1842 1847 1847 1848 1848 1834 1834 1834 1834 1848 1848 1838 1838 1846 1846 1849 1849 1840 1840 1849 1849 1850 1850 1840 1840 1832 1832 1851 1851 1831 1831 1832 1832 1852 1852 1851 1851 1851 1851 1852 1852 1811 1811 1853 1853 1854 1854 1855 1855 1855 1855 1854 1854 1856 1856 1857 1857 1858 1858 1859 1859 1859 1859 1858 1858 1860 1860 1861 1861 1862 1862 1857 1857 1863 1863 1864 1864 1865 1865 1858 1858 1866 1866 1860 1860 1861 1861 1867 1867 1862 1862 1834 1834 1868 1868 1847 1847 1850 1850 1869 1869 1840 1840 1827 1827 1870 1870 1633 1633 1828 1828 1870 1870 1827 1827 1828 1828 1871 1871 1870 1870 1311 1311 1871 1871 1828 1828 1829 1829 1872 1872 1830 1830 1829 1829 1873 1873 1872 1872 1811 1811 1874 1874 1851 1851 1852 1852 1875 1875 1811 1811 1854 1854 1876 1876 1856 1856 1854 1854 1877 1877 1876 1876 1878 1878 1879 1879 1880 1880 1865 1865 1881 1881 1882 1882 1864 1864 1881 1881 1865 1865 1880 1880 1879 1879 1883 1883 1840 1840 1884 1884 1834 1834 1859 1859 1884 1884 1857 1857 1834 1834 1884 1884 1868 1868 1884 1884 1386 1386 1857 1857 1869 1869 1386 1386 1840 1840 1840 1840 1386 1386 1884 1884 1811 1811 1885 1885 1874 1874 1875 1875 1886 1886 1811 1811 1876 1876 1887 1887 1888 1888 1877 1877 1887 1887 1876 1876 1889 1889 1890 1890 1891 1891 1880 1880 1890 1890 1892 1892 1893 1893 1890 1890 1889 1889 1891 1891 1890 1890 1894 1894 1895 1895 1896 1896 1897 1897 1898 1898 1899 1899 1900 1900 1900 1900 1901 1901 1855 1855 1855 1855 1901 1901 1853 1853 1902 1902 1896 1896 1895 1895 1903 1903 1896 1896 1883 1883 1883 1883 1904 1904 1880 1880 1905 1905 1896 1896 1902 1902 1860 1860 1732 1732 1859 1859 1859 1859 1732 1732 1884 1884 1857 1857 1409 1409 1861 1861 1386 1386 1409 1409 1857 1857 1906 1906 1907 1907 1908 1908 1909 1909 1910 1910 1911 1911 1912 1912 1910 1910 1909 1909 1911 1911 1910 1910 1913 1913 1914 1914 1915 1915 1871 1871 1916 1916 1915 1915 1917 1917 1918 1918 1919 1919 1913 1913 1920 1920 1915 1915 1910 1910 1913 1913 1915 1915 1921 1921 1922 1922 1923 1923 1924 1924 1925 1925 1915 1915 1916 1916 1871 1871 1915 1915 1920 1920 1759 1759 1926 1926 1758 1758 1918 1918 1927 1927 1633 1633 1758 1758 1928 1928 1428 1428 1428 1428 1928 1928 1426 1426 1873 1873 1928 1928 1872 1872 1872 1872 1928 1928 1926 1926 1926 1926 1928 1928 1758 1758 1311 1311 1929 1929 1915 1915 1872 1872 1930 1930 1830 1830 1931 1931 1932 1932 1933 1933 1813 1813 1930 1930 1811 1811 1926 1926 1930 1930 1872 1872 1830 1830 1930 1930 1820 1820 1820 1820 1930 1930 1813 1813 1934 1934 1930 1930 1926 1926 1812 1812 1935 1935 1819 1819 1811 1811 1935 1935 1812 1812 1829 1829 1936 1936 1873 1873 1819 1819 1936 1936 1829 1829 1937 1937 1938 1938 1931 1931 1928 1928 1939 1939 1940 1940 1873 1873 1936 1936 1928 1928 1941 1941 1942 1942 1943 1943 1874 1874 1944 1944 1851 1851 1851 1851 1944 1944 1831 1831 1933 1933 1945 1945 1946 1946 1831 1831 1944 1944 1825 1825 1893 1893 1942 1942 1890 1890 1824 1824 1944 1944 1823 1823 1947 1947 1942 1942 1941 1941 1825 1825 1944 1944 1824 1824 1852 1852 1948 1948 1875 1875 1896 1896 1949 1949 1897 1897 1887 1887 1950 1950 1888 1888 1823 1823 1948 1948 1821 1821 1951 1951 1952 1952 1937 1937 1888 1888 1948 1948 1944 1944 1826 1826 1948 1948 1832 1832 1821 1821 1948 1948 1822 1822 1953 1953 1949 1949 1954 1954 1832 1832 1948 1948 1852 1852 1955 1955 1949 1949 1956 1956 1944 1944 1948 1948 1823 1823 1822 1822 1948 1948 1826 1826 1890 1890 1796 1796 1892 1892 1892 1892 1796 1796 1858 1858 1860 1860 1796 1796 1732 1732 1942 1942 1796 1796 1890 1890 1866 1866 1796 1796 1860 1860 1858 1858 1796 1796 1866 1866 1947 1947 1796 1796 1942 1942 1862 1862 1458 1458 1903 1903 1903 1903 1458 1458 1896 1896 1409 1409 1458 1458 1861 1861 1949 1949 1458 1458 1954 1954 1861 1861 1458 1458 1867 1867 1867 1867 1458 1458 1862 1862 1896 1896 1458 1458 1949 1949 1835 1835 1803 1803 1833 1833 1837 1837 1803 1803 1836 1836 1884 1884 1803 1803 1868 1868 1732 1732 1803 1803 1884 1884 1912 1912 1957 1957 1918 1918 1796 1796 1803 1803 1732 1732 1848 1848 1803 1803 1838 1838 1947 1947 1803 1803 1796 1796 1833 1833 1803 1803 1837 1837 1847 1847 1803 1803 1848 1848 1958 1958 1959 1959 1960 1960 1960 1960 1959 1959 1961 1961 1838 1838 1803 1803 1835 1835 1913 1913 1959 1959 1958 1958 1868 1868 1803 1803 1847 1847 1869 1869 1962 1962 1386 1386 1836 1836 1962 1962 1839 1839 1839 1839 1962 1962 1841 1841 1841 1841 1962 1962 1842 1842 1963 1963 1964 1964 1965 1965 1957 1957 1966 1966 1843 1843 1850 1850 1962 1962 1869 1869 1409 1409 1962 1962 1458 1458 1915 1915 1966 1966 1917 1917 1849 1849 1962 1962 1850 1850 1846 1846 1962 1962 1849 1849 1967 1967 1964 1964 1913 1913 1842 1842 1962 1962 1846 1846 1924 1924 1962 1962 1922 1922 1386 1386 1962 1962 1409 1409 1965 1965 1964 1964 1968 1968 1458 1458 1962 1962 1954 1954 1913 1913 1966 1966 1957 1957 161 161 157 157 159 159 161 161 159 159 160 160 166 166 161 161 164 164 164 164 161 161 163 163 160 160 163 163 161 161 202 202 209 209 211 211 202 202 211 211 212 212 203 203 202 202 208 208 208 208 202 202 206 206 212 212 206 206 202 202</p>
        </triangles>
      </mesh>
    </geometry>
    <geometry id="aca8195be9d74e128e194ad1004596f0" name="3541d3b6d1f74a988e612f69e5f56430">
      <mesh>
        <source id="verts-array">
          <float_array count="4347" id="verts-array-array">0.03423681 0 0.01648758 0.02785597 0 0.02584656 0.02369261 0 0.0297096 0.03139707 0 0.02140616 0.03631177 0 0.0112007 0.008455795 0 0.03704726 0.019 0 0.03290896 0.01388296 0 0.0353732 -0.002839744 0 0.03789375 0.002839744 0 0.03789375 -0.008455795 0 0.03704726 0.03631177 0 -0.0112007 0.03757557 0 -0.005663606 0.038 0 0 0.03757557 0 0.005663606 -0.019 0 0.03290896 -0.01388296 0 0.0353732 0.02785597 0 -0.02584656 0.03139707 0 -0.02140616 0.03423681 0 -0.01648758 -0.02785597 0 0.02584656 -0.02369261 0 0.0297096 0.02369261 0 -0.0297096 -0.03139707 0 0.02140616 0.01388296 0 -0.0353732 0.019 0 -0.03290896 -0.03631177 0 0.0112007 -0.03423681 0 0.01648758 -0.03757557 0 0.005663606 -0.002839744 0 -0.03789375 0.002839744 0 -0.03789375 0.008455795 0 -0.03704726 -0.008455795 0 -0.03704726 -0.03423681 0 -0.01648758 -0.03757557 0 -0.005663606 -0.03631177 0 -0.0112007 -0.038 0 2.909712e-17 -0.019 0 -0.03290896 -0.01388296 0 -0.0353732 -0.02369261 0 -0.0297096 -0.02785597 0 -0.02584656 -0.03139707 0 -0.02140616 0.0377 0.00925 0 0.038 0 0 0.03757557 0 -0.005663606 0.03698227 0.0185 -0.005574181 0.0374 0.0185 0 0.03757557 0 0.005663606 0.03698227 0.0185 0.005574181 0.03617289 0.00925 -0.01062132 0.03631177 0 -0.0112007 0.03423681 0 -0.01648758 0.03573842 0.0185 -0.01102384 0.03369623 0.0185 -0.01622725 0.03171526 0.00925 -0.02038216 0.03139707 0 -0.02140616 0.02785597 0 -0.02584656 0.03090133 0.0185 -0.02106817 0.02741614 0.0185 -0.02543846 0.02468825 0.00925 -0.02849176 0.02369261 0 -0.0297096 0.019 0 -0.03290896 0.02331852 0.0185 -0.0292405 0.0187 0.0185 -0.03238935 0.01566115 0.00925 -0.03429313 0.01388296 0 -0.0353732 0.008455795 0 -0.03704726 0.01366375 0.0185 -0.03481468 0.008322283 0.0185 -0.0364623 0.005365269 0.00925 -0.03731627 0.002839744 0 -0.03789375 0.002794905 0.0185 -0.03729542 -0.002794905 0.0185 -0.03729542 -0.005365269 0.00925 -0.03731627 -0.002839744 0 -0.03789375 -0.008455795 0 -0.03704726 -0.008322283 0.0185 -0.0364623 -0.01566115 0.00925 -0.03429313 -0.01388296 0 -0.0353732 -0.019 0 -0.03290896 -0.01366375 0.0185 -0.03481468 -0.0187 0.0185 -0.03238935 -0.02468825 0.00925 -0.02849176 -0.02369261 0 -0.0297096 -0.02785597 0 -0.02584656 -0.02331852 0.0185 -0.0292405 -0.02741614 0.0185 -0.02543846 -0.03171526 0.00925 -0.02038216 -0.03139707 0 -0.02140616 -0.03423681 0 -0.01648758 -0.03090133 0.0185 -0.02106817 -0.03369623 0.0185 -0.01622725 -0.03617289 0.00925 -0.01062132 -0.03631177 0 -0.0112007 -0.03757557 0 -0.005663606 -0.03573842 0.0185 -0.01102384 -0.03698227 0.0185 -0.005574181 -0.0377 0.00925 -2.135908e-17 -0.038 0 2.909712e-17 -0.03757557 0 0.005663606 -0.0374 0.0185 2.863769e-17 -0.03698227 0.0185 0.005574181 -0.03617289 0.00925 0.01062132 -0.03631177 0 0.0112007 -0.03423681 0 0.01648758 -0.03573842 0.0185 0.01102384 -0.03369623 0.0185 0.01622725 -0.03171526 0.00925 0.02038216 -0.03139707 0 0.02140616 -0.02785597 0 0.02584656 -0.03090133 0.0185 0.02106817 -0.02741614 0.0185 0.02543846 -0.02468825 0.00925 0.02849176 -0.02369261 0 0.0297096 -0.019 0 0.03290896 -0.02331852 0.0185 0.0292405 -0.0187 0.0185 0.03238935 -0.01566115 0.00925 0.03429313 -0.01388296 0 0.0353732 -0.008455795 0 0.03704726 -0.01366375 0.0185 0.03481468 -0.008322283 0.0185 0.0364623 -0.005365269 0.00925 0.03731627 -0.002839744 0 0.03789375 -0.002794905 0.0185 0.03729542 0.005365269 0.00925 0.03731627 0.002839744 0 0.03789375 0.008455795 0 0.03704726 0.002794905 0.0185 0.03729542 0.008322283 0.0185 0.0364623 0.01566115 0.00925 0.03429313 0.01388296 0 0.0353732 0.019 0 0.03290896 0.01366375 0.0185 0.03481468 0.0187 0.0185 0.03238935 0.02468825 0.00925 0.02849176 0.02369261 0 0.0297096 0.02785597 0 0.02584656 0.02331852 0.0185 0.0292405 0.02741614 0.0185 0.02543846 0.03171526 0.00925 0.02038216 0.03139707 0 0.02140616 0.03423681 0 0.01648758 0.03090133 0.0185 0.02106817 0.03369623 0.0185 0.01622725 0.03617289 0.00925 0.01062132 0.03631177 0 0.0112007 0.03573842 0.0185 0.01102384 0.03609232 0.019 -0.005440042 0.0374 0.0185 0 0.03698227 0.0185 -0.005574181 0.0365 0.019 0 0.03487841 0.019 -0.01075856 0.03573842 0.0185 -0.01102384 0.03288537 0.019 -0.01583676 0.03369623 0.0185 -0.01622725 0.03015772 0.019 -0.02056118 0.03090133 0.0185 -0.02106817 0.02675639 0.019 -0.0248263 0.02741614 0.0185 -0.02543846 0.02331852 0.0185 -0.0292405 0.02275738 0.019 -0.02853685 0.01825 0.019 -0.03160993 0.0187 0.0185 -0.03238935 0.01333495 0.019 -0.03397689 0.01366375 0.0185 -0.03481468 0.008122014 0.019 -0.03558487 0.008322283 0.0185 -0.0364623 0.002727648 0.019 -0.03639794 0.002794905 0.0185 -0.03729542 -0.002727648 0.019 -0.03639794 -0.002794905 0.0185 -0.03729542 -0.008122014 0.019 -0.03558487 -0.008322283 0.0185 -0.0364623 -0.01333495 0.019 -0.03397689 -0.01366375 0.0185 -0.03481468 -0.01825 0.019 -0.03160993 -0.0187 0.0185 -0.03238935 -0.02275738 0.019 -0.02853685 -0.02331852 0.0185 -0.0292405 -0.02675639 0.019 -0.0248263 -0.02741614 0.0185 -0.02543846 -0.03015772 0.019 -0.02056118 -0.03090133 0.0185 -0.02106817 -0.03288537 0.019 -0.01583676 -0.03369623 0.0185 -0.01622725 -0.03487841 0.019 -0.01075856 -0.03573842 0.0185 -0.01102384 -0.03609232 0.019 -0.005440042 -0.03698227 0.0185 -0.005574181 -0.0374 0.0185 2.863769e-17 -0.0365 0.019 2.794855e-17 -0.03609232 0.019 0.005440042 -0.03698227 0.0185 0.005574181 -0.03487841 0.019 0.01075856 -0.03573842 0.0185 0.01102384 -0.03369623 0.0185 0.01622725 -0.03288537 0.019 0.01583676 -0.03015772 0.019 0.02056118 -0.03090133 0.0185 0.02106817 -0.02675639 0.019 0.0248263 -0.02741614 0.0185 0.02543846 -0.02275738 0.019 0.02853685 -0.02331852 0.0185 0.0292405 -0.01825 0.019 0.03160993 -0.0187 0.0185 0.03238935 -0.01333495 0.019 0.03397689 -0.01366375 0.0185 0.03481468 -0.008122014 0.019 0.03558487 -0.008322283 0.0185 0.0364623 -0.002727648 0.019 0.03639794 -0.002794905 0.0185 0.03729542 0.002727648 0.019 0.03639794 0.002794905 0.0185 0.03729542 0.008122014 0.019 0.03558487 0.008322283 0.0185 0.0364623 0.01333495 0.019 0.03397689 0.01366375 0.0185 0.03481468 0.0187 0.0185 0.03238935 0.01825 0.019 0.03160993 0.02275738 0.019 0.02853685 0.02331852 0.0185 0.0292405 0.02675639 0.019 0.0248263 0.02741614 0.0185 0.02543846 0.03015772 0.019 0.02056118 0.03090133 0.0185 0.02106817 0.03288537 0.019 0.01583676 0.03369623 0.0185 0.01622725 0.03487841 0.019 0.01075856 0.03573842 0.0185 0.01102384 0.03698227 0.0185 0.005574181 0.03609232 0.019 0.005440042 0.03658674 0.0195 -0.005514564 0.0365 0.019 0 0.03609232 0.019 -0.005440042 0.037 0.0195 0 0.03535619 0.0195 -0.01090594 0.03487841 0.019 -0.01075856 0.03333585 0.0195 -0.0160537 0.03288537 0.019 -0.01583676 0.03015772 0.019 -0.02056118 0.03057083 0.0195 -0.02084284 0.02712292 0.0195 -0.02516639 0.02675639 0.019 -0.0248263 0.02306912 0.0195 -0.02892777 0.02275738 0.019 -0.02853685 0.01825 0.019 -0.03160993 0.0185 0.0195 -0.03204294 0.01351762 0.0195 -0.03444233 0.01333495 0.019 -0.03397689 0.008233274 0.0195 -0.03607234 0.008122014 0.019 -0.03558487 0.002765013 0.0195 -0.03689654 0.002727648 0.019 -0.03639794 -0.002765013 0.0195 -0.03689654 -0.002727648 0.019 -0.03639794 -0.008233274 0.0195 -0.03607234 -0.008122014 0.019 -0.03558487 -0.01351762 0.0195 -0.03444233 -0.01333495 0.019 -0.03397689 -0.0185 0.0195 -0.03204294 -0.01825 0.019 -0.03160993 -0.02306912 0.0195 -0.02892777 -0.02275738 0.019 -0.02853685 -0.02712292 0.0195 -0.02516639 -0.02675639 0.019 -0.0248263 -0.03057083 0.0195 -0.02084284 -0.03015772 0.019 -0.02056118 -0.03333585 0.0195 -0.0160537 -0.03288537 0.019 -0.01583676 -0.03535619 0.0195 -0.01090594 -0.03487841 0.019 -0.01075856 -0.03658674 0.0195 -0.005514564 -0.03609232 0.019 -0.005440042 -0.0365 0.019 2.794855e-17 -0.037 0.0195 2.833141e-17 -0.03658674 0.0195 0.005514564 -0.03609232 0.019 0.005440042 -0.03487841 0.019 0.01075856 -0.03535619 0.0195 0.01090594 -0.03333585 0.0195 0.0160537 -0.03288537 0.019 0.01583676 -0.03015772 0.019 0.02056118 -0.03057083 0.0195 0.02084284 -0.02675639 0.019 0.0248263 -0.02712292 0.0195 0.02516639 -0.02306912 0.0195 0.02892777 -0.02275738 0.019 0.02853685 -0.0185 0.0195 0.03204294 -0.01825 0.019 0.03160993 -0.01351762 0.0195 0.03444233 -0.01333495 0.019 0.03397689 -0.008233274 0.0195 0.03607234 -0.008122014 0.019 0.03558487 -0.002727648 0.019 0.03639794 -0.002765013 0.0195 0.03689654 0.002727648 0.019 0.03639794 0.002765013 0.0195 0.03689654 0.008233274 0.0195 0.03607234 0.008122014 0.019 0.03558487 0.01351762 0.0195 0.03444233 0.01333495 0.019 0.03397689 0.01825 0.019 0.03160993 0.0185 0.0195 0.03204294 0.02275738 0.019 0.02853685 0.02306912 0.0195 0.02892777 0.02712292 0.0195 0.02516639 0.02675639 0.019 0.0248263 0.03057083 0.0195 0.02084284 0.03015772 0.019 0.02056118 0.03288537 0.019 0.01583676 0.03333585 0.0195 0.0160537 0.03487841 0.019 0.01075856 0.03535619 0.0195 0.01090594 0.03658674 0.0195 0.005514564 0.03609232 0.019 0.005440042 0.03695389 0.02403795 -0.001846628 0.037 0.02403503 0 0.037 0.0195 0 0.03658674 0.0195 -0.005514564 0.03658563 0.02403775 -0.005521908 0.03585246 0.02403735 -0.009143365 0.03535619 0.0195 -0.01090594 0.03476107 0.02403679 -0.01267548 0.03333585 0.0195 -0.0160537 0.03332157 0.02403609 -0.01608332 0.0326246 0.02428168 -0.01745381 0.03057083 0.0195 -0.02084284 0.03194579 0.02499246 -0.01866725 0.03137407 0.02609891 -0.01961295 0.02712292 0.0195 -0.02516639 0.03099196 0.02749286 -0.02021135 0.02765647 0.031 -0.02457885 0.03085761 0.02922278 -0.02041587 0.03085761 0.02903796 -0.02041587 0.03094544 0.031 -0.0202825 0.03085761 0.02996204 -0.02041587 0.03085761 0.02977722 -0.02041587 0.03085761 0.02959241 -0.02041587 0.03085761 0.02940759 -0.02041587 0.02377607 0.031 -0.02834958 0.02306912 0.0195 -0.02892777 0.01938722 0.031 -0.03151406 0.0185 0.0195 -0.03204294 0.01458378 0.031 -0.03400461 0.01351762 0.0195 -0.03444233 0.009468462 0.031 -0.03576798 0.008233274 0.0195 -0.03607234 0.004150665 0.031 -0.03676645 0.002765013 0.0195 -0.03689654 -0.001255893 0.031 -0.03697868 -0.002765013 0.0195 -0.03689654 -0.006635595 0.031 -0.03640012 -0.008233274 0.0195 -0.03607234 -0.0118734 0.031 -0.03504315 -0.01351762 0.0195 -0.03444233 -0.01685729 0.031 -0.03293679 -0.0185 0.0195 -0.03204294 -0.02148068 0.031 -0.03012607 -0.02306912 0.0195 -0.02892777 -0.02564472 0.031 -0.02667112 -0.02712292 0.0195 -0.02516639 -0.02926034 0.031 -0.0226458 -0.03057083 0.0195 -0.02084284 -0.03225024 0.031 -0.01813621 -0.03333585 0.0195 -0.0160537 -0.03455047 0.031 -0.01323877 -0.03535619 0.0195 -0.01090594 -0.03611184 0.031 -0.008058229 -0.03658674 0.0195 -0.005514564 -0.03690096 0.031 -0.002705361 -0.037 0.0195 2.833141e-17 -0.03690096 0.031 0.002705361 -0.03658674 0.0195 0.005514564 -0.03611184 0.031 0.008058229 -0.03535619 0.0195 0.01090594 -0.03455047 0.031 0.01323877 -0.03333585 0.0195 0.0160537 -0.03225024 0.031 0.01813621 -0.03057083 0.0195 0.02084284 -0.02926034 0.031 0.0226458 -0.02712292 0.0195 0.02516639 -0.02564472 0.031 0.02667112 -0.02306912 0.0195 0.02892777 -0.02148068 0.031 0.03012607 -0.0185 0.0195 0.03204294 -0.01685729 0.031 0.03293679 -0.01351762 0.0195 0.03444233 -0.0118734 0.031 0.03504315 -0.008233274 0.0195 0.03607234 -0.006635595 0.031 0.03640012 -0.002765013 0.0195 0.03689654 -0.001255893 0.031 0.03697868 0.002765013 0.0195 0.03689654 0.004150665 0.031 0.03676645 0.008233274 0.0195 0.03607234 0.009468462 0.031 0.03576798 0.01351762 0.0195 0.03444233 0.01458378 0.031 0.03400461 0.0185 0.0195 0.03204294 0.01938722 0.031 0.03151406 0.02306912 0.0195 0.02892777 0.02377607 0.031 0.02834958 0.02712292 0.0195 0.02516639 0.02765647 0.031 0.02457885 0.03137407 0.02609891 0.01961295 0.03057083 0.0195 0.02084284 0.03194579 0.02499246 0.01866725 0.03099196 0.02749286 0.02021135 0.0326246 0.02428168 0.01745381 0.03333585 0.0195 0.0160537 0.03085761 0.02903796 0.02041587 0.03085761 0.02922278 0.02041587 0.03332157 0.02403609 0.01608332 0.03085761 0.02940759 0.02041587 0.03085761 0.02959241 0.02041587 0.03085761 0.02977722 0.02041587 0.03085761 0.02996204 0.02041587 0.03094544 0.031 0.0202825 0.03476107 0.02403679 0.01267548 0.03535619 0.0195 0.01090594 0.03585246 0.02403735 0.009143365 0.03658674 0.0195 0.005514564 0.03658563 0.02403775 0.005521908 0.03695389 0.02403795 0.001846628 0.03396003 0.0242277 -0.001648077 0.034 0.02422516 0 0.03695389 0.02403795 -0.001846628 0.037 0.02403503 0 0.03695389 0.02403795 0.001846628 0.03396003 0.0242277 0.001648077 0.03364049 0.0242265 -0.004931267 0.03658563 0.02403775 -0.005521908 0.0330025 0.02422417 -0.008175259 0.03585246 0.02403735 -0.009143365 0.03204855 0.02422084 -0.01135299 0.03476107 0.02403679 -0.01267548 0.03078303 0.02421667 -0.01443625 0.03332157 0.02403609 -0.01608332 0.03011611 0.02446657 -0.01578037 0.0326246 0.02428168 -0.01745381 0.02945407 0.02518022 -0.01698404 0.03194579 0.02499246 -0.01866725 0.02888927 0.02628812 -0.01792791 0.03137407 0.02609891 -0.01961295 0.02850914 0.02768257 -0.01852644 0.03099196 0.02749286 -0.02021135 0.02837512 0.02922777 -0.01873106 0.03085761 0.02903796 -0.02041587 0.02837512 0.02933666 -0.01873106 0.03085761 0.02922278 -0.02041587 0.03085761 0.02940759 -0.02041587 0.02837512 0.02944556 -0.01873106 0.03085761 0.02959241 -0.02041587 0.02837512 0.02955445 -0.01873106 0.02837512 0.02966334 -0.01873106 0.03085761 0.02977722 -0.02041587 0.03085761 0.02996204 -0.02041587 0.02837512 0.02977223 -0.01873106 0.02838247 0.03132221 -0.01844541 0.02847899 0.031 -0.01857276 0.03079332 0.03150794 -0.020082 0.03094544 0.031 -0.0202825 0.02749334 0.0325 -0.02370245 0.03079332 0.03150794 -0.020082 0.03067397 0.0325 -0.01941127 0.02371743 0.0325 -0.02748042 0.01942799 0.0325 -0.03066339 0.01471789 0.0325 -0.03318243 0.009689123 0.0325 -0.03498301 0.004450566 0.0325 -0.03602614 -0.0008843549 0.0325 -0.03628923 -0.006200128 0.0325 -0.03576658 -0.01138166 0.0325 -0.03446952 -0.01631675 0.0325 -0.03242613 -0.02089855 0.0325 -0.02968064 -0.02502786 0.0325 -0.02629251 -0.02861526 0.0325 -0.0223351 -0.03158309 0.0325 -0.01789409 -0.03386708 0.0325 -0.01306563 -0.03541778 0.0325 -0.00795428 -0.03620162 0.0325 -0.002670702 -0.03620162 0.0325 0.002670702 -0.03541778 0.0325 0.00795428 -0.03386708 0.0325 0.01306563 -0.03158309 0.0325 0.01789409 -0.02861526 0.0325 0.0223351 -0.02502786 0.0325 0.02629251 -0.02089855 0.0325 0.02968064 -0.01631675 0.0325 0.03242613 -0.01138166 0.0325 0.03446952 -0.006200128 0.0325 0.03576658 -0.0008843549 0.0325 0.03628923 0.004450566 0.0325 0.03602614 0.009689123 0.0325 0.03498301 0.01471789 0.0325 0.03318243 0.01942799 0.0325 0.03066339 0.02371743 0.0325 0.02748042 0.02749334 0.0325 0.02370245 0.03079332 0.03150794 0.020082 0.03067397 0.0325 0.01941127 0.02837512 0.02977223 0.01873106 0.02847899 0.031 0.01857276 0.03085761 0.02996204 0.02041587 0.03094544 0.031 0.0202825 0.03079332 0.03150794 0.020082 0.02838247 0.03132221 0.01844541 0.03085761 0.02977722 0.02041587 0.02837512 0.02966334 0.01873106 0.03085761 0.02959241 0.02041587 0.02837512 0.02955445 0.01873106 0.03085761 0.02940759 0.02041587 0.02837512 0.02944556 0.01873106 0.03085761 0.02922278 0.02041587 0.02837512 0.02933666 0.01873106 0.03085761 0.02903796 0.02041587 0.02837512 0.02922777 0.01873106 0.03099196 0.02749286 0.02021135 0.02850914 0.02768257 0.01852644 0.03137407 0.02609891 0.01961295 0.02888927 0.02628812 0.01792791 0.03194579 0.02499246 0.01866725 0.02945407 0.02518022 0.01698404 0.0326246 0.02428168 0.01745381 0.03011611 0.02446657 0.01578037 0.03332157 0.02403609 0.01608332 0.03078303 0.02421667 0.01443625 0.03204855 0.02422084 0.01135299 0.03476107 0.02403679 0.01267548 0.0330025 0.02422417 0.008175259 0.03585246 0.02403735 0.009143365 0.03364049 0.0242265 0.004931267 0.03658563 0.02403775 0.005521908 0.034 0.031 0 0.034 0.02422516 0 0.03396003 0.0242277 -0.001648077 0.03389538 0.031 -0.00266519 0.03282309 0.02687781 -0.008868203 0.0330025 0.02422417 -0.008175259 0.03277586 0.02672386 -0.009041164 0.032718 0.02662643 -0.009248379 0.03286939 0.02703165 -0.008694992 0.03364049 0.0242265 -0.004931267 0.03265883 0.02652892 -0.009455222 0.03291479 0.02718536 -0.008521541 0.03259834 0.02643133 -0.009661688 0.03295927 0.02733896 -0.008347852 0.03253655 0.02633367 -0.009867765 0.03299061 0.02753668 -0.008223114 0.03246803 0.02630029 -0.01009093 0.03204855 0.02422084 -0.01135299 0.03302148 0.02773429 -0.008098257 0.03239798 0.02626688 -0.01031363 0.03305188 0.02793177 -0.007973285 0.0323264 0.02623345 -0.01053583 0.03308181 0.02812913 -0.007848199 0.0322533 0.0262 -0.01075754 0.03311255 0.0285799 -0.00771746 0.03312773 0.02880517 -0.007652045 0.03314277 0.02903036 -0.007586601 0.03358216 0.031 -0.005313978 0.03163816 0.0262 -0.01245096 0.03078303 0.02421667 -0.01443625 0.03314277 0.02996964 -0.007586601 0.03311255 0.0304201 -0.00771746 0.03309724 0.03064545 -0.007782844 0.03093419 0.0262 -0.01410942 0.03011611 0.02446657 -0.01578037 0.03308181 0.03087087 -0.007848199 0.03307207 0.03093543 -0.007889138 0.03306718 0.03096771 -0.007909602 0.03306228 0.031 -0.007930064 0.03014335 0.0262 -0.01572827 0.02945407 0.02518022 -0.01698404 0.03003465 0.02623345 -0.01593486 0.02992453 0.02626688 -0.01614071 0.029813 0.02630029 -0.0163458 0.02970006 0.02633367 -0.01655011 0.02959475 0.02643133 -0.01673771 0.02888927 0.02628812 -0.01792791 0.02948824 0.02652892 -0.01692464 0.02938056 0.02662643 -0.0171109 0.0292717 0.02672386 -0.01729646 0.02918008 0.02687781 -0.01745058 0.02908765 0.02703165 -0.01760422 0.02899442 0.02718536 -0.01775736 0.02890037 0.02733896 -0.01791001 0.02850914 0.02768257 -0.01852644 0.02883242 0.02753668 -0.0180192 0.02876405 0.02773429 -0.01812814 0.02869527 0.02793177 -0.01823682 0.02862607 0.02812913 -0.01834524 0.02858979 0.02835455 -0.01840175 0.02855339 0.0285799 -0.01845818 0.02837512 0.02922777 -0.01873106 0.02848025 0.02903036 -0.01857082 0.02837512 0.02933666 -0.01873106 0.02837512 0.02944556 -0.01873106 0.02837512 0.02955445 -0.01873106 0.02848025 0.02996964 -0.01857082 0.02837512 0.02966334 -0.01873106 0.02837512 0.02977223 -0.01873106 0.02851687 0.03019483 -0.01851453 0.02860761 0.031 -0.01837403 0.02864876 0.03093543 -0.0183098 0.02863742 0.03090315 -0.01832752 0.0286714 0.031 -0.01827433 0.02854347 0.031 -0.0184735 0.02862607 0.03087087 -0.01834524 0.02847899 0.031 -0.01857276 0.02855339 0.0304201 -0.01845818 0.02918008 0.02687781 0.01745058 0.02888927 0.02628812 0.01792791 0.0292717 0.02672386 0.01729646 0.02938056 0.02662643 0.0171109 0.02908765 0.02703165 0.01760422 0.02948824 0.02652892 0.01692464 0.02899442 0.02718536 0.01775736 0.02959475 0.02643133 0.01673771 0.02945407 0.02518022 0.01698404 0.02890037 0.02733896 0.01791001 0.02850914 0.02768257 0.01852644 0.02970006 0.02633367 0.01655011 0.02883242 0.02753668 0.0180192 0.029813 0.02630029 0.0163458 0.02876405 0.02773429 0.01812814 0.02992453 0.02626688 0.01614071 0.02869527 0.02793177 0.01823682 0.03003465 0.02623345 0.01593486 0.02862607 0.02812913 0.01834524 0.03014335 0.0262 0.01572827 0.03011611 0.02446657 0.01578037 0.02855339 0.0285799 0.01845818 0.02837512 0.02922777 0.01873106 0.02851687 0.02880517 0.01851453 0.02848025 0.02903036 0.01857082 0.02837512 0.02933666 0.01873106 0.02837512 0.02944556 0.01873106 0.02837512 0.02955445 0.01873106 0.03093419 0.0262 0.01410942 0.03078303 0.02421667 0.01443625 0.02848025 0.02996964 0.01857082 0.02837512 0.02977223 0.01873106 0.02837512 0.02966334 0.01873106 0.02855339 0.0304201 0.01845818 0.03163816 0.0262 0.01245096 0.03204855 0.02422084 0.01135299 0.02847899 0.031 0.01857276 0.02858979 0.03064545 0.01840175 0.02862607 0.03087087 0.01834524 0.02854347 0.031 0.0184735 0.02860761 0.031 0.01837403 0.02864876 0.03093543 0.0183098 0.02866008 0.03096771 0.01829206 0.0286714 0.031 0.01827433 0.0322533 0.0262 0.01075754 0.0323264 0.02623345 0.01053583 0.03239798 0.02626688 0.01031363 0.03246803 0.02630029 0.01009093 0.0330025 0.02422417 0.008175259 0.03253655 0.02633367 0.009867765 0.03259834 0.02643133 0.009661688 0.03265883 0.02652892 0.009455222 0.032718 0.02662643 0.009248379 0.03277586 0.02672386 0.009041164 0.03282309 0.02687781 0.008868203 0.03286939 0.02703165 0.008694992 0.03364049 0.0242265 0.004931267 0.03291479 0.02718536 0.008521541 0.03295927 0.02733896 0.008347852 0.03299061 0.02753668 0.008223114 0.03302148 0.02773429 0.008098257 0.03305188 0.02793177 0.007973285 0.03308181 0.02812913 0.007848199 0.03396003 0.0242277 0.001648077 0.03358216 0.031 0.005313978 0.03307694 0.03090315 0.00786867 0.03308181 0.03087087 0.007848199 0.03307207 0.03093543 0.007889138 0.03306228 0.031 0.007930064 0.03312773 0.03019483 0.007652045 0.03314277 0.02996964 0.007586601 0.03311255 0.0304201 0.00771746 0.03314277 0.02903036 0.007586601 0.03389538 0.031 0.00266519 0.03309724 0.02835455 0.007782844 0.03311255 0.0285799 0.00771746 0.03066753 0.03290087 -0.01917054 0.02823682 0.03271058 -0.01751862 0.03067397 0.0325 -0.01941127 0.02824036 0.0325 -0.01764574 0.02865713 0.03116571 -0.01815258 0.02866509 0.0325 -0.01694705 0.02875731 0.03233213 -0.01694493 0.02871859 0.03227614 -0.01706168 0.02879562 0.0323881 -0.01682803 0.02883351 0.03244406 -0.01671101 0.02887099 0.0325 -0.01659385 0.02838247 0.03132221 -0.01844541 0.02864265 0.03133112 -0.01803095 0.02862794 0.03149623 -0.01790943 0.02861301 0.03166104 -0.01778803 0.02845487 0.0325 -0.0172977 0.02869344 0.03212269 -0.01724339 0.02866746 0.03196902 -0.01742502 0.02824036 0.0325 -0.01764574 0.02864065 0.03181514 -0.01760657 0.02787614 0.034 -0.02246243 0.03066753 0.03290087 -0.01917054 0.03090709 0.034 -0.01806631 0.02422503 0.034 -0.02635883 0.02003498 0.034 -0.02966883 0.01539922 0.034 -0.03231879 0.01042088 0.034 -0.03424975 0.005210699 0.034 -0.03541876 -0.0001154017 0.034 -0.03579981 -0.005438935 0.034 -0.03538443 -0.01064147 0.034 -0.03418186 -0.01560726 0.034 -0.03221883 -0.02022584 0.034 -0.02953904 -0.02439446 0.034 -0.0262021 -0.02802038 0.034 -0.02228225 -0.03102292 0.034 -0.01786668 -0.03333531 0.034 -0.01305363 -0.03490608 0.034 -0.007950176 -0.03570031 0.034 -0.002669857 -0.03570031 0.034 0.002669857 -0.03490608 0.034 0.007950176 -0.03333531 0.034 0.01305363 -0.03102292 0.034 0.01786668 -0.02802038 0.034 0.02228225 -0.02439446 0.034 0.0262021 -0.02022584 0.034 0.02953904 -0.01560726 0.034 0.03221883 -0.01064147 0.034 0.03418186 -0.005438935 0.034 0.03538443 -0.0001154017 0.034 0.03579981 0.005210699 0.034 0.03541876 0.01042088 0.034 0.03424975 0.01539922 0.034 0.03231879 0.02003498 0.034 0.02966883 0.02422503 0.034 0.02635883 0.02787614 0.034 0.02246243 0.03066753 0.03290087 0.01917054 0.03090709 0.034 0.01806631 0.03067397 0.0325 0.01941127 0.02824036 0.0325 0.01764574 0.02823682 0.03271058 0.01751862 0.03066753 0.03290087 0.01917054 0.02838247 0.03132221 0.01844541 0.02865713 0.03116571 0.01815258 0.02864265 0.03133112 0.01803095 0.02862794 0.03149623 0.01790943 0.02861301 0.03166104 0.01778803 0.02824036 0.0325 0.01764574 0.02864065 0.03181514 0.01760657 0.02866746 0.03196902 0.01742502 0.02845487 0.0325 0.0172977 0.02869344 0.03212269 0.01724339 0.02871859 0.03227614 0.01706168 0.02866509 0.0325 0.01694705 0.02875731 0.03233213 0.01694493 0.02879562 0.0323881 0.01682803 0.02883351 0.03244406 0.01671101 0.02887099 0.0325 0.01659385 0.0333 0.0325 0 0.03315382 0.0325 -0.003116737 0.03271657 0.0325 -0.006206111 0.03296479 0.03116571 -0.008004377 0.03286723 0.03133112 -0.008078449 0.03276961 0.03149623 -0.008152282 0.0326719 0.03166104 -0.008225872 0.03256056 0.03181514 -0.008371808 0.0324486 0.03196902 -0.008517209 0.03233599 0.03212269 -0.008662068 0.03222276 0.03227614 -0.008806385 0.03216567 0.03233213 -0.008915346 0.03210819 0.0323881 -0.009024103 0.03205033 0.03244406 -0.009132654 0.03199209 0.0325 -0.009240998 0.03306718 0.03096771 -0.007909602 0.03296479 0.03116571 -0.008004377 0.03306228 0.031 -0.007930064 0.03307207 0.03093543 -0.007889138 0.03308181 0.03087087 -0.007848199 0.03286723 0.03133112 -0.008078449 0.028002 0.03087087 -0.00569195 0.02780358 0.03166104 -0.006159394 0.0326719 0.03166104 -0.008225872 0.03276961 0.03149623 -0.008152282 0.03309724 0.03064545 -0.007782844 0.03311255 0.0304201 -0.00771746 0.0281054 0.02996964 -0.005448361 0.03314277 0.02996964 -0.007586601 0.03314277 0.02903036 -0.007586601 0.0281054 0.02903036 -0.005448361 0.03312773 0.02880517 -0.007652045 0.028002 0.02812913 -0.00569195 0.03311255 0.0285799 -0.00771746 0.03308181 0.02812913 -0.007848199 0.03305188 0.02793177 -0.007973285 0.02780358 0.02733896 -0.006159394 0.03302148 0.02773429 -0.008098257 0.03299061 0.02753668 -0.008223114 0.03295927 0.02733896 -0.008347852 0.03291479 0.02718536 -0.008521541 0.02752622 0.02672386 -0.006812823 0.03286939 0.02703165 -0.008694992 0.03282309 0.02687781 -0.008868203 0.03277586 0.02672386 -0.009041164 0.032718 0.02662643 -0.009248379 0.02719238 0.02633367 -0.007599299 0.03265883 0.02652892 -0.009455222 0.03259834 0.02643133 -0.009661688 0.03253655 0.02633367 -0.009867765 0.03246803 0.02630029 -0.01009093 0.02682911 0.0262 -0.008455109 0.03239798 0.02626688 -0.01031363 0.0323264 0.02623345 -0.01053583 0.0322533 0.0262 -0.01075754 0.03163816 0.0262 -0.01245096 0.03093419 0.0262 -0.01410942 0.02471916 0.0262 -0.01342583 0.03014335 0.0262 -0.01572827 0.03003465 0.02623345 -0.01593486 0.02992453 0.02626688 -0.01614071 0.029813 0.02630029 -0.0163458 0.02435589 0.02633367 -0.01428164 0.02970006 0.02633367 -0.01655011 0.02959475 0.02643133 -0.01673771 0.02948824 0.02652892 -0.01692464 0.02938056 0.02662643 -0.0171109 0.02402205 0.02672386 -0.01506812 0.0292717 0.02672386 -0.01729646 0.02918008 0.02687781 -0.01745058 0.02908765 0.02703165 -0.01760422 0.02899442 0.02718536 -0.01775736 0.02374469 0.02733896 -0.01572155 0.02890037 0.02733896 -0.01791001 0.02883242 0.02753668 -0.0180192 0.02876405 0.02773429 -0.01812814 0.02869527 0.02793177 -0.01823682 0.02354627 0.02812913 -0.01618899 0.02862607 0.02812913 -0.01834524 0.02858979 0.02835455 -0.01840175 0.02855339 0.0285799 -0.01845818 0.02344287 0.02903036 -0.01643258 0.02848025 0.02903036 -0.01857082 0.02848025 0.02996964 -0.01857082 0.02344287 0.02996964 -0.01643258 0.02851687 0.03019483 -0.01851453 0.02354627 0.03087087 -0.01618899 0.02855339 0.0304201 -0.01845818 0.02862607 0.03087087 -0.01834524 0.02865713 0.03116571 -0.01815258 0.02863742 0.03090315 -0.01832752 0.02864876 0.03093543 -0.0183098 0.0286714 0.031 -0.01827433 0.02864265 0.03133112 -0.01803095 0.02862794 0.03149623 -0.01790943 0.02861301 0.03166104 -0.01778803 0.02374469 0.03166104 -0.01572155 0.02866008 0.03096771 0.01829206 0.02865713 0.03116571 0.01815258 0.0286714 0.031 0.01827433 0.02864876 0.03093543 0.0183098 0.02862607 0.03087087 0.01834524 0.02864265 0.03133112 0.01803095 0.02354627 0.03087087 0.01618899 0.02374469 0.03166104 0.01572155 0.02861301 0.03166104 0.01778803 0.02862794 0.03149623 0.01790943 0.02858979 0.03064545 0.01840175 0.02855339 0.0304201 0.01845818 0.02344287 0.02996964 0.01643258 0.02848025 0.02996964 0.01857082 0.02848025 0.02903036 0.01857082 0.02344287 0.02903036 0.01643258 0.02851687 0.02880517 0.01851453 0.02354627 0.02812913 0.01618899 0.02855339 0.0285799 0.01845818 0.02862607 0.02812913 0.01834524 0.02869527 0.02793177 0.01823682 0.02374469 0.02733896 0.01572155 0.02876405 0.02773429 0.01812814 0.02883242 0.02753668 0.0180192 0.02890037 0.02733896 0.01791001 0.02899442 0.02718536 0.01775736 0.02402205 0.02672386 0.01506812 0.02908765 0.02703165 0.01760422 0.02918008 0.02687781 0.01745058 0.0292717 0.02672386 0.01729646 0.02938056 0.02662643 0.0171109 0.02435589 0.02633367 0.01428164 0.02948824 0.02652892 0.01692464 0.02959475 0.02643133 0.01673771 0.02970006 0.02633367 0.01655011 0.029813 0.02630029 0.0163458 0.02471916 0.0262 0.01342583 0.02992453 0.02626688 0.01614071 0.03003465 0.02623345 0.01593486 0.03014335 0.0262 0.01572827 0.03093419 0.0262 0.01410942 0.02682911 0.0262 0.008455109 0.03163816 0.0262 0.01245096 0.0322533 0.0262 0.01075754 0.0323264 0.02623345 0.01053583 0.03239798 0.02626688 0.01031363 0.03246803 0.02630029 0.01009093 0.02719238 0.02633367 0.007599299 0.03253655 0.02633367 0.009867765 0.03259834 0.02643133 0.009661688 0.03265883 0.02652892 0.009455222 0.032718 0.02662643 0.009248379 0.02752622 0.02672386 0.006812823 0.03277586 0.02672386 0.009041164 0.03282309 0.02687781 0.008868203 0.03286939 0.02703165 0.008694992 0.03291479 0.02718536 0.008521541 0.02780358 0.02733896 0.006159394 0.03295927 0.02733896 0.008347852 0.03299061 0.02753668 0.008223114 0.03302148 0.02773429 0.008098257 0.03305188 0.02793177 0.007973285 0.028002 0.02812913 0.00569195 0.03308181 0.02812913 0.007848199 0.03309724 0.02835455 0.007782844 0.03311255 0.0285799 0.00771746 0.0281054 0.02903036 0.005448361 0.03314277 0.02903036 0.007586601 0.03314277 0.02996964 0.007586601 0.0281054 0.02996964 0.005448361 0.03312773 0.03019483 0.007652045 0.028002 0.03087087 0.00569195 0.03311255 0.0304201 0.00771746 0.03308181 0.03087087 0.007848199 0.03296479 0.03116571 0.008004377 0.03307694 0.03090315 0.00786867 0.03307207 0.03093543 0.007889138 0.03306228 0.031 0.007930064 0.03286723 0.03133112 0.008078449 0.03276961 0.03149623 0.008152282 0.0326719 0.03166104 0.008225872 0.02780358 0.03166104 0.006159394 0.03271657 0.0325 0.006206111 0.03296479 0.03116571 0.008004377 0.03286723 0.03133112 0.008078449 0.03276961 0.03149623 0.008152282 0.0326719 0.03166104 0.008225872 0.03216567 0.03233213 0.008915346 0.03222276 0.03227614 0.008806385 0.03210819 0.0323881 0.009024103 0.03205033 0.03244406 0.009132654 0.03199209 0.0325 0.009240998 0.03256056 0.03181514 0.008371808 0.0324486 0.03196902 0.008517209 0.03233599 0.03212269 0.008662068 0.03315382 0.0325 0.003116737 0.03090817 0.03400704 -0.01805888 0.02847346 0.03381601 -0.01640516 0.03090709 0.034 -0.01806631 0.0328 0.034 0 0.03253131 0.034 -0.00418971 0.03172965 0.034 -0.008310778 0.03187616 0.03262475 -0.009488548 0.03183708 0.03266633 -0.009570855 0.03191503 0.03258317 -0.009406135 0.03195367 0.03254159 -0.009323619 0.03175873 0.03269973 -0.00978997 0.03167885 0.03273314 -0.01000853 0.03159744 0.03276657 -0.01022652 0.03151451 0.0328 -0.01044394 0.03040816 0.034 -0.01229569 0.03090151 0.0328 -0.01213823 0.0301975 0.0328 -0.01379677 0.02890373 0.03254159 -0.01650882 0.02858847 0.034 -0.01607915 0.02940456 0.0328 -0.01541467 0.02920551 0.03273314 -0.01583535 0.02910378 0.03269973 -0.01604464 0.02930577 0.03276657 -0.01562536 0.02823682 0.03271058 -0.01751862 0.02847346 0.03381601 -0.01640516 0.02900059 0.03266633 -0.0162532 0.02893625 0.03258317 -0.0164237 0.02896853 0.03262475 -0.01633849 0.02864065 0.03181514 -0.01760657 0.02866746 0.03196902 -0.01742502 0.02869344 0.03212269 -0.01724339 0.02871859 0.03227614 -0.01706168 0.02402205 0.03227614 -0.01506812 0.02875731 0.03233213 -0.01694493 0.02879562 0.0323881 -0.01682803 0.02883351 0.03244406 -0.01671101 0.02887099 0.0325 -0.01659385 0.02435589 0.03266633 -0.01428164 0.02890373 0.03254159 -0.01650882 0.02893625 0.03258317 -0.0164237 0.02896853 0.03262475 -0.01633849 0.02900059 0.03266633 -0.0162532 0.03537147 0.03496107 -0.00176689 0.0352 0.0355 0 0.03541442 0.03496393 0 0.03480685 0.0355 -0.005246288 0.03501916 0.03496128 -0.005283504 0.03431771 0.03496169 -0.008748716 0.03363616 0.0355 -0.01037538 0.0332735 0.03496229 -0.01212858 0.0317141 0.0355 -0.01527271 0.03189615 0.03496302 -0.01538971 0.03131513 0.03471751 -0.0167492 0.0290836 0.0355 -0.01982887 0.03090817 0.03400704 -0.01805888 0.02580343 0.0355 -0.02394208 0.02194684 0.0355 -0.02752047 0.0176 0.0355 -0.0304841 0.01286 0.0355 -0.03276676 0.007832737 0.0355 -0.03431746 0.002630499 0.0355 -0.03510157 -0.002630499 0.0355 -0.03510157 -0.007832737 0.0355 -0.03431746 -0.01286 0.0355 -0.03276676 -0.0176 0.0355 -0.0304841 -0.02194684 0.0355 -0.02752047 -0.02580343 0.0355 -0.02394208 -0.0290836 0.0355 -0.01982887 -0.0317141 0.0355 -0.01527271 -0.03363616 0.0355 -0.01037538 -0.03480685 0.0355 -0.005246288 -0.0352 0.0355 2.695312e-17 -0.03480685 0.0355 0.005246288 -0.03363616 0.0355 0.01037538 -0.0317141 0.0355 0.01527271 -0.0290836 0.0355 0.01982887 -0.02580343 0.0355 0.02394208 -0.02194684 0.0355 0.02752047 -0.0176 0.0355 0.0304841 -0.01286 0.0355 0.03276676 -0.007832737 0.0355 0.03431746 -0.002630499 0.0355 0.03510157 0.002630499 0.0355 0.03510157 0.007832737 0.0355 0.03431746 0.01286 0.0355 0.03276676 0.0176 0.0355 0.0304841 0.02194684 0.0355 0.02752047 0.02580343 0.0355 0.02394208 0.0290836 0.0355 0.01982887 0.03090817 0.03400704 0.01805888 0.03131513 0.03471751 0.0167492 0.0317141 0.0355 0.01527271 0.03189615 0.03496302 0.01538971 0.0332735 0.03496229 0.01212858 0.03363616 0.0355 0.01037538 0.03431771 0.03496169 0.008748716 0.03480685 0.0355 0.005246288 0.03501916 0.03496128 0.005283504 0.03537147 0.03496107 0.00176689 0.03090709 0.034 0.01806631 0.02847346 0.03381601 0.01640516 0.03090817 0.03400704 0.01805888 0.02823682 0.03271058 0.01751862 0.02890373 0.03254159 0.01650882 0.02847346 0.03381601 0.01640516 0.02896853 0.03262475 0.01633849 0.02900059 0.03266633 0.0162532 0.02893625 0.03258317 0.0164237 0.02910378 0.03269973 0.01604464 0.02858847 0.034 0.01607915 0.02930577 0.03276657 0.01562536 0.02940456 0.0328 0.01541467 0.02920551 0.03273314 0.01583535 0.0301975 0.0328 0.01379677 0.03040816 0.034 0.01229569 0.03090151 0.0328 0.01213823 0.03151451 0.0328 0.01044394 0.03172965 0.034 0.008310778 0.03175873 0.03269973 0.00978997 0.03183708 0.03266633 0.009570855 0.03167885 0.03273314 0.01000853 0.03159744 0.03276657 0.01022652 0.03195367 0.03254159 0.009323619 0.03191503 0.03258317 0.009406135 0.03187616 0.03262475 0.009488548 0.03253131 0.034 0.00418971 0.02435589 0.03266633 0.01428164 0.02900059 0.03266633 0.0162532 0.02896853 0.03262475 0.01633849 0.02893625 0.03258317 0.0164237 0.02890373 0.03254159 0.01650882 0.02887099 0.0325 0.01659385 0.02402205 0.03227614 0.01506812 0.02883351 0.03244406 0.01671101 0.02879562 0.0323881 0.01682803 0.02875731 0.03233213 0.01694493 0.02871859 0.03227614 0.01706168 0.02869344 0.03212269 0.01724339 0.02866746 0.03196902 0.01742502 0.02864065 0.03181514 0.01760657 0.02719238 0.03266633 -0.007599299 0.03183708 0.03266633 -0.009570855 0.03187616 0.03262475 -0.009488548 0.03191503 0.03258317 -0.009406135 0.03195367 0.03254159 -0.009323619 0.03199209 0.0325 -0.009240998 0.02752622 0.03227614 -0.006812823 0.03205033 0.03244406 -0.009132654 0.03210819 0.0323881 -0.009024103 0.03216567 0.03233213 -0.008915346 0.03222276 0.03227614 -0.008806385 0.03233599 0.03212269 -0.008662068 0.0324486 0.03196902 -0.008517209 0.03256056 0.03181514 -0.008371808 0.02435589 0.02633367 -0.01428164 0.02402205 0.02672386 -0.01506812 0.02471916 0.0262 -0.01342583 0.02682911 0.0262 -0.008455109 0.02780358 0.02733896 -0.006159394 0.02719238 0.02633367 -0.007599299 0.02752622 0.02672386 -0.006812823 0.02344287 0.02996964 -0.01643258 0.02354627 0.03087087 -0.01618899 0.02344287 0.02903036 -0.01643258 0.02354627 0.02812913 -0.01618899 0.028002 0.02812913 -0.00569195 0.0281054 0.02996964 -0.005448361 0.0281054 0.02903036 -0.005448361 0.02471916 0.0328 -0.01342583 0.02435589 0.03266633 -0.01428164 0.02402205 0.03227614 -0.01506812 0.02374469 0.03166104 -0.01572155 0.02374469 0.02733896 -0.01572155 0.02682911 0.0328 -0.008455109 0.028002 0.03087087 -0.00569195 0.02719238 0.03266633 -0.007599299 0.02780358 0.03166104 -0.006159394 0.02752622 0.03227614 -0.006812823 0.02719238 0.02633367 0.007599299 0.02752622 0.02672386 0.006812823 0.02682911 0.0262 0.008455109 0.02780358 0.02733896 0.006159394 0.028002 0.02812913 0.00569195 0.02471916 0.0262 0.01342583 0.02374469 0.02733896 0.01572155 0.02435589 0.02633367 0.01428164 0.02402205 0.02672386 0.01506812 0.0281054 0.02996964 0.005448361 0.028002 0.03087087 0.00569195 0.0281054 0.02903036 0.005448361 0.02354627 0.02812913 0.01618899 0.02752622 0.03227614 0.006812823 0.02719238 0.03266633 0.007599299 0.02780358 0.03166104 0.006159394 0.02344287 0.02996964 0.01643258 0.02344287 0.02903036 0.01643258 0.02682911 0.0328 0.008455109 0.02354627 0.03087087 0.01618899 0.02471916 0.0328 0.01342583 0.02435589 0.03266633 0.01428164 0.02374469 0.03166104 0.01572155 0.02402205 0.03227614 0.01506812 0.03256056 0.03181514 0.008371808 0.0324486 0.03196902 0.008517209 0.03233599 0.03212269 0.008662068 0.03222276 0.03227614 0.008806385 0.02752622 0.03227614 0.006812823 0.03216567 0.03233213 0.008915346 0.03210819 0.0323881 0.009024103 0.03205033 0.03244406 0.009132654 0.03199209 0.0325 0.009240998 0.02719238 0.03266633 0.007599299 0.03195367 0.03254159 0.009323619 0.03191503 0.03258317 0.009406135 0.03187616 0.03262475 0.009488548 0.03183708 0.03266633 0.009570855 0.02887612 0.03452852 -0.01510583 0.02858847 0.034 -0.01607915 0.03131513 0.03471751 -0.0167492 0.03245544 0.03476639 -0.001570999 0.03249246 0.03476886 0 0.0321511 0.03476765 -0.004700844 0.03154334 0.0347701 -0.007793913 0.03063433 0.0347736 -0.0108247 0.02942798 0.03477797 -0.01376651 0.02887612 0.03452852 -0.01510583 0.02910378 0.03269973 -0.01604464 0.02471916 0.0328 -0.01342583 0.02920551 0.03273314 -0.01583535 0.02930577 0.03276657 -0.01562536 0.02940456 0.0328 -0.01541467 0.0301975 0.0328 -0.01379677 0.03090151 0.0328 -0.01213823 0.02682911 0.0328 -0.008455109 0.03151451 0.0328 -0.01044394 0.03159744 0.03276657 -0.01022652 0.03167885 0.03273314 -0.01000853 0.03175873 0.03269973 -0.00978997 0.03189615 0.03496302 -0.01538971 0.02942798 0.03477797 -0.01376651 0.03063433 0.0347736 -0.0108247 0.0332735 0.03496229 -0.01212858 0.03154334 0.0347701 -0.007793913 0.03431771 0.03496169 -0.008748716 0.0321511 0.03476765 -0.004700844 0.03501916 0.03496128 -0.005283504 0.03245544 0.03476639 -0.001570999 0.03537147 0.03496107 -0.00176689 0.03245544 0.03476639 0.001570999 0.03249246 0.03476886 0 0.03537147 0.03496107 0.00176689 0.03541442 0.03496393 0 0.03441131 0.037 -0.005186671 0.0348 0.037 0 0.03325393 0.037 -0.01025748 0.03135372 0.037 -0.01509915 0.02875311 0.037 -0.01960354 0.0255102 0.037 -0.02367001 0.02169744 0.037 -0.02720774 0.0174 0.037 -0.03013768 0.01271387 0.037 -0.03239441 0.007743729 0.037 -0.03392749 0.002600607 0.037 -0.03470269 -0.002600607 0.037 -0.03470269 -0.007743729 0.037 -0.03392749 -0.01271387 0.037 -0.03239441 -0.0174 0.037 -0.03013768 -0.02169744 0.037 -0.02720774 -0.0255102 0.037 -0.02367001 -0.02875311 0.037 -0.01960354 -0.03135372 0.037 -0.01509915 -0.03325393 0.037 -0.01025748 -0.03441131 0.037 -0.005186671 -0.0348 0.037 2.664684e-17 -0.03441131 0.037 0.005186671 -0.03325393 0.037 0.01025748 -0.03135372 0.037 0.01509915 -0.02875311 0.037 0.01960354 -0.0255102 0.037 0.02367001 -0.02169744 0.037 0.02720774 -0.0174 0.037 0.03013768 -0.01271387 0.037 0.03239441 -0.007743729 0.037 0.03392749 -0.002600607 0.037 0.03470269 0.002600607 0.037 0.03470269 0.007743729 0.037 0.03392749 0.01271387 0.037 0.03239441 0.0174 0.037 0.03013768 0.02169744 0.037 0.02720774 0.0255102 0.037 0.02367001 0.02875311 0.037 0.01960354 0.03135372 0.037 0.01509915 0.03325393 0.037 0.01025748 0.03441131 0.037 0.005186671 0.0321511 0.03476765 0.004700844 0.03501916 0.03496128 0.005283504 0.03154334 0.0347701 0.007793913 0.03431771 0.03496169 0.008748716 0.03063433 0.0347736 0.0108247 0.0332735 0.03496229 0.01212858 0.02942798 0.03477797 0.01376651 0.03189615 0.03496302 0.01538971 0.02887612 0.03452852 0.01510583 0.03131513 0.03471751 0.0167492 0.02858847 0.034 0.01607915 0.02942798 0.03477797 0.01376651 0.02887612 0.03452852 0.01510583 0.03063433 0.0347736 0.0108247 0.03154334 0.0347701 0.007793913 0.0321511 0.03476765 0.004700844 0.03245544 0.03476639 0.001570999 0.03175873 0.03269973 0.00978997 0.02682911 0.0328 0.008455109 0.03167885 0.03273314 0.01000853 0.03159744 0.03276657 0.01022652 0.03151451 0.0328 0.01044394 0.03090151 0.0328 0.01213823 0.02471916 0.0328 0.01342583 0.0301975 0.0328 0.01379677 0.02940456 0.0328 0.01541467 0.02930577 0.03276657 0.01562536 0.02920551 0.03273314 0.01583535 0.02910378 0.03269973 0.01604464 0.03282918 0.0383 -0.004948203 0.0332 0.0383 0 0.03172502 0.0383 -0.009785872 0.02991217 0.0383 -0.01440494 0.02743113 0.0383 -0.01870223 0.02433732 0.0383 -0.02258174 0.02069986 0.0383 -0.0259568 0.0166 0.0383 -0.02875204 0.01212932 0.0383 -0.03090501 0.007387695 0.0383 -0.03236761 0.002481039 0.0383 -0.03310717 -0.002481039 0.0383 -0.03310717 -0.007387695 0.0383 -0.03236761 -0.01212932 0.0383 -0.03090501 -0.0166 0.0383 -0.02875204 -0.02069986 0.0383 -0.0259568 -0.02433732 0.0383 -0.02258174 -0.02743113 0.0383 -0.01870223 -0.02991217 0.0383 -0.01440494 -0.03172502 0.0383 -0.009785872 -0.03282918 0.0383 -0.004948203 -0.0332 0.0383 2.54217e-17 -0.03282918 0.0383 0.004948203 -0.03172502 0.0383 0.009785872 -0.02991217 0.0383 0.01440494 -0.02743113 0.0383 0.01870223 -0.02433732 0.0383 0.02258174 -0.02069986 0.0383 0.0259568 -0.0166 0.0383 0.02875204 -0.01212932 0.0383 0.03090501 -0.007387695 0.0383 0.03236761 -0.002481039 0.0383 0.03310717 0.002481039 0.0383 0.03310717 0.007387695 0.0383 0.03236761 0.01212932 0.0383 0.03090501 0.0166 0.0383 0.02875204 0.02069986 0.0383 0.0259568 0.02433732 0.0383 0.02258174 0.02743113 0.0383 0.01870223 0.02991217 0.0383 0.01440494 0.03172502 0.0383 0.009785872 0.03282918 0.0383 0.004948203 0.03193923 0.039 -0.004814065 0.0323 0.039 0 0.030865 0.039 -0.009520592 0.02910129 0.039 -0.01401444 0.02668751 0.039 -0.01819524 0.02367758 0.039 -0.02196958 0.02013872 0.039 -0.02525316 0.01615 0.039 -0.02797262 0.01180052 0.039 -0.03006722 0.007187426 0.039 -0.03149017 0.002413782 0.039 -0.03220968 -0.002413782 0.039 -0.03220968 -0.007187426 0.039 -0.03149017 -0.01180052 0.039 -0.03006722 -0.01615 0.039 -0.02797262 -0.02013872 0.039 -0.02525316 -0.02367758 0.039 -0.02196958 -0.02668751 0.039 -0.01819524 -0.02910129 0.039 -0.01401444 -0.030865 0.039 -0.009520592 -0.03193923 0.039 -0.004814065 -0.0323 0.039 2.473255e-17 -0.03193923 0.039 0.004814065 -0.030865 0.039 0.009520592 -0.02910129 0.039 0.01401444 -0.02668751 0.039 0.01819524 -0.02367758 0.039 0.02196958 -0.02013872 0.039 0.02525316 -0.01615 0.039 0.02797262 -0.01180052 0.039 0.03006722 -0.007187426 0.039 0.03149017 -0.002413782 0.039 0.03220968 0.002413782 0.039 0.03220968 0.007187426 0.039 0.03149017 0.01180052 0.039 0.03006722 0.01615 0.039 0.02797262 0.02013872 0.039 0.02525316 0.02367758 0.039 0.02196958 0.02668751 0.039 0.01819524 0.02910129 0.039 0.01401444 0.030865 0.039 0.009520592 0.03193923 0.039 0.004814065 0.03015934 0.04 -0.004545789 0.0305 0.04 0 0.02914497 0.04 -0.008990034 0.02747955 0.04 -0.01323345 0.02520028 0.04 -0.01718126 0.02235808 0.04 -0.02074527 0.01901644 0.04 -0.02384586 0.01525 0.04 -0.02641377 0.0111429 0.04 -0.02839165 0.006786888 0.04 -0.0297353 0.002279268 0.04 -0.03041472 -0.002279268 0.04 -0.03041472 -0.006786888 0.04 -0.0297353 -0.0111429 0.04 -0.02839165 -0.01525 0.04 -0.02641377 -0.01901644 0.04 -0.02384586 -0.02235808 0.04 -0.02074527 -0.02520028 0.04 -0.01718126 -0.02747955 0.04 -0.01323345 -0.02914497 0.04 -0.008990034 -0.03015934 0.04 -0.004545789 -0.0305 0.04 2.335427e-17 -0.03015934 0.04 0.004545789 -0.02914497 0.04 0.008990034 -0.02747955 0.04 0.01323345 -0.02520028 0.04 0.01718126 -0.02235808 0.04 0.02074527 -0.01901644 0.04 0.02384586 -0.01525 0.04 0.02641377 -0.0111429 0.04 0.02839165 -0.006786888 0.04 0.0297353 -0.002279268 0.04 0.03041472 0.002279268 0.04 0.03041472 0.006786888 0.04 0.0297353 0.0111429 0.04 0.02839165 0.01525 0.04 0.02641377 0.01901644 0.04 0.02384586 0.02235808 0.04 0.02074527 0.02520028 0.04 0.01718126 0.02747955 0.04 0.01323345 0.02914497 0.04 0.008990034 0.03015934 0.04 0.004545789 0.02867609 0.0405 -0.004322226 0.029 0.0405 0 0.02771161 0.0405 -0.0085479 0.0261281 0.0405 -0.01258263 0.02396092 0.0405 -0.01633628 0.02125851 0.0405 -0.01972501 0.0180812 0.0405 -0.02267311 0.0145 0.0405 -0.02511474 0.01059489 0.0405 -0.02699534 0.006453107 0.0405 -0.02827291 0.002167173 0.0405 -0.02891891 -0.002167173 0.0405 -0.02891891 -0.006453107 0.0405 -0.02827291 -0.01059489 0.0405 -0.02699534 -0.0145 0.0405 -0.02511474 -0.0180812 0.0405 -0.02267311 -0.02125851 0.0405 -0.01972501 -0.02396092 0.0405 -0.01633628 -0.0261281 0.0405 -0.01258263 -0.02771161 0.0405 -0.0085479 -0.02867609 0.0405 -0.004322226 -0.029 0.0405 2.22057e-17 -0.02867609 0.0405 0.004322226 -0.02771161 0.0405 0.0085479 -0.0261281 0.0405 0.01258263 -0.02396092 0.0405 0.01633628 -0.02125851 0.0405 0.01972501 -0.0180812 0.0405 0.02267311 -0.0145 0.0405 0.02511474 -0.01059489 0.0405 0.02699534 -0.006453107 0.0405 0.02827291 -0.002167173 0.0405 0.02891891 0.002167173 0.0405 0.02891891 0.006453107 0.0405 0.02827291 0.01059489 0.0405 0.02699534 0.0145 0.0405 0.02511474 0.0180812 0.0405 0.02267311 0.02125851 0.0405 0.01972501 0.02396092 0.0405 0.01633628 0.0261281 0.0405 0.01258263 0.02771161 0.0405 0.0085479 0.02867609 0.0405 0.004322226</float_array>
          <technique_common>
            <accessor count="1449" source="#verts-array-array" stride="3">
              <param type="float" name="X"/>
              <param type="float" name="Y"/>
              <param type="float" name="Z"/>
            </accessor>
          </technique_common>
        </source>
        <source id="normals-array">
          <float_array count="4347" id="normals-array-array">0 -1 0 0 -1 0 0 -1 0 0 -1 0 0 -1 0 0 -1 0 0 -1 0 0 -1 0 0 -1 0 0 -1 0 0 -1 0 0 -1 0 0 -1 0 0 -1 0 0 -1 0 0 -1 0 0 -1 0 0 -1 0 0 -1 0 0 -1 0 0 -1 0 0 -1 0 0 -1 0 0 -1 0 0 -1 0 0 -1 0 0 -1 0 0 -1 0 0 -1 0 0 -1 0 0 -1 0 0 -1 0 0 -1 0 0 -1 0 0 -1 0 0 -1 0 0 -1 0 0 -1 0 0 -1 0 0 -1 0 0 -1 0 0 -1 0 0.9994683 0.03260647 4.449771e-18 0.9994745 0.03241513 -8.873306e-18 0.9880221 0.04495667 -0.1476184 0.9888281 0.01984432 -0.1477337 0.9994745 0.03241553 0 0.9880221 0.04495667 0.1476184 0.9888281 0.01984432 0.1477337 0.9588851 0.03260692 -0.2819152 0.9542771 0.03293708 -0.2971034 0.901715 0.04495481 -0.4299874 0.9543059 0.03189386 -0.2971248 0.9024575 0.01984537 -0.4303216 0.840451 0.0326073 -0.5409056 0.8227877 0.03449891 -0.5673008 0.7365853 0.04496369 -0.6748484 0.8228854 0.03032758 -0.5673974 0.7372053 0.01983438 -0.6753776 0.6538357 0.03260808 -0.7559336 0.6169378 0.0370964 -0.7861372 0.5069672 0.04500667 -0.8607895 0.6170964 0.02772394 -0.786399 0.5074171 0.01978926 -0.8614733 0.4142581 0.03260867 -0.9095751 0.3554023 0.04071617 -0.9338262 0.2328368 0.04511949 -0.9714686 0.355546 0.02409261 -0.9343482 0.2330796 0.01967439 -0.9722586 0.141224 0.03260882 -0.9894405 0.06189338 0.04534746 -0.9970521 0.06188023 0.01944446 -0.9978942 -0.06188023 0.01944446 -0.9978942 -0.141224 0.03260882 -0.9894405 -0.06189338 0.04534746 -0.9970521 -0.2328368 0.04511949 -0.9714686 -0.2330796 0.01967439 -0.9722586 -0.4142581 0.03260867 -0.9095751 -0.3554023 0.04071617 -0.9338262 -0.5069672 0.04500667 -0.8607895 -0.355546 0.02409261 -0.9343482 -0.5074171 0.01978926 -0.8614733 -0.6538357 0.03260808 -0.7559336 -0.6169378 0.0370964 -0.7861372 -0.7365853 0.04496369 -0.6748484 -0.6170964 0.02772394 -0.786399 -0.7372053 0.01983438 -0.6753776 -0.840451 0.0326073 -0.5409056 -0.8227877 0.03449891 -0.5673008 -0.901715 0.04495481 -0.4299874 -0.8228854 0.03032758 -0.5673974 -0.9024575 0.01984537 -0.4303216 -0.9588851 0.03260692 -0.2819152 -0.9542771 0.03293708 -0.2971034 -0.9880221 0.04495667 -0.1476184 -0.9543059 0.03189386 -0.2971248 -0.9888281 0.01984432 -0.1477337 -0.9994683 0.03260647 -3.826803e-16 -0.9994745 0.03241513 6.654979e-16 -0.9880221 0.04495667 0.1476184 -0.9994745 0.03241553 6.546025e-16 -0.9888281 0.01984432 0.1477337 -0.9588851 0.03260692 0.2819152 -0.9542771 0.03293708 0.2971034 -0.901715 0.04495481 0.4299874 -0.9543059 0.03189386 0.2971248 -0.9024575 0.01984537 0.4303216 -0.840451 0.0326073 0.5409056 -0.8227877 0.03449891 0.5673008 -0.7365853 0.04496369 0.6748484 -0.8228854 0.03032758 0.5673974 -0.7372053 0.01983438 0.6753776 -0.6538357 0.03260808 0.7559336 -0.6169378 0.0370964 0.7861372 -0.5069672 0.04500667 0.8607895 -0.6170964 0.02772394 0.786399 -0.5074171 0.01978926 0.8614733 -0.4142581 0.03260867 0.9095751 -0.3554023 0.04071617 0.9338262 -0.2328368 0.04511949 0.9714686 -0.355546 0.02409261 0.9343482 -0.2330796 0.01967439 0.9722586 -0.141224 0.03260882 0.9894405 -0.06189338 0.04534746 0.9970521 -0.06188023 0.01944446 0.9978942 0.141224 0.03260882 0.9894405 0.06189338 0.04534746 0.9970521 0.2328368 0.04511949 0.9714686 0.06188023 0.01944446 0.9978942 0.2330796 0.01967439 0.9722586 0.4142581 0.03260867 0.9095751 0.3554023 0.04071617 0.9338262 0.5069672 0.04500667 0.8607895 0.355546 0.02409261 0.9343482 0.5074171 0.01978926 0.8614733 0.6538357 0.03260808 0.7559336 0.6169378 0.0370964 0.7861372 0.7365853 0.04496369 0.6748484 0.6170964 0.02772394 0.786399 0.7372053 0.01983438 0.6753776 0.840451 0.0326073 0.5409056 0.8227877 0.03449891 0.5673008 0.901715 0.04495481 0.4299874 0.8228854 0.03032758 0.5673974 0.9024575 0.01984537 0.4303216 0.9588851 0.03260692 0.2819152 0.9542771 0.03293708 0.2971034 0.9543059 0.03189386 0.2971248 0.480216 0.8741588 -0.07238056 0.485642 0.8741578 -1.960915e-07 0.4802161 0.8741587 -0.07238067 0.485642 0.8741578 -2.176653e-07 0.4640687 0.8741564 -0.143146 0.464069 0.8741562 -0.1431463 0.4375527 0.8741551 -0.2107144 0.4375526 0.8741551 -0.2107144 0.4012577 0.8741568 -0.2735729 0.4012572 0.874157 -0.2735728 0.3559999 0.8741586 -0.3303194 0.3559996 0.8741587 -0.3303192 0.302793 0.8741578 -0.37969 0.3027931 0.8741578 -0.3796899 0.2428213 0.8741571 -0.4205795 0.2428214 0.8741572 -0.4205794 0.1774251 0.8741581 -0.4520707 0.1774247 0.874158 -0.452071 0.1080659 0.8741563 -0.4734686 0.1080659 0.8741562 -0.4734687 0.03629233 0.8741564 -0.4842865 0.03629234 0.8741565 -0.4842864 -0.03629228 0.8741565 -0.4842864 -0.0362923 0.8741564 -0.4842865 -0.1080663 0.8741562 -0.4734686 -0.1080663 0.8741563 -0.4734685 -0.1774246 0.874158 -0.452071 -0.1774242 0.8741581 -0.4520711 -0.2428216 0.8741572 -0.4205793 -0.2428217 0.8741571 -0.4205793 -0.3027931 0.8741578 -0.3796901 -0.3027929 0.8741579 -0.37969 -0.3559995 0.8741587 -0.3303195 -0.3559995 0.8741586 -0.3303196 -0.4012573 0.874157 -0.2735727 -0.4012575 0.8741568 -0.2735731 -0.4375529 0.8741551 -0.2107139 -0.4375529 0.8741551 -0.210714 -0.4640691 0.8741562 -0.1431459 -0.4640687 0.8741564 -0.143146 -0.4802162 0.8741587 -0.07238107 -0.4802158 0.8741589 -0.07238105 -0.4856419 0.8741579 1.914111e-16 -0.4856422 0.8741577 1.761154e-16 -0.480216 0.8741588 0.07238056 -0.4802161 0.8741587 0.07238067 -0.4640687 0.8741564 0.1431463 -0.4640688 0.8741563 0.1431465 -0.4375526 0.8741552 0.2107141 -0.4375529 0.874155 0.2107143 -0.4012577 0.8741568 0.2735729 -0.4012572 0.874157 0.2735728 -0.3559999 0.8741586 0.3303192 -0.3559998 0.8741587 0.3303192 -0.3027929 0.8741579 0.37969 -0.302793 0.8741578 0.3796902 -0.2428213 0.8741571 0.4205795 -0.2428214 0.8741572 0.4205794 -0.1774251 0.8741581 0.4520707 -0.1774247 0.874158 0.452071 -0.1080659 0.8741563 0.4734686 -0.1080659 0.8741562 0.4734687 -0.03629233 0.8741564 0.4842865 -0.03629234 0.8741565 0.4842864 0.03629228 0.8741565 0.4842864 0.0362923 0.8741564 0.4842865 0.1080663 0.8741562 0.4734686 0.1080663 0.8741563 0.4734685 0.1774248 0.874158 0.4520711 0.1774243 0.8741582 0.4520709 0.2428215 0.8741572 0.4205793 0.2428215 0.8741571 0.4205795 0.3027931 0.8741578 0.3796901 0.3027929 0.8741579 0.37969 0.3559995 0.8741587 0.3303195 0.3559995 0.8741586 0.3303196 0.4012573 0.874157 0.2735727 0.4012575 0.8741568 0.2735731 0.4375529 0.8741551 0.2107139 0.4375529 0.8741551 0.210714 0.4640687 0.8741564 0.1431463 0.4640688 0.8741563 0.1431465 0.4802162 0.8741587 0.07238088 0.4802158 0.8741589 0.07238075 0.6992061 -0.7071096 -0.1053889 0.7071065 -0.707107 0 0.6992063 -0.7071094 -0.1053889 0.7071068 -0.7071068 0 0.6756965 -0.7071023 -0.208424 0.6756969 -0.707102 -0.2084236 0.6370846 -0.7071031 -0.3068037 0.6370844 -0.7071033 -0.3068036 0.584244 -0.7071009 -0.3983306 0.584244 -0.7071005 -0.3983314 0.5183435 -0.7071098 -0.480953 0.5183434 -0.7071099 -0.4809529 0.4408747 -0.7071057 -0.5528391 0.4408753 -0.7071056 -0.5528388 0.3535546 -0.7071043 -0.6123746 0.3535549 -0.707104 -0.6123747 0.2583344 -0.7071087 -0.6582254 0.2583345 -0.7071089 -0.6582251 0.1573452 -0.7071096 -0.6893754 0.1573453 -0.7071094 -0.6893756 0.05284229 -0.7071051 -0.7051312 0.05284235 -0.7071049 -0.7051314 -0.05284193 -0.7071049 -0.7051314 -0.05284193 -0.7071051 -0.7051312 -0.1573456 -0.7071094 -0.6893755 -0.1573458 -0.7071096 -0.6893753 -0.2583346 -0.7071089 -0.6582251 -0.2583349 -0.7071087 -0.6582252 -0.3535545 -0.7071042 -0.6123747 -0.3535544 -0.7071041 -0.612375 -0.4408745 -0.7071055 -0.5528395 -0.4408748 -0.7071057 -0.5528389 -0.5183441 -0.7071099 -0.4809521 -0.5183443 -0.7071098 -0.4809521 -0.5842432 -0.7071008 -0.3983318 -0.5842438 -0.7071006 -0.3983315 -0.6370846 -0.7071031 -0.3068036 -0.6370845 -0.7071032 -0.3068035 -0.6756965 -0.707102 -0.2084248 -0.6756964 -0.7071023 -0.2084243 -0.6992065 -0.7071093 -0.1053883 -0.6992061 -0.7071097 -0.1053882 -0.7071065 -0.707107 2.139799e-16 -0.7071068 -0.7071068 2.792399e-16 -0.6992065 -0.7071093 0.1053883 -0.6992061 -0.7071097 0.1053882 -0.6756964 -0.7071024 0.2084242 -0.6756966 -0.707102 0.2084248 -0.6370846 -0.7071031 0.3068037 -0.6370844 -0.7071033 0.3068036 -0.5842438 -0.7071006 0.3983315 -0.5842432 -0.7071008 0.3983318 -0.5183442 -0.7071096 0.4809525 -0.5183437 -0.7071101 0.4809522 -0.4408745 -0.7071058 0.5528391 -0.4408752 -0.7071055 0.5528389 -0.353555 -0.7071041 0.6123746 -0.3535548 -0.7071042 0.6123746 -0.2583344 -0.7071087 0.6582254 -0.2583345 -0.7071089 0.6582251 -0.1573456 -0.7071094 0.6893755 -0.1573457 -0.7071096 0.6893753 -0.05284193 -0.7071051 0.7051312 -0.05284193 -0.7071049 0.7051314 0.05284193 -0.7071051 0.7051312 0.05284193 -0.7071049 0.7051314 0.1573456 -0.7071094 0.6893755 0.1573458 -0.7071096 0.6893753 0.2583343 -0.7071087 0.6582254 0.2583345 -0.7071089 0.6582252 0.3535548 -0.7071042 0.6123746 0.353555 -0.7071041 0.6123746 0.4408747 -0.7071057 0.552839 0.4408743 -0.7071056 0.5528395 0.5183441 -0.7071099 0.4809521 0.5183443 -0.7071098 0.4809521 0.5842433 -0.707101 0.3983315 0.5842441 -0.7071005 0.3983313 0.6370844 -0.7071031 0.3068039 0.6370843 -0.7071032 0.3068038 0.6756964 -0.7071024 0.2084242 0.6756966 -0.707102 0.2084248 0.6992065 -0.7071093 0.1053883 0.6992061 -0.7071097 0.1053882 0.9979849 -0.006877758 -0.06307736 1 0 0 0.9998827 -0.01531941 -4.425852e-18 0.9887627 -0.01145601 -0.1490541 0.9887922 2.771676e-07 -0.1492981 0.9699153 -0.003037036 -0.2434236 0.955507 -0.01281247 -0.29469 0.9382144 -0.00301437 -0.3460414 0.9008829 -0.01276477 -0.4338745 0.9060518 8.893952e-05 -0.4231668 0.8748508 -0.01310522 -0.4842152 0.8194067 0.004992536 -0.5731908 0.8592359 -0.01251939 -0.5114264 0.8184411 -0.01393406 -0.5744215 0.7368326 0.001364172 -0.6760738 0.7978089 -0.01507181 -0.6027221 0.7284423 0.214438 -0.6506829 0.79273 0 -0.6095729 0.7909031 -0.00789791 -0.6118904 0.7732163 0.2414138 -0.5863923 0.7933295 0.005062905 -0.6087715 0.79273 0 -0.6095729 0.79273 0 -0.6095729 0.79273 0 -0.6095729 0.6250596 0.2159251 -0.7501179 0.6234961 -0.003750966 -0.7818175 0.5090926 0.2160188 -0.833163 0.4999954 -0.004097537 -0.8660184 0.3822733 0.2161122 -0.8984223 0.3653268 -0.00441917 -0.9308689 0.2473086 0.2162035 -0.9445076 0.2224977 -0.004716466 -0.9749218 0.1070793 0.2162927 -0.9704388 0.07470102 -0.004989775 -0.9971935 -0.03542236 0.2163834 -0.9756657 -0.07476093 -0.005238631 -0.9971877 -0.1771559 0.2164754 -0.9600803 -0.2225513 -0.005463184 -0.9749057 -0.3150989 0.2165668 -0.9240192 -0.3653687 -0.00566448 -0.9308457 -0.4463111 0.2166597 -0.868254 -0.5000219 -0.00584156 -0.8659931 -0.5679934 0.2167546 -0.7939779 -0.6235036 -0.005994709 -0.7817975 -0.6775534 0.2168533 -0.7027774 -0.7330582 -0.006124396 -0.6801383 -0.7726584 0.2169518 -0.5965995 -0.8262363 -0.006230241 -0.5632893 -0.8512804 0.2170566 -0.4777114 -0.9009591 -0.006312542 -0.4338581 -0.911748 0.2171641 -0.3486478 -0.9555573 -0.006371343 -0.2947365 -0.9527737 0.2172757 -0.212164 -0.9888115 -0.006406435 -0.149033 -0.9734866 0.217391 -0.07116889 -0.9999794 -0.006417974 4.295202e-16 -0.9734866 0.217391 0.07116889 -0.9888115 -0.006406435 0.149033 -0.9527737 0.2172757 0.212164 -0.9555573 -0.006371343 0.2947365 -0.911748 0.2171641 0.3486478 -0.9009591 -0.006312542 0.4338581 -0.8512804 0.2170566 0.4777114 -0.8262363 -0.006230241 0.5632893 -0.7726584 0.2169518 0.5965995 -0.7330582 -0.006124396 0.6801383 -0.6775534 0.2168533 0.7027774 -0.6235036 -0.005994709 0.7817975 -0.5679934 0.2167546 0.7939779 -0.5000219 -0.00584156 0.8659931 -0.4463111 0.2166597 0.868254 -0.3653687 -0.00566448 0.9308457 -0.3150989 0.2165668 0.9240192 -0.2225513 -0.005463184 0.9749057 -0.1771559 0.2164754 0.9600803 -0.07476093 -0.005238631 0.9971877 -0.03542236 0.2163834 0.9756657 0.07470102 -0.004989775 0.9971935 0.1070793 0.2162927 0.9704388 0.2224977 -0.004716466 0.9749218 0.2473086 0.2162035 0.9445076 0.3653268 -0.00441917 0.9308689 0.3822733 0.2161122 0.8984223 0.4999954 -0.004097537 0.8660184 0.5090926 0.2160188 0.833163 0.6234961 -0.003750966 0.7818175 0.6250596 0.2159251 0.7501179 0.7368326 0.001364172 0.6760738 0.7284423 0.214438 0.6506829 0.8184411 -0.01393406 0.5744215 0.8194067 0.004992536 0.5731908 0.8592359 -0.01251939 0.5114264 0.7978089 -0.01507181 0.6027221 0.8748508 -0.01310522 0.4842152 0.9008829 -0.01276477 0.4338745 0.7909031 -0.00789791 0.6118904 0.79273 0 0.6095729 0.9060518 8.893952e-05 0.4231668 0.79273 0 0.6095729 0.79273 0 0.6095729 0.79273 0 0.6095729 0.7933295 0.005062905 0.6087715 0.7732163 0.2414138 0.5863923 0.9382144 -0.00301437 0.3460414 0.955507 -0.01281247 0.29469 0.9699153 -0.003037036 0.2434236 0.9887627 -0.01145601 0.1490541 0.9887922 2.771676e-07 0.1492981 0.9979849 -0.006877758 0.06307736 0.06303919 0.9980058 -0.003226722 0.06325195 0.9979976 0 0.06300573 0.998008 -0.003213489 0.06325025 0.9979977 1.369911e-22 0.06300573 0.998008 0.003213489 0.06303919 0.9980058 0.003226722 0.06209462 0.9980251 -0.00949166 0.06197093 0.9980318 -0.009594271 0.06021958 0.9980642 -0.01553829 0.05999627 0.9980754 -0.01568448 0.05749898 0.9981204 -0.02120213 0.05717417 0.9981356 -0.02136369 0.09612345 0.9946944 0.03665092 0.1011493 0.9937631 0.04694288 0.2238685 0.9474091 0.2286895 0.2269651 0.9443394 0.2381385 0.3740038 0.8036051 0.4629686 0.3726615 0.8034509 0.4643167 0.4862389 0.5824918 0.651364 0.4838244 0.587621 0.6485488 0.5508475 0.3033461 0.777527 0.5493998 0.3134569 0.7745351 0.5639033 0.07532435 0.8223985 0.5639404 0.08149698 0.8217843 0.5615619 0 0.8274347 0.5615619 0 0.8274347 0.5615619 0 0.8274347 0.5615619 0 0.8274347 0.5615619 0 0.8274347 0.5615619 0 0.8274347 0.5615619 0 0.8274347 0.5615619 0 0.8274347 0.5639832 -0.07927691 0.8219721 0.5638835 -0.0734094 0.8225852 0.5480709 -0.3275523 0.7696284 0.5630513 -0.1523013 0.8122669 0.5557267 -0.26225 0.7889187 0.5630835 -0.1520145 0.8122984 0.7011628 0.3746202 -0.6066551 0.7207747 0.4385475 -0.5368053 0.7532658 0.3715949 -0.5426857 0.6045624 0.3742881 -0.7031449 0.4947826 0.3739605 -0.7844385 0.3742612 0.3736291 -0.8487225 0.2456171 0.3733 -0.8946057 0.1116424 0.3729756 -0.9211 -0.0247551 0.3726622 -0.9276368 -0.1606187 0.3723607 -0.9140838 -0.2930039 0.3720812 -0.8807408 -0.4190433 0.3718311 -0.8283383 -0.5360134 0.3716068 -0.7580225 -0.641383 0.3714215 -0.6713226 -0.7328823 0.3712742 -0.5701219 -0.8085327 0.3711815 -0.4566171 -0.8667118 0.3711373 -0.3332684 -0.906167 0.3711529 -0.2027483 -0.9260574 0.3712277 -0.06787951 -0.9260574 0.3712277 0.06787951 -0.906167 0.3711529 0.2027483 -0.8667118 0.3711373 0.3332684 -0.8085327 0.3711815 0.4566171 -0.7328823 0.3712742 0.5701219 -0.641383 0.3714215 0.6713226 -0.5360134 0.3716068 0.7580225 -0.4190433 0.3718311 0.8283383 -0.2930039 0.3720812 0.8807408 -0.1606187 0.3723607 0.9140838 -0.0247551 0.3726622 0.9276368 0.1116424 0.3729756 0.9211 0.2456171 0.3733 0.8946057 0.3742612 0.3736291 0.8487225 0.4947826 0.3739605 0.7844385 0.6045624 0.3742881 0.7031449 0.7011628 0.3746202 0.6066551 0.7207747 0.4385475 0.5368053 0.7532658 0.3715949 0.5426857 0.5638835 -0.0734094 -0.8225852 0.5630513 -0.1523013 -0.8122669 0.5639832 -0.07927691 -0.8219721 0.5630835 -0.1520145 -0.8122984 0.5557267 -0.26225 -0.7889187 0.5480709 -0.3275523 -0.7696284 0.5615619 0 -0.8274347 0.5615619 0 -0.8274347 0.5615619 0 -0.8274347 0.5615619 0 -0.8274347 0.5615619 0 -0.8274347 0.5615619 0 -0.8274347 0.5615619 0 -0.8274347 0.5615619 0 -0.8274347 0.5639404 0.08149698 -0.8217843 0.5639033 0.07532435 -0.8223985 0.5493998 0.3134569 -0.7745351 0.5508475 0.3033461 -0.777527 0.4838244 0.587621 -0.6485488 0.4862389 0.5824918 -0.651364 0.3726615 0.8034509 -0.4643167 0.3740038 0.8036051 -0.4629686 0.2269651 0.9443394 -0.2381385 0.2238685 0.9474091 -0.2286895 0.1011493 0.9937631 -0.04694288 0.09612345 0.9946944 -0.03665092 0.05749898 0.9981204 0.02120213 0.05717417 0.9981356 0.02136369 0.06021958 0.9980642 0.01553829 0.05999627 0.9980754 0.01568448 0.06209462 0.9980251 0.00949166 0.06197093 0.9980318 0.009594271 0.9761808 0.2169587 1.137571e-18 1 0 -2.211536e-18 0.9972765 0.009368202 -0.07315622 0.9744099 0.2087766 -0.08329312 0.9660561 -0.002141709 -0.2583234 0.9727178 -0.0003802424 -0.2319911 0.9646487 -0.003819934 -0.2635115 0.9630429 -0.006235386 -0.2692759 0.9735799 -0.01247808 -0.2280053 0.9906407 0.04951049 -0.1271995 0.9615855 -0.008982101 -0.2743587 0.9741106 -0.03254486 -0.2237171 0.9601564 -0.01220943 -0.2791964 0.9756679 -0.02550126 -0.2177654 0.9577599 -0.01868566 -0.2869614 0.9769805 -0.01945462 -0.2124397 0.9564423 -0.01762384 -0.291389 0.9424339 -0.01132388 -0.3342007 0.977333 -0.01798154 -0.2109428 0.9536948 -0.01017378 -0.300604 0.9776979 -0.01657059 -0.2093617 0.9514038 -0.006340206 -0.3078808 0.9866262 -0.008344269 -0.1627854 0.9461618 -0.000496612 -0.3236936 0.989702 -0.02646036 -0.1406762 0.9896656 -0.0255481 -0.1411 0.9881826 -0.02457002 -0.1512994 0.9726783 0.1845467 -0.1408523 0.9290986 -0.00771501 -0.3697517 0.9091536 -0.003375331 -0.4164473 0.9814725 0.003980245 -0.1915615 0.9809411 0.00990195 -0.1940526 0.9809079 0.01059272 -0.1941842 0.9106287 -0.00245216 -0.4132182 0.8891586 0.001583369 -0.4575964 0.9806959 0.01913807 -0.1946002 0.9805217 0.0247666 -0.1948433 0.9805083 0.02524675 -0.1948488 0.9345858 0.2975183 -0.1950185 0.8890597 -0.005035554 -0.4577636 0.8708382 -0.0005521449 -0.4915695 0.8826789 -0.01877102 -0.4696015 0.8798461 -0.01220819 -0.4751019 0.8768048 -0.007007539 -0.4807955 0.8733902 -0.003048985 -0.4870116 0.8654506 -0.004360337 -0.5009753 0.8555148 -0.002772305 -0.5177709 0.8612986 -0.02888456 -0.5072774 0.8603543 -0.01938139 -0.5093278 0.8585378 -0.01060945 -0.5126406 0.8563556 -0.004338777 -0.5163684 0.854499 -0.001849025 -0.5194498 0.8521605 -0.0004007627 -0.5232803 0.8458292 -0.001237664 -0.5334524 0.8421008 -0.002029215 -0.5393163 0.8422746 -0.007603683 -0.538995 0.8425339 -0.004571621 -0.538624 0.842111 -0.002207058 -0.5392998 0.8410443 -0.0007161654 -0.5409658 0.8401645 -0.0002022784 -0.5423316 0.8376491 8.976096e-05 -0.5462087 0.8361383 -0.0001795494 -0.5485187 0.8352202 -0.001578408 -0.5499134 0.8361142 0 -0.5485554 0.8361142 0 -0.5485554 0.8361142 0 -0.5485554 0.8353839 0.001289926 -0.5496654 0.8361142 0 -0.5485554 0.8361436 9.415558e-05 -0.5485107 0.8369721 -2.265184e-05 -0.5472456 0.8213056 0.2167425 -0.5277118 0.8422172 0.0004374285 -0.5391381 0.8413925 0.0002942282 -0.5404245 0.8056068 0.292089 -0.5154432 0.8197366 0.2147552 -0.530954 0.8403788 0.0003550958 -0.5419995 0.8227704 0.1950016 -0.5338756 0.839125 0.0001850922 -0.5439386 0.8563556 -0.004338777 0.5163684 0.8555148 -0.002772305 0.5177709 0.8585378 -0.01060945 0.5126406 0.8603543 -0.01938139 0.5093278 0.854499 -0.001849025 0.5194498 0.8612986 -0.02888456 0.5072774 0.8521605 -0.0004007627 0.5232803 0.8654506 -0.004360337 0.5009753 0.8708382 -0.0005521449 0.4915695 0.8458292 -0.001237664 0.5334524 0.8421027 -0.00201632 0.5393135 0.8733902 -0.003048985 0.4870116 0.8422746 -0.007603683 0.538995 0.8768048 -0.007007539 0.4807955 0.8425339 -0.004571621 0.538624 0.8798461 -0.01220819 0.4751019 0.842111 -0.002207058 0.5392998 0.8826789 -0.01877102 0.4696015 0.8408892 -0.0005776797 0.541207 0.8890597 -0.005035554 0.4577636 0.8891586 0.001583369 0.4575964 0.8376649 4.519331e-05 0.5461846 0.8361346 -0.0001696472 0.5485243 0.8343419 -0.002584792 0.5512413 0.8353839 -0.001289926 0.5496654 0.8361142 0 0.5485554 0.8361142 0 0.5485554 0.8361142 0 0.5485554 0.9106287 -0.00245216 0.4132182 0.9091536 -0.003375331 0.4164473 0.8352202 0.001578408 0.5499134 0.83616 0.0001606827 0.5484856 0.8361142 0 0.5485554 0.8378393 -0.0001662125 0.5459169 0.9290986 -0.00771501 0.3697517 0.9424339 -0.01132388 0.3342007 0.8227556 0.1949992 0.5338994 0.839721 0.0005076416 0.5430179 0.8404859 -2.984928e-05 0.5418334 0.8197083 0.2147738 0.5309902 0.8213161 0.2170569 0.5275662 0.8422104 0.0004224596 0.5391488 0.8423526 0.0006749787 0.5389263 0.8056182 0.2920447 0.5154505 0.9461618 -0.000496612 0.3236936 0.9514038 -0.006340206 0.3078808 0.9536948 -0.01017378 0.300604 0.9564423 -0.01762384 0.291389 0.9727178 -0.0003802424 0.2319911 0.9577599 -0.01868566 0.2869614 0.9601564 -0.01220943 0.2791964 0.9615855 -0.008982101 0.2743587 0.9630429 -0.006235386 0.2692759 0.9646487 -0.003819934 0.2635115 0.9660561 -0.002141709 0.2583234 0.9735799 -0.01247808 0.2280053 0.9906407 0.04951049 0.1271995 0.9741106 -0.03254486 0.2237171 0.9756679 -0.02550126 0.2177654 0.9769805 -0.01945462 0.2124397 0.977333 -0.01798154 0.2109428 0.9776979 -0.01657059 0.2093617 0.9866323 -0.008419338 0.1627446 0.9972765 0.009368202 0.07315622 0.9726783 0.1845469 0.1408523 0.9805325 0.02439027 0.1948364 0.9806981 0.01906085 0.1945967 0.9805177 0.0249028 0.1948459 0.9346056 0.2974532 0.1950228 0.9809705 0.009474825 0.1939255 0.9814828 0.003864913 0.1915112 0.9809258 0.01017656 0.1941159 0.9881906 -0.02479712 0.1512099 0.9744099 0.2087766 0.08329315 0.9897215 -0.02688263 0.1404588 0.9896886 -0.02613078 0.140832 0.5007167 -0.5428408 0.6742452 0.4878241 -0.5815109 0.651055 0.5297398 -0.4306465 0.7306979 0.529653 -0.4318079 0.7300751 0.762447 0.4249586 -0.4879394 0.7981599 0.3725411 -0.4734489 0.7805467 0.422985 -0.4602504 0.7775129 0.4237604 -0.4646513 0.7812353 0.4248945 -0.4573139 0.7803233 0.4288879 -0.4551381 0.8107951 0.3452611 -0.4726585 0.7624966 0.4242931 -0.4884407 0.7620232 0.4261921 -0.4875253 0.7612179 0.4276798 -0.4874806 0.7658135 0.4234892 -0.4839282 0.7928076 0.3753687 -0.4801609 0.7759798 0.4233429 -0.4675854 0.7727618 0.4235768 -0.4726752 0.7848053 0.3845642 -0.4859949 0.7710463 0.4234654 -0.4755678 0.7338819 0.3474591 -0.5836862 0.7684389 0.3530357 -0.5337298 0.7801136 0.3691451 -0.5051284 0.6388576 0.3478992 -0.6861684 0.5295293 0.3483599 -0.7734624 0.4084122 0.3488108 -0.8435227 0.2781993 0.3492498 -0.8947791 0.1417861 0.3496706 -0.9260816 0.002209613 0.3500663 -0.9367223 -0.137421 0.3504291 -0.9264529 -0.2739907 0.3507561 -0.8954883 -0.4044491 0.3510416 -0.8445062 -0.5258803 0.3512757 -0.7746324 -0.6355631 0.3514549 -0.6874147 -0.7310409 0.3515701 -0.5847885 -0.8101648 0.3516176 -0.4690394 -0.8711553 0.3515873 -0.342746 -0.9126324 0.3514749 -0.2087284 -0.9336529 0.3512766 -0.06997837 -0.9336529 0.3512766 0.06997837 -0.9126324 0.3514749 0.2087284 -0.8711553 0.3515873 0.342746 -0.8101648 0.3516176 0.4690394 -0.7310409 0.3515701 0.5847885 -0.6355631 0.3514549 0.6874147 -0.5258803 0.3512757 0.7746324 -0.4044491 0.3510416 0.8445062 -0.2739907 0.3507561 0.8954883 -0.137421 0.3504291 0.9264529 0.002209613 0.3500663 0.9367223 0.1417861 0.3496706 0.9260816 0.2781993 0.3492498 0.8947791 0.4084122 0.3488108 0.8435227 0.5295293 0.3483599 0.7734624 0.6388576 0.3478992 0.6861684 0.7338819 0.3474591 0.5836862 0.7684389 0.3530357 0.5337298 0.7801136 0.3691451 0.5051284 0.5297398 -0.4306465 -0.7306979 0.529653 -0.4318079 -0.7300751 0.4878241 -0.5815109 -0.651055 0.5007167 -0.5428408 -0.6742452 0.7624966 0.4242931 0.4884407 0.762447 0.4249586 0.4879394 0.7620232 0.4261921 0.4875253 0.7612179 0.4276798 0.4874806 0.7658135 0.4234892 0.4839282 0.7848053 0.3845642 0.4859949 0.7710463 0.4234654 0.4755678 0.7727618 0.4235768 0.4726752 0.7928076 0.3753687 0.4801609 0.7759798 0.4233429 0.4675854 0.7775129 0.4237604 0.4646513 0.7981599 0.3725411 0.4734489 0.7805467 0.422985 0.4602504 0.7812353 0.4248945 0.4573139 0.7803233 0.4288879 0.4551381 0.8107951 0.3452611 0.4726585 0.9279893 0.372607 0 0.9220967 0.3780501 -0.0825573 0.9085103 0.3806508 -0.1723776 0.880839 0.4301982 -0.1976165 0.8802837 0.4310384 -0.1982586 0.8797045 0.431963 -0.1988164 0.8768148 0.4368671 -0.2008556 0.8736541 0.4422706 -0.2027934 0.8718773 0.4454684 -0.20344 0.8700576 0.4488564 -0.2037834 0.8591581 0.4694718 -0.2035772 0.8533244 0.4801256 -0.2032656 0.8507256 0.4848616 -0.2029169 0.8480243 0.4897774 -0.2024176 0.908954 0.3413885 -0.2392833 -0.3287797 -0.5406678 -0.774327 -0.3287145 -0.5406508 -0.7743665 -0.3286839 -0.5406452 -0.7743834 -0.3286426 -0.5406426 -0.7744028 -0.3543859 -0.4211405 -0.834896 -0.3287058 -0.5406383 -0.7743789 -0.3554212 -0.4154166 -0.83732 -0.295295 -0.6548602 -0.6956716 -0.3008045 -0.6382228 -0.7086524 -0.3287063 -0.5406346 -0.7743813 -0.3749035 -0.2817298 -0.8832189 -0.3749042 -0.2817281 -0.8832192 -0.3867542 -0.1423159 -0.9111352 -0.3866294 -0.1445251 -0.9108404 -0.3866288 0.1445349 -0.9108391 -0.3867542 0.1423159 -0.9111352 -0.3749044 0.2817294 -0.8832187 -0.3554212 0.4154166 -0.83732 -0.3749036 0.2817328 -0.883218 -0.3543941 0.4211234 -0.8349012 -0.3287026 0.5406467 -0.7743744 -0.2952951 0.6548595 -0.6956722 -0.3287041 0.5406402 -0.7743783 -0.3287048 0.5406356 -0.7743813 -0.2929787 0.6616389 -0.6902155 -0.2558721 0.7557588 -0.6027919 -0.2112461 0.8412524 -0.497664 -0.2558754 0.7557509 -0.6028004 -0.2558787 0.7557394 -0.6028135 -0.2079426 0.8466261 -0.4898818 -0.1623136 0.9096348 -0.3823857 -0.1100817 0.9594935 -0.2593341 -0.1623173 0.9096306 -0.3823941 -0.1623194 0.9096277 -0.3824001 -0.1065986 0.9620656 -0.2511305 -0.05560275 0.9898229 -0.130992 -0.02787406 0.9974523 -0.06566608 -0.05560882 0.9898206 -0.1310068 -0.05560756 0.9898211 -0.1310036 -0.02666415 0.9976688 -0.06281679 0 1 0 0 1 0 0.02787334 0.9974523 0.06566637 0.0266653 0.9976686 0.06281928 0.05560803 0.9898211 0.1310039 0.05560831 0.989821 0.1310044 0.05560316 0.9898229 0.1309923 0.11008 0.9594938 0.2593339 0.1065999 0.9620648 0.251133 0.1623211 0.9096257 0.3824041 0.1623146 0.9096322 0.3823915 0.1623117 0.9096354 0.382385 0.2112451 0.8412534 0.4976628 0.2079425 0.8466254 0.4898829 0.2558741 0.7557495 0.6028027 0.2558728 0.7557517 0.6028005 0.2558729 0.7557521 0.6028 0.2952954 0.6548588 0.6956728 0.2929818 0.6616318 0.690221 0.3287075 0.5406262 0.7743867 0.3287025 0.540642 0.7743777 0.3287007 0.5406513 0.7743721 0.3554216 0.4154148 0.8373207 0.354395 0.4211226 0.8349012 0.3749042 0.2817354 0.8832168 0.374905 0.2817267 0.8832193 0.3867542 0.1423153 0.9111353 0.3866288 0.1445238 0.9108408 0.3866279 -0.1445406 0.9108386 0.3867538 -0.1423155 0.9111354 0.3749054 -0.2817264 0.8832192 0.3554216 -0.4154144 0.8373209 0.3749059 -0.2817251 0.8832194 0.3543706 -0.4211604 0.8348924 0.3287186 -0.5406387 0.7743732 0.3284946 -0.540664 0.7744506 0.3290153 -0.5405911 0.7742804 0.328673 -0.5406499 0.7743847 0.3287045 -0.5406426 0.7743764 0.3287041 -0.5406406 0.774378 0.3008062 -0.6382181 0.7086559 0.2952952 -0.6548596 0.6956721 0.3282576 -0.5407176 -0.7745137 0.3287186 -0.5406382 -0.7743736 0.3290473 -0.5405514 -0.7742946 0.3287268 -0.5406407 -0.7743683 0.3543969 -0.4211434 -0.8348899 0.3287045 -0.5406426 -0.7743764 0.3554219 -0.4154146 -0.8373207 0.2952952 -0.6548596 -0.6956721 0.3008062 -0.6382181 -0.7086559 0.3287041 -0.5406406 -0.774378 0.3749042 -0.2817354 -0.8832168 0.374905 -0.2817267 -0.8832193 0.3867542 -0.1423153 -0.9111353 0.3866288 -0.1445238 -0.9108408 0.3866279 0.1445406 -0.9108386 0.3867538 0.1423155 -0.9111354 0.3749054 0.2817264 -0.8832192 0.3554213 0.4154145 -0.837321 0.3749059 0.2817251 -0.8832194 0.3543933 0.4211318 -0.8348972 0.3287007 0.5406513 -0.7743721 0.2952954 0.6548588 -0.6956728 0.3287025 0.540642 -0.7743777 0.3287075 0.5406262 -0.7743867 0.2929818 0.6616318 -0.690221 0.2558729 0.7557521 -0.6028 0.2112451 0.8412534 -0.4976628 0.2558728 0.7557517 -0.6028005 0.2558741 0.7557495 -0.6028027 0.2079425 0.8466254 -0.4898829 0.1623117 0.9096354 -0.382385 0.11008 0.9594938 -0.2593339 0.1623146 0.9096322 -0.3823915 0.1623211 0.9096257 -0.3824041 0.1065999 0.9620648 -0.251133 0.05560316 0.9898229 -0.1309923 0.02787334 0.9974523 -0.06566637 0.05560831 0.989821 -0.1310044 0.05560803 0.9898211 -0.1310039 0.0266653 0.9976686 -0.06281928 0 1 0 -0.02787406 0.9974523 0.06566608 0 1 0 -0.02666415 0.9976688 0.06281679 -0.05560756 0.9898211 0.1310036 -0.05560882 0.9898206 0.1310068 -0.05560275 0.9898229 0.130992 -0.1100817 0.9594935 0.2593341 -0.1065986 0.9620656 0.2511305 -0.1623194 0.9096277 0.3824001 -0.1623173 0.9096306 0.3823941 -0.1623136 0.9096348 0.3823857 -0.2112461 0.8412524 0.497664 -0.2079426 0.8466261 0.4898818 -0.2558787 0.7557394 0.6028135 -0.2558754 0.7557509 0.6028004 -0.2558721 0.7557588 0.6027919 -0.2952951 0.6548595 0.6956722 -0.2929787 0.6616389 0.6902155 -0.3287048 0.5406356 0.7743813 -0.3287041 0.5406402 0.7743783 -0.3287026 0.5406467 0.7743744 -0.3554212 0.4154166 0.83732 -0.3543959 0.4211133 0.8349055 -0.3749035 0.2817298 0.8832189 -0.3749042 0.2817281 0.8832192 -0.3867542 0.1423159 0.9111352 -0.3866294 0.1445251 0.9108404 -0.3866288 -0.1445349 0.9108391 -0.3867542 -0.1423159 0.9111352 -0.3749044 -0.2817294 0.8832187 -0.3554212 -0.4154166 0.83732 -0.3749036 -0.2817328 0.883218 -0.3544005 -0.4211516 0.8348842 -0.3287145 -0.5406508 0.7743665 -0.3288231 -0.5406634 0.7743116 -0.3284779 -0.5406116 0.7744943 -0.328728 -0.5406586 0.7743553 -0.3287058 -0.5406383 0.7743789 -0.3287063 -0.5406346 0.7743813 -0.3008045 -0.6382228 0.7086524 -0.295295 -0.6548602 0.6956716 0.9085103 0.3806508 0.1723776 0.880839 0.4301982 0.1976165 0.8802837 0.4310384 0.1982586 0.8797045 0.431963 0.1988164 0.8768148 0.4368671 0.2008556 0.8533244 0.4801256 0.2032656 0.8591581 0.4694718 0.2035772 0.8507256 0.4848616 0.2029169 0.8480243 0.4897774 0.2024176 0.908954 0.3413885 0.2392833 0.8736541 0.4422706 0.2027934 0.8718773 0.4454684 0.20344 0.8700576 0.4488564 0.2037834 0.9220967 0.3780501 0.0825573 0.3988437 -0.7695378 0.4987337 0.3814545 -0.796206 0.4696258 0.4474725 -0.6806134 0.5801153 0.941152 0.3379836 6.086293e-18 0.9307435 0.3461203 -0.1179717 0.9074016 0.3469269 -0.2372006 0.9077465 0.3244577 -0.2659389 0.9050282 0.3283593 -0.2703778 0.9087068 0.323169 -0.2642231 0.9096661 0.3219581 -0.2623938 0.9010941 0.3343127 -0.2761602 0.8972485 0.3405768 -0.280985 0.8930954 0.3476774 -0.2854838 0.8871307 0.3535731 -0.2966229 0.8659839 0.3561538 -0.3510361 0.8838251 0.318386 -0.3427588 0.8495188 0.3458348 -0.398392 0.8213291 0.3177036 -0.4737963 0.8378923 0.3231234 -0.4399179 0.8408697 0.337603 -0.4230394 0.833211 0.3188907 -0.451739 0.8298718 0.317828 -0.4585828 0.8353766 0.3218786 -0.4455784 0.809514 0.3182259 -0.4933755 0.8225031 0.3161329 -0.4728093 0.8272729 0.3180995 -0.4630684 0.8247153 0.3166339 -0.4686018 0.825772 0.317075 -0.4664376 0.2558745 -0.7557513 0.6028003 0.2558727 -0.7557539 0.6027978 0.2558753 -0.7557473 0.6028049 0.2152111 -0.8346445 0.5070037 0.2112448 -0.8412537 0.4976625 0.162308 -0.9096418 0.3823715 0.162311 -0.9096363 0.3823832 0.162321 -0.9096236 0.3824092 0.162325 -0.9096231 0.3824087 0.1100811 -0.9594934 0.2593347 0.1623151 -0.9096332 0.3823888 0.1623029 -0.909645 0.3823661 0.1623212 -0.9096254 0.3824049 0.1097652 -0.9597305 0.2585903 0.8792174 0.4723189 -0.0623833 0.944146 0.3295273 -3.09698e-07 0.928482 0.3713773 0 0.9358703 0.3229077 -0.1409874 0.9180489 0.3713861 -0.1387752 0.8612411 0.4660128 -0.2027209 0.9109939 0.3017766 -0.2811066 0.8252504 0.4669446 -0.3176862 0.853276 0.3260516 -0.4069526 0.8409887 0.3709384 -0.3938817 0.7820452 0.432624 -0.4485997 0.7853503 0.3074141 -0.5373281 0.7854596 0.4000345 -0.4722559 0.6969921 0.307253 -0.6479179 0.5926855 0.3072409 -0.7445314 0.475148 0.3072318 -0.8245259 0.3470033 0.3072211 -0.8861173 0.2111131 0.3072134 -0.9279284 0.07050976 0.3072051 -0.9490276 -0.07166752 0.3071979 -0.9489432 -0.2122461 0.3071922 -0.927677 -0.3480892 0.3071842 -0.8857041 -0.4761613 0.3071788 -0.8239609 -0.5936056 0.3071737 -0.7438257 -0.6977995 0.3071728 -0.6470864 -0.7864195 0.3071684 -0.535903 -0.8574845 0.3071654 -0.4127587 -0.9094095 0.3071646 -0.2804001 -0.9410356 0.3071637 -0.1417828 -0.9516567 0.3071636 3.095833e-07 -0.9410356 0.307164 0.1417825 -0.9094096 0.3071645 0.2804 -0.8574845 0.3071653 0.4127588 -0.7864192 0.3071687 0.5359032 -0.6977996 0.307173 0.6470861 -0.5936059 0.3071735 0.7438256 -0.4761615 0.3071783 0.823961 -0.3480888 0.3071839 0.8857044 -0.2122461 0.3071922 0.927677 -0.07166752 0.3071979 0.9489432 0.07050976 0.3072051 0.9490276 0.2111131 0.3072134 0.9279284 0.3470037 0.3072214 0.8861171 0.4751476 0.3072321 0.824526 0.5926856 0.307241 0.7445312 0.696992 0.3072531 0.647918 0.7853503 0.3074141 0.5373281 0.7854596 0.4000345 0.4722559 0.7820452 0.432624 0.4485997 0.853276 0.3260516 0.4069526 0.8409887 0.3709384 0.3938817 0.8252504 0.4669446 0.3176862 0.9109939 0.3017769 0.2811064 0.8612411 0.4660128 0.2027209 0.9358702 0.3229077 0.1409879 0.9180489 0.3713861 0.1387752 0.8792174 0.4723189 0.0623833 0.4474725 -0.6806134 -0.5801153 0.3814545 -0.796206 -0.4696258 0.3988437 -0.7695378 -0.4987337 0.809514 0.3182259 0.4933755 0.8213291 0.3177036 0.4737963 0.8225031 0.3161329 0.4728093 0.825772 0.317075 0.4664376 0.8272729 0.3180995 0.4630684 0.8247153 0.3166339 0.4686018 0.8298718 0.317828 0.4585828 0.8378923 0.3231234 0.4399179 0.8353766 0.3218786 0.4455784 0.8408697 0.337603 0.4230394 0.833211 0.3188907 0.451739 0.8495188 0.3458348 0.398392 0.8659839 0.3561538 0.3510361 0.8838251 0.318386 0.3427588 0.8871307 0.3535731 0.2966229 0.9074016 0.3469269 0.2372006 0.9010941 0.3343127 0.2761602 0.9050282 0.3283593 0.2703778 0.8972485 0.3405768 0.280985 0.8930954 0.3476774 0.2854838 0.9096661 0.3219581 0.2623938 0.9087068 0.323169 0.2642231 0.9077465 0.3244577 0.2659389 0.9307435 0.3461203 0.1179717 0.1100811 -0.9594934 -0.2593347 0.1097652 -0.9597305 -0.2585903 0.1623212 -0.9096254 -0.3824049 0.1623029 -0.909645 -0.3823661 0.1623151 -0.9096332 -0.3823888 0.162325 -0.9096231 -0.3824087 0.2112448 -0.8412537 -0.4976625 0.162321 -0.9096236 -0.3824092 0.162311 -0.9096363 -0.3823832 0.162308 -0.9096418 -0.3823715 0.2152111 -0.8346445 -0.5070037 0.2558753 -0.7557473 -0.6028049 0.2558727 -0.7557539 -0.6027978 0.2558745 -0.7557513 -0.6028003 -0.1100817 -0.9594932 -0.2593355 -0.1097665 -0.9597294 -0.2585939 -0.1623238 -0.9096226 -0.3824105 -0.1623102 -0.9096399 -0.3823751 -0.1623163 -0.9096309 -0.382394 -0.1623233 -0.9096223 -0.3824114 -0.211246 -0.8412528 -0.4976635 -0.1623228 -0.9096257 -0.3824034 -0.1623122 -0.9096368 -0.3823815 -0.1623056 -0.9096431 -0.3823694 -0.2152091 -0.8346471 -0.5070002 -0.255877 -0.7557453 -0.6028067 -0.2558726 -0.755753 -0.6027989 -0.2558735 -0.7557505 -0.6028017 0.9205046 -3.987722e-06 -0.3907317 0.9205056 -5.864984e-07 -0.3907294 0.9205048 -1.898939e-07 -0.3907313 0.9205048 2.581737e-07 -0.3907312 0.920506 -3.07573e-06 -0.3907285 0.9205044 5.733358e-06 -0.3907322 0.9205012 1.834094e-05 -0.3907397 0.9205026 0 -0.3907364 0.920505 -1.124465e-06 -0.3907307 0.9205026 0 -0.3907364 0.9205038 1.54011e-06 -0.3907336 0.9205048 -1.085889e-06 -0.3907312 0.9205044 -2.025842e-07 -0.3907322 0.9205001 0 -0.3907423 0.9205048 2.352771e-07 -0.3907312 0.9205046 3.987748e-06 -0.3907317 0.9205043 7.05559e-06 -0.3907325 0.9205066 -6.025043e-06 -0.390727 0.9205054 1.409994e-07 -0.3907298 0.9205047 -1.251842e-07 -0.3907314 0.9205063 4.56083e-06 -0.3907276 0.9205047 -1.86045e-06 -0.3907314 0.9205072 5.458485e-06 -0.3907256 0.9205012 -1.834106e-05 -0.3907397 0.920505 -2.817889e-06 0.3907308 0.9205054 -6.690402e-07 0.3907299 0.9205046 -1.341874e-07 0.3907317 0.9205125 -1.48441e-05 0.3907132 0.9205052 -3.446691e-07 0.3907302 0.9205048 -1.830847e-07 0.3907312 0.9205066 6.038122e-06 0.390727 0.9205045 -5.812099e-06 0.390732 0.9205038 -8.501864e-06 0.3907336 0.9205001 0 0.3907423 0.9205048 7.077119e-07 0.3907313 0.9205001 0 0.3907423 0.920505 1.124465e-06 0.3907307 0.9205012 -1.834106e-05 0.3907397 0.9205044 -5.73339e-06 0.3907322 0.920506 3.07573e-06 0.3907285 0.9205026 0 0.3907364 0.9205026 0 0.3907364 0.9205048 -1.999285e-07 0.3907312 0.9205051 -9.79638e-07 0.3907306 0.9205047 1.088747e-07 0.3907314 0.9205049 6.021345e-07 0.3907309 0.9205083 -9.243412e-06 0.3907231 0.9205038 8.501919e-06 0.3907336 -0.2558735 -0.7557505 0.6028017 -0.2558726 -0.755753 0.6027989 -0.255877 -0.7557453 0.6028067 -0.2152091 -0.8346471 0.5070002 -0.211246 -0.8412528 0.4976635 -0.1623056 -0.9096431 0.3823694 -0.1623122 -0.9096368 0.3823815 -0.1623228 -0.9096257 0.3824034 -0.1623233 -0.9096223 0.3824114 -0.1100817 -0.9594932 0.2593355 -0.1623163 -0.9096309 0.382394 -0.1623102 -0.9096399 0.3823751 -0.1623238 -0.9096226 0.3824105 -0.1097665 -0.9597294 0.2585939 0.2301251 -0.9448868 0.2328762 0.3220295 -0.868944 0.3758103 0.2498579 -0.9315224 0.2642671 0.9448657 0.3222997 -0.05789325 0.9284776 0.3713883 0 0.9219934 0.3562958 -0.1515964 0.9089348 0.3604935 -0.2094801 0.8929474 0.3315967 -0.304448 0.8575581 0.3218547 -0.4012526 0.8610396 0.2955466 -0.4138392 0.05560214 -0.9898228 0.1309936 0.02787408 -0.9974522 0.06566671 0.05560652 -0.9898214 0.1310017 0.0556101 -0.9898206 0.1310063 0.02706931 -0.9975974 0.0637711 0 -1 0 0 -1 0 -0.02787388 -0.9974522 -0.06566686 -0.02706937 -0.9975973 -0.06377155 -0.05560844 -0.9898205 -0.1310079 -0.05560794 -0.9898211 -0.1310032 -0.05560373 -0.989823 -0.1309912 0.1088688 -0.9926755 0.05237337 0.1008743 -0.994183 0.03774344 0.06045147 -0.9979218 -0.02230842 0.06009015 -0.9979398 -0.02247915 0.06336143 -0.9978565 -0.01636159 0.06311133 -0.9978698 -0.01651712 0.06537363 -0.9978107 -0.01000195 0.06523408 -0.9978188 -0.01011079 0.06638569 -0.9977882 -0.003403219 0.06634787 -0.9977908 -0.003391464 0.06638569 -0.9977882 0.003403219 0.06661264 -0.9977789 -6.640655e-23 0.06634787 -0.9977908 0.003391464 0.06661079 -0.997779 -5.47731e-22 0.8342542 0.5368505 -0.1257434 0.8436786 0.5368487 -3.633763e-07 0.8061966 0.536848 -0.248679 0.7601291 0.5368472 -0.3660584 0.6970804 0.5368478 -0.4752614 0.6184592 0.53685 -0.5738469 0.5260246 0.5368497 -0.659614 0.4218389 0.536851 -0.7306455 0.3082304 0.5368485 -0.7853584 0.1877358 0.5368479 -0.8225264 0.06304814 0.5368478 -0.84132 -0.0630481 0.5368478 -0.84132 -0.1877358 0.5368478 -0.8225264 -0.3082308 0.5368482 -0.7853583 -0.4218389 0.5368506 -0.7306459 -0.5260243 0.5368494 -0.6596144 -0.6184594 0.5368498 -0.5738469 -0.6970805 0.5368477 -0.4752613 -0.7601291 0.5368473 -0.3660583 -0.8061966 0.5368481 -0.2486791 -0.8342541 0.5368507 -0.1257437 -0.8436786 0.5368487 3.633763e-07 -0.8342542 0.5368505 0.1257434 -0.8061965 0.5368482 0.2486789 -0.760129 0.5368474 0.3660584 -0.6970803 0.5368476 0.4752617 -0.6184596 0.5368498 0.5738467 -0.5260247 0.5368496 0.6596139 -0.4218388 0.536851 0.7306456 -0.3082304 0.5368485 0.7853584 -0.1877358 0.5368478 0.8225264 -0.0630481 0.5368478 0.84132 0.06304814 0.5368478 0.84132 0.1877359 0.536848 0.8225263 0.3082307 0.5368483 0.7853584 0.4218387 0.5368507 0.7306459 0.5260247 0.5368494 0.6596141 0.6184594 0.5368497 0.573847 0.6970804 0.5368478 0.4752614 0.7601291 0.5368472 0.3660583 0.8061968 0.5368479 0.2486786 0.834254 0.5368506 0.1257442 0.06537363 -0.9978107 0.01000195 0.06523408 -0.9978188 0.01011079 0.06336143 -0.9978565 0.01636159 0.06311133 -0.9978698 0.01651712 0.06045147 -0.9979218 0.02230842 0.06009015 -0.9979398 0.02247915 0.1008743 -0.994183 -0.03774344 0.1088688 -0.9926755 -0.05237337 0.2301251 -0.9448868 -0.2328762 0.2498579 -0.9315224 -0.2642671 0.3220295 -0.868944 -0.3758103 0.8575581 0.3218547 0.4012526 0.8610396 0.2955466 0.4138392 0.8929474 0.3315967 0.304448 0.9089348 0.3604935 0.2094801 0.9219934 0.3562958 0.1515964 0.9448657 0.3222997 0.05789325 -0.05560373 -0.989823 0.1309912 -0.02787388 -0.9974522 0.06566686 -0.05560794 -0.9898211 0.1310032 -0.05560844 -0.9898205 0.1310079 -0.02706937 -0.9975973 0.06377155 0 -1 0 0.02787408 -0.9974522 -0.06566671 0 -1 0 0.02706931 -0.9975974 -0.0637711 0.0556101 -0.9898206 -0.1310063 0.05560652 -0.9898214 -0.1310017 0.05560214 -0.9898228 -0.1309936 0.6156574 0.7825311 -0.09279527 0.6226118 0.7825309 -5.214477e-08 0.5949509 0.7825309 -0.1835179 0.5609527 0.782532 -0.2701403 0.5144258 0.7825311 -0.3507296 0.4564074 0.7825297 -0.423485 0.3881927 0.7825299 -0.4867785 0.3113065 0.7825304 -0.539198 0.2274658 0.782531 -0.5795727 0.1385439 0.782531 -0.6070015 0.04652782 0.782531 -0.6208706 -0.04652775 0.782531 -0.6208706 -0.1385439 0.782531 -0.6070014 -0.2274658 0.782531 -0.5795727 -0.3113065 0.7825303 -0.5391981 -0.3881926 0.7825301 -0.4867784 -0.4564073 0.78253 -0.4234845 -0.5144256 0.7825312 -0.3507295 -0.5609527 0.7825319 -0.2701406 -0.5949511 0.7825308 -0.1835178 -0.6156574 0.7825311 -0.09279533 -0.6226118 0.7825309 5.214477e-08 -0.6156574 0.7825311 0.09279527 -0.5949509 0.7825309 0.183518 -0.5609526 0.782532 0.2701404 -0.5144258 0.7825311 0.3507295 -0.4564072 0.7825298 0.423485 -0.3881928 0.7825301 0.4867782 -0.3113063 0.7825304 0.539198 -0.2274657 0.7825311 0.5795727 -0.138544 0.7825311 0.6070014 -0.04652778 0.782531 0.6208706 0.04652779 0.782531 0.6208707 0.1385442 0.782531 0.6070015 0.2274655 0.782531 0.5795729 0.3113065 0.7825303 0.5391981 0.3881926 0.7825301 0.4867784 0.4564074 0.78253 0.4234845 0.5144256 0.7825312 0.3507296 0.5609526 0.782532 0.2701406 0.5949512 0.7825307 0.1835177 0.6156575 0.782531 0.09279549 0.5477745 0.8325421 -0.08256374 0.553962 0.832542 -4.410259e-08 0.5293505 0.8325423 -0.163283 0.4991008 0.8325433 -0.2403541 0.4577037 0.832543 -0.3120567 0.4060829 0.832542 -0.3767897 0.34539 0.8325412 -0.4331061 0.2769812 0.8325418 -0.4797453 0.2023852 0.8325421 -0.5156683 0.1232679 0.8325426 -0.540072 0.04139755 0.8325425 -0.5524121 -0.04139752 0.8325426 -0.5524121 -0.1232679 0.8325427 -0.540072 -0.2023852 0.8325422 -0.5156683 -0.276981 0.8325419 -0.4797453 -0.3453903 0.8325412 -0.4331059 -0.4060831 0.8325419 -0.3767898 -0.4577039 0.8325429 -0.312057 -0.4991007 0.8325433 -0.2403543 -0.5293504 0.8325424 -0.1632829 -0.5477745 0.8325421 -0.0825637 -0.5539619 0.832542 4.410259e-08 -0.5477745 0.8325421 0.08256366 -0.5293505 0.8325423 0.1632831 -0.4991008 0.8325432 0.2403543 -0.4577039 0.832543 0.3120566 -0.4060829 0.8325419 0.3767899 -0.3453902 0.8325411 0.4331061 -0.2769812 0.8325418 0.4797454 -0.2023852 0.8325421 0.5156684 -0.123268 0.8325426 0.5400721 -0.04139755 0.8325425 0.5524121 0.0413976 0.8325426 0.552412 0.1232679 0.8325427 0.540072 0.2023851 0.8325421 0.5156684 0.276981 0.8325419 0.4797453 0.3453903 0.8325412 0.4331059 0.4060831 0.8325419 0.3767898 0.4577039 0.8325429 0.312057 0.4991007 0.8325433 0.2403543 0.5293504 0.8325424 0.1632829 0.5477745 0.8325421 0.08256371 0.4018036 0.913721 -0.0605622 0.406342 0.9137211 -1.490285e-08 0.3882894 0.913721 -0.1197713 0.3661021 0.9137207 -0.1763058 0.3357355 0.9137212 -0.2289001 0.2978697 0.9137211 -0.2763827 0.2533495 0.9137214 -0.3176905 0.2031711 0.9137211 -0.3519023 0.1484534 0.913721 -0.3782531 0.09041969 0.913721 -0.3961543 0.03036607 0.9137209 -0.4052062 -0.03036603 0.9137209 -0.4052062 -0.09041976 0.913721 -0.3961543 -0.1484535 0.913721 -0.3782532 -0.2031711 0.9137211 -0.3519024 -0.2533495 0.9137214 -0.3176906 -0.2978698 0.9137211 -0.2763826 -0.3357352 0.9137212 -0.2289003 -0.3661022 0.9137207 -0.1763054 -0.3882893 0.9137211 -0.1197715 -0.4018036 0.913721 -0.06056211 -0.4063421 0.913721 1.545147e-16 -0.4018036 0.913721 0.06056211 -0.3882894 0.9137211 0.1197714 -0.3661021 0.9137207 0.1763058 -0.3357355 0.9137212 0.2289002 -0.2978697 0.9137211 0.2763827 -0.2533495 0.9137214 0.3176904 -0.2031711 0.9137211 0.3519023 -0.1484534 0.913721 0.3782531 -0.09041969 0.913721 0.3961543 -0.03036607 0.9137209 0.4052062 0.03036614 0.9137208 0.4052063 0.09041967 0.913721 0.3961544 0.1484535 0.913721 0.3782532 0.2031711 0.9137211 0.3519024 0.2533495 0.9137214 0.3176906 0.2978698 0.9137211 0.2763826 0.3357352 0.9137212 0.2289003 0.3661021 0.9137208 0.1763054 0.3882893 0.9137211 0.1197715 0.4018036 0.913721 0.06056216 0.165724 0.9858558 -0.02497888 0.1675961 0.9858557 -1.8838e-08 0.1601501 0.9858558 -0.04939962 0.1509994 0.9858556 -0.0727177 0.1384744 0.9858558 -0.09441006 0.1228571 0.9858556 -0.1139949 0.1044941 0.9858558 -0.1310315 0.08379853 0.9858556 -0.1451431 0.06122988 0.9858557 -0.1560111 0.03729367 0.9858557 -0.1633943 0.01252452 0.9858558 -0.1671273 -0.01252446 0.9858558 -0.1671273 -0.03729371 0.9858557 -0.1633942 -0.0612298 0.9858557 -0.156011 -0.08379857 0.9858556 -0.145143 -0.1044939 0.9858559 -0.1310316 -0.1228573 0.9858556 -0.1139946 -0.1384742 0.9858558 -0.09441024 -0.1509995 0.9858556 -0.0727175 -0.1601501 0.9858558 -0.04939977 -0.165724 0.9858558 -0.0249789 -0.1675961 0.9858557 6.189712e-17 -0.165724 0.9858558 0.0249789 -0.1601501 0.9858558 0.04939962 -0.1509994 0.9858556 0.0727177 -0.1384744 0.9858558 0.09441006 -0.1228571 0.9858556 0.1139949 -0.1044941 0.9858558 0.1310315 -0.08379853 0.9858556 0.1451431 -0.06122988 0.9858557 0.1560111 -0.03729367 0.9858557 0.1633943 -0.01252452 0.9858558 0.1671273 0.01252446 0.9858558 0.1671273 0.03729371 0.9858557 0.1633942 0.0612298 0.9858557 0.156011 0.08379857 0.9858556 0.145143 0.1044939 0.9858559 0.1310316 0.1228573 0.9858556 0.1139946 0.1384742 0.9858558 0.09441024 0.1509995 0.9858556 0.0727175 0.1601501 0.9858558 0.04939977 0.165724 0.9858558 0.0249789</float_array>
          <technique_common>
            <accessor count="1449" source="#normals-array-array" stride="3">
              <param type="float" name="X"/>
              <param type="float" name="Y"/>
              <param type="float" name="Z"/>
            </accessor>
          </technique_common>
        </source>
        <vertices id="verts-array-vertices">
          <input semantic="POSITION" source="#verts-array"/>
        </vertices>
        <triangles count="1846" material="material2">
          <input offset="0" semantic="VERTEX" source="#verts-array-vertices"/>
          <input offset="1" semantic="NORMAL" source="#normals-array"/>
          <p>0 0 1 1 2 2 0 0 3 3 1 1 4 4 0 0 2 2 5 5 6 6 7 7 5 5 2 2 6 6 5 5 4 4 2 2 8 8 5 5 9 9 10 10 5 5 8 8 11 11 12 12 13 13 11 11 14 14 4 4 11 11 13 13 14 14 15 15 10 10 16 16 15 15 5 5 10 10 17 17 18 18 19 19 20 20 15 15 21 21 22 22 19 19 11 11 22 22 4 4 5 5 22 22 11 11 4 4 22 22 17 17 19 19 23 23 5 5 15 15 23 23 15 15 20 20 24 24 25 25 22 22 26 26 23 23 27 27 26 26 5 5 23 23 28 28 5 5 26 26 29 29 30 30 31 31 32 32 29 29 31 31 32 32 31 31 24 24 32 32 22 22 5 5 32 32 24 24 22 22 33 33 34 34 35 35 33 33 36 36 34 34 37 37 38 38 32 32 39 39 37 37 32 32 40 40 32 32 5 5 40 40 33 33 41 41 40 40 36 36 33 33 40 40 28 28 36 36 40 40 39 39 32 32 40 40 5 5 28 28 42 42 43 43 44 44 45 45 46 46 42 42 42 42 47 47 43 43 46 46 48 48 42 42 49 49 44 44 50 50 49 49 50 50 51 51 49 49 45 45 42 42 49 49 52 52 45 45 49 49 53 53 52 52 49 49 42 42 44 44 54 54 51 51 55 55 54 54 55 55 56 56 54 54 53 53 49 49 54 54 57 57 53 53 54 54 58 58 57 57 54 54 49 49 51 51 59 59 56 56 60 60 59 59 60 60 61 61 59 59 54 54 56 56 59 59 62 62 58 58 59 59 63 63 62 62 59 59 58 58 54 54 64 64 61 61 65 65 64 64 65 65 66 66 64 64 67 67 63 63 64 64 68 68 67 67 64 64 59 59 61 61 64 64 63 63 59 59 69 69 64 64 66 66 69 69 68 68 64 64 69 69 66 66 70 70 69 69 71 71 68 68 69 69 72 72 71 71 73 73 70 70 74 74 73 73 74 74 75 75 73 73 69 69 70 70 73 73 72 72 69 69 73 73 76 76 72 72 77 77 75 75 78 78 77 77 78 78 79 79 77 77 76 76 73 73 77 77 80 80 76 76 77 77 81 81 80 80 77 77 73 73 75 75 82 82 79 79 83 83 82 82 83 83 84 84 82 82 77 77 79 79 82 82 81 81 77 77 82 82 85 85 81 81 82 82 86 86 85 85 87 87 84 84 88 88 87 87 88 88 89 89 87 87 90 90 86 86 87 87 91 91 90 90 87 87 82 82 84 84 87 87 86 86 82 82 92 92 91 91 87 87 92 92 89 89 93 93 92 92 93 93 94 94 92 92 95 95 91 91 92 92 96 96 95 95 92 92 87 87 89 89 97 97 94 94 98 98 97 97 98 98 99 99 97 97 92 92 94 94 97 97 96 96 92 92 97 97 100 100 96 96 97 97 101 101 100 100 102 102 97 97 99 99 102 102 99 99 103 103 102 102 103 103 104 104 102 102 105 105 101 101 102 102 106 106 105 105 102 102 101 101 97 97 107 107 102 102 104 104 107 107 104 104 108 108 107 107 108 108 109 109 107 107 110 110 106 106 107 107 111 111 110 110 107 107 106 106 102 102 112 112 111 111 107 107 112 112 109 109 113 113 112 112 113 113 114 114 112 112 107 107 109 109 112 112 115 115 111 111 112 112 116 116 115 115 117 117 112 112 114 114 117 117 114 114 118 118 117 117 118 118 119 119 117 117 116 116 112 112 117 117 120 120 116 116 117 117 121 121 120 120 122 122 119 119 123 123 122 122 117 117 119 119 122 122 121 121 117 117 122 122 124 124 121 121 125 125 123 123 126 126 125 125 126 126 127 127 125 125 122 122 123 123 125 125 124 124 122 122 125 125 128 128 124 124 125 125 129 129 128 128 130 130 127 127 131 131 130 130 131 131 132 132 130 130 125 125 127 127 130 130 129 129 125 125 130 130 133 133 129 129 130 130 134 134 133 133 135 135 130 130 132 132 135 135 132 132 136 136 135 135 136 136 137 137 135 135 134 134 130 130 135 135 138 138 134 134 135 135 139 139 138 138 140 140 137 137 141 141 140 140 141 141 142 142 140 140 143 143 139 139 140 140 144 144 143 143 140 140 135 135 137 137 140 140 139 139 135 135 145 145 144 144 140 140 145 145 140 140 142 142 145 145 142 142 146 146 145 145 146 146 47 47 145 145 42 42 48 48 145 145 47 47 42 42 145 145 147 147 144 144 145 145 48 48 147 147 148 148 149 149 150 150 148 148 151 151 149 149 152 152 150 150 153 153 152 152 148 148 150 150 154 154 153 153 155 155 154 154 152 152 153 153 156 156 154 154 155 155 156 156 155 155 157 157 158 158 156 156 157 157 158 158 157 157 159 159 160 160 158 158 159 159 161 161 158 158 160 160 162 162 160 160 163 163 162 162 161 161 160 160 164 164 163 163 165 165 164 164 162 162 163 163 166 166 165 165 167 167 166 166 164 164 165 165 168 168 167 167 169 169 168 168 166 166 167 167 170 170 169 169 171 171 170 170 168 168 169 169 172 172 171 171 173 173 172 172 170 170 171 171 174 174 173 173 175 175 174 174 172 172 173 173 176 176 175 175 177 177 176 176 174 174 175 175 178 178 177 177 179 179 178 178 176 176 177 177 180 180 179 179 181 181 180 180 178 178 179 179 182 182 181 181 183 183 182 182 180 180 181 181 184 184 183 183 185 185 184 184 182 182 183 183 186 186 185 185 187 187 186 186 184 184 185 185 188 188 187 187 189 189 188 188 186 186 187 187 190 190 188 188 189 189 191 191 188 188 190 190 192 192 190 190 193 193 192 192 191 191 190 190 194 194 193 193 195 195 194 194 192 192 193 193 196 196 194 194 195 195 197 197 194 194 196 196 198 198 196 196 199 199 198 198 197 197 196 196 200 200 199 199 201 201 200 200 198 198 199 199 202 202 201 201 203 203 202 202 200 200 201 201 204 204 203 203 205 205 204 204 202 202 203 203 206 206 204 204 205 205 206 206 205 205 207 207 208 208 206 206 207 207 208 208 207 207 209 209 210 210 208 208 209 209 210 210 209 209 211 211 212 212 210 210 211 211 212 212 211 211 213 213 214 214 212 212 213 213 214 214 213 213 215 215 216 216 214 214 215 215 216 216 215 215 217 217 218 218 216 216 217 217 219 219 216 216 218 218 220 220 219 219 218 218 220 220 218 218 221 221 222 222 220 220 221 221 222 222 221 221 223 223 224 224 223 223 225 225 224 224 222 222 223 223 226 226 225 225 227 227 226 226 224 224 225 225 228 228 227 227 229 229 228 228 226 226 227 227 230 230 228 228 229 229 231 231 228 228 230 230 151 151 230 230 149 149 151 151 231 231 230 230 232 232 233 233 234 234 232 232 235 235 233 233 236 236 234 234 237 237 236 236 232 232 234 234 238 238 237 237 239 239 238 238 236 236 237 237 240 240 238 238 239 239 241 241 238 238 240 240 242 242 240 240 243 243 242 242 241 241 240 240 244 244 243 243 245 245 244 244 242 242 243 243 246 246 244 244 245 245 247 247 244 244 246 246 248 248 246 246 249 249 248 248 247 247 246 246 250 250 249 249 251 251 250 250 248 248 249 249 252 252 251 251 253 253 252 252 250 250 251 251 254 254 253 253 255 255 254 254 252 252 253 253 256 256 255 255 257 257 256 256 254 254 255 255 258 258 257 257 259 259 258 258 256 256 257 257 260 260 259 259 261 261 260 260 258 258 259 259 262 262 261 261 263 263 262 262 260 260 261 261 264 264 263 263 265 265 264 264 262 262 263 263 266 266 265 265 267 267 266 266 264 264 265 265 268 268 267 267 269 269 268 268 266 266 267 267 270 270 269 269 271 271 270 270 268 268 269 269 272 272 271 271 273 273 272 272 270 270 271 271 274 274 272 272 273 273 275 275 272 272 274 274 276 276 274 274 277 277 276 276 275 275 274 274 278 278 276 276 277 277 279 279 276 276 278 278 280 280 278 278 281 281 280 280 279 279 278 278 282 282 280 280 281 281 283 283 280 280 282 282 284 284 283 283 282 282 285 285 283 283 284 284 286 286 284 284 287 287 286 286 285 285 284 284 288 288 287 287 289 289 288 288 286 286 287 287 290 290 288 288 289 289 290 290 289 289 291 291 292 292 290 290 291 291 292 292 291 291 293 293 294 294 292 292 293 293 295 295 292 292 294 294 296 296 295 295 294 294 297 297 295 295 296 296 298 298 297 297 296 296 298 298 296 296 299 299 300 300 298 298 299 299 300 300 299 299 301 301 302 302 300 300 301 301 303 303 300 300 302 302 304 304 303 303 302 302 305 305 303 303 304 304 306 306 305 305 304 304 306 306 304 304 307 307 308 308 307 307 309 309 308 308 306 306 307 307 310 310 308 308 309 309 311 311 308 308 310 310 312 312 311 311 310 310 313 313 311 311 312 312 314 314 312 312 315 315 314 314 313 313 312 312 233 233 314 314 315 315 235 235 314 314 233 233 316 316 317 317 318 318 316 316 318 318 319 319 320 320 316 316 319 319 321 321 319 319 322 322 321 321 320 320 319 319 323 323 322 322 324 324 323 323 321 321 322 322 325 325 323 323 324 324 326 326 324 324 327 327 326 326 325 325 324 324 328 328 326 326 327 327 329 329 328 328 327 327 330 330 329 329 327 327 331 331 329 329 330 330 332 332 333 333 334 334 332 332 334 334 331 331 332 332 331 331 330 330 332 332 335 335 336 336 332 332 336 336 337 337 332 332 337 337 338 338 332 332 338 338 339 339 332 332 339 339 333 333 340 340 330 330 341 341 340 340 332 332 330 330 342 342 341 341 343 343 342 342 340 340 341 341 344 344 343 343 345 345 344 344 342 342 343 343 346 346 345 345 347 347 346 346 344 344 345 345 348 348 347 347 349 349 348 348 346 346 347 347 350 350 349 349 351 351 350 350 348 348 349 349 352 352 351 351 353 353 352 352 350 350 351 351 354 354 353 353 355 355 354 354 352 352 353 353 356 356 355 355 357 357 356 356 354 354 355 355 358 358 357 357 359 359 358 358 356 356 357 357 360 360 358 358 359 359 360 360 359 359 361 361 362 362 360 360 361 361 362 362 361 361 363 363 364 364 362 362 363 363 364 364 363 363 365 365 366 366 364 364 365 365 366 366 365 365 367 367 368 368 366 366 367 367 368 368 367 367 369 369 370 370 369 369 371 371 370 370 368 368 369 369 372 372 371 371 373 373 372 372 370 370 371 371 374 374 373 373 375 375 374 374 372 372 373 373 376 376 375 375 377 377 376 376 374 374 375 375 378 378 377 377 379 379 378 378 376 376 377 377 380 380 379 379 381 381 380 380 378 378 379 379 382 382 381 381 383 383 382 382 380 380 381 381 384 384 383 383 385 385 384 384 382 382 383 383 386 386 385 385 387 387 386 386 384 384 385 385 388 388 387 387 389 389 388 388 386 386 387 387 390 390 389 389 391 391 390 390 388 388 389 389 392 392 391 391 393 393 392 392 390 390 391 391 394 394 393 393 395 395 394 394 392 392 393 393 396 396 395 395 397 397 396 396 394 394 395 395 398 398 397 397 399 399 398 398 396 396 397 397 400 400 399 399 401 401 400 400 398 398 399 399 402 402 401 401 403 403 402 402 400 400 401 401 404 404 402 402 403 403 405 405 403 403 406 406 407 407 405 405 406 406 408 408 404 404 403 403 408 408 403 403 405 405 409 409 406 406 410 410 409 409 407 407 406 406 411 411 404 404 408 408 412 412 404 404 411 411 413 413 409 409 410 410 414 414 404 404 412 412 415 415 404 404 414 414 416 416 404 404 415 415 417 417 404 404 416 416 418 418 404 404 417 417 419 419 413 413 410 410 419 419 410 410 420 420 421 421 419 419 420 420 421 421 420 420 422 422 423 423 421 421 422 422 424 424 423 423 422 422 424 424 422 422 318 318 317 317 424 424 318 318 425 425 426 426 427 427 427 427 426 426 428 428 428 428 426 426 429 429 426 426 430 430 429 429 431 431 427 427 432 432 431 431 425 425 427 427 433 433 432 432 434 434 433 433 431 431 432 432 435 435 434 434 436 436 435 435 433 433 434 434 437 437 436 436 438 438 437 437 435 435 436 436 439 439 437 437 440 440 440 440 437 437 438 438 441 441 439 439 442 442 442 442 439 439 440 440 443 443 441 441 444 444 444 444 441 441 442 442 445 445 443 443 446 446 446 446 443 443 444 444 447 447 445 445 448 448 448 448 445 445 446 446 449 449 447 447 450 450 450 450 447 447 448 448 451 451 452 452 450 450 452 452 449 449 450 450 453 453 454 454 451 451 454 454 452 452 451 451 455 455 454 454 456 456 456 456 454 454 453 453 457 457 458 458 456 456 458 458 455 455 456 456 459 459 460 460 461 461 461 461 460 460 462 462 462 462 460 460 457 457 460 460 458 458 457 457 463 463 464 464 335 335 463 463 335 335 332 332 463 463 465 465 464 464 466 466 332 332 340 340 466 466 463 463 332 332 467 467 340 340 342 342 467 467 466 466 340 340 468 468 342 342 344 344 468 468 467 467 342 342 469 469 344 344 346 346 469 469 468 468 344 344 470 470 469 469 346 346 470 470 346 346 348 348 471 471 470 470 348 348 471 471 348 348 350 350 472 472 350 350 352 352 472 472 471 471 350 350 473 473 352 352 354 354 473 473 472 472 352 352 474 474 354 354 356 356 474 474 473 473 354 354 475 475 356 356 358 358 475 475 474 474 356 356 476 476 358 358 360 360 476 476 475 475 358 358 477 477 360 360 362 362 477 477 476 476 360 360 478 478 362 362 364 364 478 478 477 477 362 362 479 479 364 364 366 366 479 479 478 478 364 364 480 480 366 366 368 368 480 480 479 479 366 366 481 481 368 368 370 370 481 481 480 480 368 368 482 482 370 370 372 372 482 482 481 481 370 370 374 374 482 482 372 372 483 483 482 482 374 374 376 376 483 483 374 374 484 484 483 483 376 376 378 378 484 484 376 376 485 485 484 484 378 378 380 380 485 485 378 378 486 486 485 485 380 380 382 382 486 486 380 380 487 487 486 486 382 382 384 384 487 487 382 382 488 488 487 487 384 384 386 386 488 488 384 384 489 489 488 488 386 386 388 388 489 489 386 386 490 490 489 489 388 388 390 390 490 490 388 388 491 491 490 490 390 390 392 392 491 491 390 390 492 492 491 491 392 392 394 394 492 492 392 392 493 493 492 492 394 394 396 396 493 493 394 394 494 494 493 493 396 396 398 398 494 494 396 396 495 495 494 494 398 398 400 400 495 495 398 398 496 496 495 495 400 400 402 402 496 496 400 400 497 497 496 496 402 402 404 404 497 497 402 402 498 498 497 497 404 404 418 418 498 498 404 404 499 499 498 498 418 418 500 500 498 498 499 499 501 501 502 502 503 503 503 503 502 502 504 504 504 504 502 502 505 505 502 502 506 506 505 505 507 507 508 508 503 503 508 508 501 501 503 503 509 509 510 510 507 507 510 510 508 508 507 507 511 511 512 512 509 509 512 512 510 510 509 509 513 513 514 514 511 511 514 514 512 512 511 511 515 515 516 516 513 513 516 516 514 514 513 513 517 517 518 518 515 515 518 518 516 516 515 515 519 519 520 520 517 517 520 520 518 518 517 517 521 521 522 522 519 519 522 522 520 520 519 519 523 523 524 524 521 521 524 524 522 522 521 521 525 525 526 526 523 523 526 526 524 524 523 523 527 527 526 526 528 528 528 528 526 526 525 525 529 529 527 527 530 530 530 530 527 527 528 528 531 531 529 529 532 532 532 532 529 529 530 530 430 430 531 531 429 429 429 429 531 531 532 532 533 533 534 534 535 535 536 536 533 533 535 535 537 537 538 538 539 539 540 540 539 539 538 538 541 541 542 542 538 538 541 541 538 538 537 537 543 543 540 540 538 538 544 544 542 542 541 541 545 545 543 543 538 538 546 546 542 542 544 544 547 547 545 545 538 538 548 548 542 542 546 546 549 549 538 538 550 550 549 549 547 547 538 538 551 551 542 542 548 548 552 552 549 549 550 550 553 553 542 542 551 551 554 554 552 552 550 550 555 555 535 535 542 542 555 555 542 542 553 553 555 555 536 536 535 535 556 556 554 554 550 550 557 557 536 536 555 555 558 558 536 536 557 557 559 559 536 536 558 558 560 560 536 536 559 559 561 561 550 550 562 562 561 561 556 556 550 550 563 563 560 560 559 559 564 564 560 560 563 563 565 565 560 560 564 564 566 566 562 562 567 567 566 566 561 561 562 562 568 568 560 560 565 565 569 569 560 560 568 568 570 570 560 560 569 569 571 571 560 560 570 570 572 572 567 567 573 573 572 572 566 566 567 567 574 574 572 572 573 573 575 575 574 574 573 573 576 576 575 575 573 573 577 577 576 576 573 573 578 578 577 577 573 573 579 579 580 580 578 578 579 579 581 581 580 580 579 579 582 582 581 581 579 579 578 578 573 573 583 583 582 582 579 579 584 584 583 583 579 579 585 585 584 584 579 579 586 586 585 585 579 579 587 587 588 588 586 586 587 587 589 589 588 588 587 587 586 586 579 579 590 590 589 589 587 587 591 591 590 590 587 587 592 592 591 591 587 587 593 593 592 592 587 587 594 594 595 595 593 593 594 594 593 593 587 587 596 596 595 595 594 594 597 597 595 595 596 596 598 598 595 595 597 597 599 599 595 595 598 598 599 599 598 598 600 600 599 599 600 600 601 601 602 602 599 599 601 601 603 603 604 604 605 605 603 603 606 606 604 604 607 607 603 603 605 605 607 607 605 605 608 608 609 609 602 602 601 601 609 609 610 610 602 602 609 609 608 608 610 610 609 609 607 607 608 608 611 611 612 612 613 613 614 614 613 613 612 612 615 615 612 612 611 611 616 616 614 614 612 612 617 617 612 612 615 615 618 618 612 612 619 619 618 618 616 616 612 612 620 620 612 612 617 617 620 620 621 621 612 612 622 622 618 618 619 619 623 623 621 621 620 620 624 624 622 622 619 619 625 625 621 621 623 623 626 626 624 624 619 619 627 627 621 621 625 625 628 628 626 626 619 619 629 629 621 621 627 627 630 630 628 628 619 619 630 630 619 619 631 631 632 632 621 621 629 629 633 633 621 621 632 632 633 633 634 634 635 635 633 633 632 632 634 634 636 636 633 633 635 635 637 637 636 636 635 635 638 638 637 637 635 635 639 639 630 630 631 631 639 639 631 631 640 640 641 641 638 638 635 635 641 641 642 642 643 643 641 641 643 643 638 638 644 644 642 642 641 641 645 645 639 639 640 640 645 645 640 640 646 646 647 647 642 642 644 644 647 647 644 644 648 648 649 649 647 647 648 648 650 650 647 647 649 649 651 651 649 649 652 652 651 651 650 650 649 649 653 653 651 651 652 652 654 654 651 651 653 653 655 655 645 645 646 646 656 656 655 655 646 646 657 657 656 656 646 646 658 658 646 646 659 659 658 658 657 657 646 646 660 660 658 658 659 659 661 661 660 660 659 659 662 662 661 661 659 659 663 663 662 662 659 659 664 664 663 663 659 659 665 665 664 664 659 659 666 666 659 659 667 667 666 666 665 665 659 659 668 668 666 666 667 667 669 669 668 668 667 667 670 670 669 669 667 667 671 671 670 670 667 667 672 672 671 671 667 667 673 673 672 672 667 667 674 674 673 673 667 667 675 675 676 676 677 677 675 675 678 678 676 676 675 675 679 679 678 678 675 675 680 680 681 681 675 675 682 682 680 680 675 675 677 677 682 682 675 675 681 681 683 683 684 684 673 673 674 674 684 684 675 675 683 683 684 684 685 685 673 673 684 684 686 686 685 685 684 684 683 683 686 686 533 533 674 674 534 534 533 533 684 684 674 674 687 687 688 688 689 689 688 688 690 690 689 689 689 689 459 459 461 461 690 690 459 459 689 689 603 603 691 691 606 606 692 692 693 693 694 694 692 692 695 695 693 693 692 692 696 696 695 695 692 692 697 697 696 696 698 698 699 699 691 691 698 698 700 700 699 699 698 698 701 701 700 700 698 698 603 603 607 607 698 698 607 607 609 609 698 698 691 691 603 603 702 702 703 703 704 704 702 702 694 694 703 703 702 702 692 692 694 694 705 705 706 706 701 701 705 705 704 704 706 706 705 705 701 701 698 698 705 705 702 702 704 704 707 707 708 708 465 465 707 707 465 465 463 463 707 707 709 709 708 708 710 710 463 463 466 466 710 710 707 707 463 463 711 711 466 466 467 467 711 711 710 710 466 466 712 712 467 467 468 468 712 712 711 711 467 467 713 713 468 468 469 469 713 713 712 712 468 468 714 714 713 713 469 469 714 714 469 469 470 470 715 715 714 714 470 470 715 715 470 470 471 471 716 716 715 715 471 471 716 716 471 471 472 472 717 717 472 472 473 473 717 717 716 716 472 472 718 718 473 473 474 474 718 718 717 717 473 473 719 719 474 474 475 475 719 719 718 718 474 474 720 720 475 475 476 476 720 720 719 719 475 475 721 721 476 476 477 477 721 721 720 720 476 476 722 722 477 477 478 478 722 722 721 721 477 477 723 723 478 478 479 479 723 723 722 722 478 478 724 724 479 479 480 480 724 724 723 723 479 479 725 725 480 480 481 481 725 725 724 724 480 480 482 482 725 725 481 481 726 726 725 725 482 482 483 483 726 726 482 482 727 727 726 726 483 483 484 484 727 727 483 483 728 728 727 727 484 484 485 485 728 728 484 484 729 729 728 728 485 485 486 486 729 729 485 485 730 730 729 729 486 486 487 487 730 730 486 486 731 731 730 730 487 487 488 488 731 731 487 487 732 732 731 731 488 488 489 489 732 732 488 488 733 733 732 732 489 489 490 490 733 733 489 489 734 734 733 733 490 490 491 491 734 734 490 490 735 735 734 734 491 491 492 492 735 735 491 491 736 736 735 735 492 492 493 493 736 736 492 492 737 737 736 736 493 493 494 494 737 737 493 493 738 738 737 737 494 494 495 495 738 738 494 494 739 739 738 738 495 495 496 496 739 739 495 495 740 740 739 739 496 496 497 497 740 740 496 496 741 741 740 740 497 497 498 498 741 741 497 497 742 742 741 741 498 498 500 500 742 742 498 498 743 743 742 742 500 500 744 744 742 742 743 743 505 505 506 506 745 745 506 506 746 746 745 745 745 745 747 747 748 748 746 746 747 747 745 745 749 749 647 647 650 650 749 749 650 650 651 651 750 750 651 651 654 654 750 750 749 749 651 651 751 751 749 749 750 750 752 752 749 749 751 751 753 753 749 749 752 752 754 754 755 755 756 756 754 754 753 753 755 755 754 754 749 749 753 753 757 757 756 756 758 758 757 757 754 754 756 756 759 759 757 757 758 758 760 760 759 759 761 761 760 760 757 757 759 759 762 762 760 760 761 761 763 763 760 760 762 762 764 764 760 760 763 763 536 536 765 765 533 533 766 766 765 765 536 536 560 560 766 766 536 536 767 767 560 560 571 571 767 767 766 766 560 560 768 768 767 767 571 571 769 769 767 767 768 768 770 770 767 767 769 769 771 771 767 767 770 770 772 772 767 767 771 771 773 773 767 767 772 772 774 774 767 767 773 773 775 775 767 767 774 774 776 776 767 767 775 775 777 777 767 767 776 776 778 778 767 767 777 777 779 779 767 767 778 778 780 780 781 781 782 782 783 783 781 781 780 780 784 784 785 785 781 781 784 784 781 781 783 783 786 786 787 787 788 788 786 786 788 788 789 789 786 786 789 789 785 785 786 786 785 785 784 784 786 786 784 784 790 790 786 786 790 790 791 791 792 792 791 791 793 793 792 792 786 786 791 791 792 792 793 793 794 794 795 795 792 792 794 794 795 795 794 794 796 796 797 797 796 796 798 798 797 797 798 798 799 799 797 797 795 795 796 796 797 797 799 799 800 800 801 801 800 800 802 802 801 801 802 802 803 803 801 801 803 803 804 804 801 801 797 797 800 800 801 801 804 804 805 805 806 806 805 805 807 807 806 806 807 807 808 808 806 806 808 808 809 809 806 806 801 801 805 805 806 806 809 809 810 810 811 811 810 810 812 812 811 811 812 812 813 813 811 811 813 813 814 814 811 811 806 806 810 810 811 811 814 814 815 815 816 816 815 815 817 817 816 816 817 817 818 818 816 816 818 818 819 819 816 816 811 811 815 815 816 816 819 819 820 820 816 816 820 820 821 821 822 822 821 821 823 823 822 822 816 816 821 821 822 822 823 823 824 824 822 822 824 824 825 825 822 822 825 825 826 826 827 827 826 826 828 828 827 827 822 822 826 826 827 827 828 828 829 829 827 827 829 829 830 830 827 827 830 830 831 831 832 832 831 831 833 833 832 832 827 827 831 831 832 832 833 833 834 834 832 832 834 834 835 835 832 832 835 835 836 836 837 837 836 836 838 838 837 837 832 832 836 836 837 837 838 838 839 839 837 837 839 839 840 840 837 837 840 840 841 841 842 842 841 841 843 843 842 842 837 837 841 841 842 842 843 843 844 844 842 842 844 844 845 845 846 846 845 845 847 847 846 846 842 842 845 845 846 846 847 847 848 848 849 849 846 846 848 848 849 849 848 848 850 850 851 851 850 850 852 852 851 851 852 852 853 853 851 851 849 849 850 850 854 854 853 853 855 855 854 854 855 855 856 856 854 854 856 856 857 857 858 858 853 853 854 854 851 851 858 858 859 859 851 851 859 859 860 860 851 851 853 853 858 858 861 861 851 851 860 860 862 862 863 863 864 864 865 865 863 863 862 862 866 866 867 867 863 863 866 866 863 863 865 865 868 868 869 869 870 870 868 868 870 870 871 871 868 868 871 871 867 867 868 868 867 867 866 866 868 868 866 866 872 872 868 868 872 872 873 873 874 874 873 873 875 875 874 874 868 868 873 873 874 874 875 875 876 876 877 877 874 874 876 876 877 877 876 876 878 878 879 879 878 878 880 880 879 879 880 880 881 881 879 879 877 877 878 878 879 879 881 881 882 882 883 883 882 882 884 884 883 883 884 884 885 885 883 883 885 885 886 886 883 883 879 879 882 882 883 883 886 886 887 887 888 888 887 887 889 889 888 888 889 889 890 890 888 888 890 890 891 891 888 888 883 883 887 887 888 888 891 891 892 892 893 893 892 892 894 894 893 893 894 894 895 895 893 893 895 895 896 896 893 893 888 888 892 892 893 893 896 896 897 897 898 898 897 897 899 899 898 898 899 899 900 900 898 898 900 900 901 901 898 898 893 893 897 897 898 898 901 901 902 902 903 903 902 902 904 904 903 903 904 904 905 905 903 903 898 898 902 902 903 903 905 905 906 906 903 903 906 906 907 907 903 903 907 907 908 908 909 909 908 908 910 910 909 909 903 903 908 908 909 909 910 910 911 911 909 909 911 911 912 912 909 909 912 912 913 913 914 914 913 913 915 915 914 914 909 909 913 913 914 914 915 915 916 916 914 914 916 916 917 917 914 914 917 917 918 918 919 919 918 918 920 920 919 919 914 914 918 918 919 919 920 920 921 921 919 919 921 921 922 922 919 919 922 922 923 923 924 924 923 923 925 925 924 924 919 919 923 923 924 924 925 925 926 926 924 924 926 926 927 927 928 928 927 927 929 929 928 928 924 924 927 927 928 928 929 929 930 930 931 931 928 928 930 930 931 931 930 930 932 932 933 933 932 932 934 934 933 933 934 934 935 935 933 933 931 931 932 932 936 936 935 935 937 937 936 936 937 937 938 938 936 936 938 938 939 939 940 940 935 935 936 936 933 933 940 940 941 941 933 933 941 941 942 942 933 933 935 935 940 940 943 943 933 933 942 942 944 944 945 945 679 679 944 944 946 946 945 945 944 944 947 947 946 946 944 944 948 948 947 947 944 944 679 679 675 675 944 944 949 949 950 950 944 944 951 951 949 949 944 944 952 952 951 951 944 944 953 953 952 952 944 944 954 954 948 948 944 944 955 955 954 954 944 944 956 956 955 955 944 944 950 950 956 956 957 957 675 675 684 684 957 957 944 944 675 675 765 765 684 684 533 533 765 765 957 957 684 684 958 958 959 959 960 960 960 960 688 688 687 687 959 959 688 688 960 960 766 766 961 961 765 765 962 962 961 961 766 766 767 767 962 962 766 766 963 963 767 767 779 779 963 963 964 964 965 965 963 963 966 966 964 964 963 963 967 967 966 966 963 963 779 779 967 967 963 963 962 962 767 767 968 968 963 963 965 965 969 969 963 963 968 968 970 970 963 963 969 969 971 971 963 963 970 970 972 972 971 971 973 973 972 972 963 963 971 971 974 974 972 972 973 973 692 692 975 975 697 697 976 976 974 974 977 977 976 976 978 978 979 979 976 976 980 980 978 978 976 976 977 977 980 980 976 976 972 972 974 974 981 981 692 692 702 702 981 981 702 702 705 705 982 982 979 979 983 983 982 982 984 984 975 975 982 982 985 985 984 984 982 982 983 983 985 985 982 982 692 692 981 981 982 982 975 975 692 692 982 982 976 976 979 979 861 861 860 860 986 986 861 861 986 986 987 987 861 861 987 987 988 988 861 861 988 988 989 989 990 990 861 861 989 989 990 990 989 989 991 991 990 990 991 991 992 992 990 990 992 992 993 993 990 990 993 993 994 994 995 995 994 994 996 996 995 995 996 996 997 997 995 995 997 997 998 998 995 995 998 998 999 999 995 995 990 990 994 994 1000 1000 1001 1001 1002 1002 1003 1003 1000 1000 1004 1004 1003 1003 1001 1001 1000 1000 1005 1005 1003 1003 1004 1004 1006 1006 1003 1003 1005 1005 1007 1007 1006 1006 1005 1005 1008 1008 1006 1006 1007 1007 1008 1008 1007 1007 1009 1009 1010 1010 1008 1008 1009 1009 1011 1011 1012 1012 709 709 1011 1011 1008 1008 1010 1010 1011 1011 1010 1010 1012 1012 707 707 1011 1011 709 709 1013 1013 1011 1011 707 707 710 710 1013 1013 707 707 1014 1014 1013 1013 710 710 711 711 1014 1014 710 710 1015 1015 1014 1014 711 711 712 712 1015 1015 711 711 1016 1016 1015 1015 712 712 713 713 1016 1016 712 712 1017 1017 1016 1016 713 713 714 714 1017 1017 713 713 1018 1018 1017 1017 714 714 715 715 1018 1018 714 714 1019 1019 1018 1018 715 715 716 716 1019 1019 715 715 1020 1020 1019 1019 716 716 717 717 1020 1020 716 716 1021 1021 1020 1020 717 717 718 718 1021 1021 717 717 1022 1022 1021 1021 718 718 719 719 1022 1022 718 718 1023 1023 1022 1022 719 719 720 720 1023 1023 719 719 1024 1024 1023 1023 720 720 721 721 1024 1024 720 720 1025 1025 1024 1024 721 721 722 722 1025 1025 721 721 1026 1026 1025 1025 722 722 723 723 1026 1026 722 722 1027 1027 1026 1026 723 723 724 724 1027 1027 723 723 1028 1028 1027 1027 724 724 725 725 1028 1028 724 724 1029 1029 1028 1028 725 725 726 726 1029 1029 725 725 1030 1030 1029 1029 726 726 727 727 1030 1030 726 726 1031 1031 1030 1030 727 727 728 728 1031 1031 727 727 1032 1032 1031 1031 728 728 729 729 1032 1032 728 728 1033 1033 1032 1032 729 729 730 730 1033 1033 729 729 1034 1034 1033 1033 730 730 731 731 1034 1034 730 730 1035 1035 1034 1034 731 731 732 732 1035 1035 731 731 1036 1036 1035 1035 732 732 733 733 1036 1036 732 732 1037 1037 1036 1036 733 733 734 734 1037 1037 733 733 1038 1038 1037 1037 734 734 735 735 1038 1038 734 734 1039 1039 1038 1038 735 735 736 736 1039 1039 735 735 1040 1040 1039 1039 736 736 737 737 1040 1040 736 736 1041 1041 1040 1040 737 737 738 738 1041 1041 737 737 1042 1042 1041 1041 738 738 739 739 1042 1042 738 738 1043 1043 1042 1042 739 739 740 740 1043 1043 739 739 1044 1044 1043 1043 740 740 741 741 1044 1044 740 740 1045 1045 1044 1044 741 741 742 742 1045 1045 741 741 1046 1046 1045 1045 742 742 744 744 1046 1046 742 742 1047 1047 1046 1046 744 744 1048 1048 1046 1046 1047 1047 1049 1049 1048 1048 1050 1050 1049 1049 1046 1046 1048 1048 1051 1051 1049 1049 1050 1050 1052 1052 1049 1049 1051 1051 1053 1053 1052 1052 1051 1051 1054 1054 1053 1053 1055 1055 1054 1054 1052 1052 1053 1053 1056 1056 1054 1054 1055 1055 1001 1001 1056 1056 1002 1002 1001 1001 1054 1054 1056 1056 748 748 747 747 1057 1057 1057 1057 1058 1058 1059 1059 747 747 1058 1058 1057 1057 757 757 1060 1060 754 754 760 760 1060 1060 757 757 1061 1061 760 760 764 764 1062 1062 1063 1063 1064 1064 1062 1062 1065 1065 1063 1063 1062 1062 1061 1061 1065 1065 1062 1062 1064 1064 1066 1066 1062 1062 1060 1060 760 760 1062 1062 760 760 1061 1061 1067 1067 1068 1068 1069 1069 1067 1067 1070 1070 1068 1068 1067 1067 1066 1066 1070 1070 1067 1067 1062 1062 1066 1066 1071 1071 1067 1067 1069 1069 1072 1072 1071 1071 1073 1073 1072 1072 1067 1067 1071 1071 1074 1074 1072 1072 1073 1073 1075 1075 1076 1076 1077 1077 1075 1075 1078 1078 1076 1076 1075 1075 1079 1079 1078 1078 1075 1075 1074 1074 1079 1079 1075 1075 1080 1080 953 953 1075 1075 1081 1081 1080 1080 1075 1075 1082 1082 1081 1081 1075 1075 1077 1077 1082 1082 1075 1075 1072 1072 1074 1074 944 944 1075 1075 953 953 1083 1083 944 944 957 957 1083 1083 1075 1075 944 944 961 961 957 957 765 765 961 961 1083 1083 957 957 1084 1084 1085 1085 1086 1086 1084 1084 1086 1086 1087 1087 1084 1084 1087 1087 1088 1088 1084 1084 1088 1088 1089 1089 1090 1090 1089 1089 1091 1091 1090 1090 1091 1091 1092 1092 1090 1090 1092 1092 1093 1093 1090 1090 1093 1093 1094 1094 1090 1090 1084 1084 1089 1089 869 869 1090 1090 1094 1094 869 869 1094 1094 1095 1095 869 869 1095 1095 1096 1096 869 869 1096 1096 1097 1097 869 869 1097 1097 870 870 1098 1098 1099 1099 1100 1100 1098 1098 1100 1100 1101 1101 1098 1098 1101 1101 1102 1102 1098 1098 1102 1102 1103 1103 1104 1104 1103 1103 1105 1105 1104 1104 1105 1105 1106 1106 1104 1104 1106 1106 1107 1107 1104 1104 1107 1107 1108 1108 1104 1104 1098 1098 1103 1103 787 787 1104 1104 1108 1108 787 787 1108 1108 1109 1109 787 787 1109 1109 1110 1110 787 787 1110 1110 1111 1111 787 787 1111 1111 788 788 1112 1112 1113 1113 1114 1114 1115 1115 1116 1116 1117 1117 1117 1117 1116 1116 1118 1118 1119 1119 1120 1120 1121 1121 1121 1121 1120 1120 1122 1122 1115 1115 1123 1123 1116 1116 1123 1123 1124 1124 1125 1125 1114 1114 1126 1126 1115 1115 1127 1127 1126 1126 1128 1128 1128 1128 1126 1126 1129 1129 1129 1129 1126 1126 1120 1120 1122 1122 1126 1126 1130 1130 1130 1130 1126 1126 1113 1113 1113 1113 1126 1126 1114 1114 1120 1120 1126 1126 1122 1122 1124 1124 1131 1131 1132 1132 1126 1126 1131 1131 1115 1115 1115 1115 1131 1131 1123 1123 1123 1123 1131 1131 1124 1124 1132 1132 1133 1133 1134 1134 1134 1134 1133 1133 1135 1135 1131 1131 1133 1133 1132 1132 1136 1136 1137 1137 1138 1138 1139 1139 1140 1140 1137 1137 1141 1141 1142 1142 1143 1143 1143 1143 1142 1142 1144 1144 1145 1145 1146 1146 1147 1147 1147 1147 1146 1146 1140 1140 1141 1141 1148 1148 1142 1142 1149 1149 1150 1150 1151 1151 1148 1148 1152 1152 1153 1153 1151 1151 1154 1154 1146 1146 1137 1137 1154 1154 1138 1138 1140 1140 1154 1154 1137 1137 1146 1146 1154 1154 1140 1140 1150 1150 1154 1154 1151 1151 1141 1141 1155 1155 1148 1148 1148 1148 1155 1155 1152 1152 1138 1138 1156 1156 1141 1141 1154 1154 1156 1156 1138 1138 1141 1141 1156 1156 1155 1155 1155 1155 1157 1157 1158 1158 1158 1158 1157 1157 1159 1159 1156 1156 1157 1157 1155 1155 943 943 942 942 1160 1160 943 943 1160 1160 1161 1161 943 943 1161 1161 1162 1162 943 943 1162 1162 1163 1163 1164 1164 943 943 1163 1163 1164 1164 1163 1163 1165 1165 1164 1164 1165 1165 1166 1166 1164 1164 1166 1166 1167 1167 1164 1164 1167 1167 1168 1168 1169 1169 1168 1168 1170 1170 1169 1169 1170 1170 1171 1171 1169 1169 1171 1171 1172 1172 1169 1169 1172 1172 1173 1173 1169 1169 1164 1164 1168 1168 1174 1174 1175 1175 1176 1176 1176 1176 1175 1175 958 958 1175 1175 959 959 958 958 1177 1177 1178 1178 961 961 962 962 1177 1177 961 961 1179 1179 1177 1177 962 962 963 963 1179 1179 962 962 1180 1180 1179 1179 963 963 1181 1181 1180 1180 963 963 972 972 1181 1181 963 963 1182 1182 1181 1181 972 972 1183 1183 1182 1182 972 972 976 976 1183 1183 972 972 995 995 999 999 1184 1184 1185 1185 1184 1184 1186 1186 1185 1185 1186 1186 1187 1187 1185 1185 1187 1187 1188 1188 1185 1185 995 995 1184 1184 1185 1185 1189 1189 1190 1190 1185 1185 1188 1188 1189 1189 1191 1191 1190 1190 1192 1192 1191 1191 1185 1185 1190 1190 1191 1191 1192 1192 1193 1193 1191 1191 1193 1193 1194 1194 1191 1191 1194 1194 1195 1195 1098 1098 1195 1195 1099 1099 1098 1098 1191 1191 1195 1195 1196 1196 1197 1197 1176 1176 1197 1197 1174 1174 1176 1176 1198 1198 1197 1197 1199 1199 1199 1199 1197 1197 1196 1196 1200 1200 1198 1198 1201 1201 1201 1201 1198 1198 1199 1199 1202 1202 1200 1200 1203 1203 1203 1203 1200 1200 1201 1201 1204 1204 1202 1202 1205 1205 1205 1205 1202 1202 1203 1203 1206 1206 1207 1207 1208 1208 1208 1208 1207 1207 1209 1209 1209 1209 1207 1207 1205 1205 1207 1207 1204 1204 1205 1205 1210 1210 1001 1001 1003 1003 1210 1210 1211 1211 1001 1001 1212 1212 1003 1003 1006 1006 1212 1212 1210 1210 1003 1003 1008 1008 1212 1212 1006 1006 1213 1213 1212 1212 1008 1008 1214 1214 1008 1008 1011 1011 1214 1214 1213 1213 1008 1008 1013 1013 1214 1214 1011 1011 1215 1215 1214 1214 1013 1013 1216 1216 1013 1013 1014 1014 1216 1216 1215 1215 1013 1013 1015 1015 1216 1216 1014 1014 1217 1217 1216 1216 1015 1015 1218 1218 1015 1015 1016 1016 1218 1218 1217 1217 1015 1015 1219 1219 1016 1016 1017 1017 1219 1219 1218 1218 1016 1016 1018 1018 1219 1219 1017 1017 1220 1220 1219 1219 1018 1018 1221 1221 1018 1018 1019 1019 1221 1221 1220 1220 1018 1018 1222 1222 1019 1019 1020 1020 1222 1222 1221 1221 1019 1019 1021 1021 1222 1222 1020 1020 1223 1223 1222 1222 1021 1021 1224 1224 1021 1021 1022 1022 1224 1224 1223 1223 1021 1021 1023 1023 1224 1224 1022 1022 1225 1225 1224 1224 1023 1023 1024 1024 1225 1225 1023 1023 1226 1226 1225 1225 1024 1024 1227 1227 1024 1024 1025 1025 1227 1227 1226 1226 1024 1024 1026 1026 1227 1227 1025 1025 1228 1228 1227 1227 1026 1026 1229 1229 1026 1026 1027 1027 1229 1229 1228 1228 1026 1026 1028 1028 1229 1229 1027 1027 1230 1230 1229 1229 1028 1028 1231 1231 1028 1028 1029 1029 1231 1231 1230 1230 1028 1028 1232 1232 1029 1029 1030 1030 1232 1232 1231 1231 1029 1029 1233 1233 1030 1030 1031 1031 1233 1233 1232 1232 1030 1030 1234 1234 1031 1031 1032 1032 1234 1234 1233 1233 1031 1031 1235 1235 1032 1032 1033 1033 1235 1235 1234 1234 1032 1032 1236 1236 1033 1033 1034 1034 1236 1236 1235 1235 1033 1033 1237 1237 1034 1034 1035 1035 1237 1237 1236 1236 1034 1034 1036 1036 1237 1237 1035 1035 1238 1238 1237 1237 1036 1036 1239 1239 1238 1238 1036 1036 1239 1239 1036 1036 1037 1037 1240 1240 1239 1239 1037 1037 1240 1240 1037 1037 1038 1038 1039 1039 1240 1240 1038 1038 1241 1241 1240 1240 1039 1039 1242 1242 1241 1241 1039 1039 1242 1242 1039 1039 1040 1040 1243 1243 1242 1242 1040 1040 1243 1243 1040 1040 1041 1041 1244 1244 1243 1243 1041 1041 1244 1244 1041 1041 1042 1042 1245 1245 1244 1244 1042 1042 1245 1245 1042 1042 1043 1043 1246 1246 1245 1245 1043 1043 1246 1246 1043 1043 1044 1044 1247 1247 1246 1246 1044 1044 1247 1247 1044 1044 1045 1045 1248 1248 1247 1247 1045 1045 1248 1248 1045 1045 1046 1046 1249 1249 1046 1046 1049 1049 1249 1249 1248 1248 1046 1046 1250 1250 1049 1049 1052 1052 1250 1250 1249 1249 1049 1049 1251 1251 1052 1052 1054 1054 1251 1251 1250 1250 1052 1052 1211 1211 1054 1054 1001 1001 1211 1211 1251 1251 1054 1054 1252 1252 1208 1208 1253 1253 1252 1252 1206 1206 1208 1208 1254 1254 1253 1253 1255 1255 1254 1254 1252 1252 1253 1253 1256 1256 1255 1255 1257 1257 1256 1256 1254 1254 1255 1255 1258 1258 1257 1257 1259 1259 1258 1258 1256 1256 1257 1257 1260 1260 1258 1258 1261 1261 1261 1261 1258 1258 1259 1259 1058 1058 1262 1262 1059 1059 1059 1059 1262 1262 1261 1261 1262 1262 1260 1260 1261 1261 1072 1072 1263 1263 1264 1264 1072 1072 1264 1264 1067 1067 1265 1265 1263 1263 1072 1072 1075 1075 1265 1265 1072 1072 1266 1266 1265 1265 1075 1075 1267 1267 1075 1075 1083 1083 1267 1267 1266 1266 1075 1075 1268 1268 1267 1267 1083 1083 961 961 1268 1268 1083 1083 1178 1178 1268 1268 961 961 1169 1169 1173 1173 1269 1269 1270 1270 1269 1269 1271 1271 1270 1270 1271 1271 1272 1272 1270 1270 1272 1272 1273 1273 1270 1270 1169 1169 1269 1269 1270 1270 1273 1273 1274 1274 1275 1275 1276 1276 1277 1277 1275 1275 1274 1274 1276 1276 1275 1275 1270 1270 1274 1274 1275 1275 1277 1277 1278 1278 1275 1275 1278 1278 1279 1279 1275 1275 1279 1279 1280 1280 1084 1084 1280 1280 1085 1085 1084 1084 1275 1275 1280 1280 1281 1281 1211 1211 1210 1210 1281 1281 1282 1282 1211 1211 1283 1283 1210 1210 1212 1212 1283 1283 1281 1281 1210 1210 1213 1213 1283 1283 1212 1212 1284 1284 1283 1283 1213 1213 1285 1285 1213 1213 1214 1214 1285 1285 1284 1284 1213 1213 1215 1215 1285 1285 1214 1214 1286 1286 1285 1285 1215 1215 1287 1287 1215 1215 1216 1216 1287 1287 1286 1286 1215 1215 1217 1217 1287 1287 1216 1216 1288 1288 1287 1287 1217 1217 1289 1289 1217 1217 1218 1218 1289 1289 1288 1288 1217 1217 1290 1290 1218 1218 1219 1219 1290 1290 1289 1289 1218 1218 1220 1220 1290 1290 1219 1219 1291 1291 1290 1290 1220 1220 1292 1292 1220 1220 1221 1221 1292 1292 1291 1291 1220 1220 1222 1222 1292 1292 1221 1221 1293 1293 1292 1292 1222 1222 1223 1223 1293 1293 1222 1222 1294 1294 1293 1293 1223 1223 1224 1224 1294 1294 1223 1223 1295 1295 1294 1294 1224 1224 1296 1296 1224 1224 1225 1225 1296 1296 1295 1295 1224 1224 1297 1297 1225 1225 1226 1226 1297 1297 1296 1296 1225 1225 1227 1227 1297 1297 1226 1226 1298 1298 1297 1297 1227 1227 1299 1299 1227 1227 1228 1228 1299 1299 1298 1298 1227 1227 1229 1229 1299 1299 1228 1228 1300 1300 1299 1299 1229 1229 1230 1230 1300 1300 1229 1229 1301 1301 1300 1300 1230 1230 1302 1302 1230 1230 1231 1231 1302 1302 1301 1301 1230 1230 1303 1303 1231 1231 1232 1232 1303 1303 1302 1302 1231 1231 1304 1304 1232 1232 1233 1233 1304 1304 1303 1303 1232 1232 1305 1305 1233 1233 1234 1234 1305 1305 1304 1304 1233 1233 1235 1235 1305 1305 1234 1234 1306 1306 1305 1305 1235 1235 1236 1236 1306 1306 1235 1235 1307 1307 1306 1306 1236 1236 1308 1308 1236 1236 1237 1237 1308 1308 1307 1307 1236 1236 1309 1309 1237 1237 1238 1238 1309 1309 1308 1308 1237 1237 1310 1310 1309 1309 1238 1238 1310 1310 1238 1238 1239 1239 1311 1311 1310 1310 1239 1239 1311 1311 1239 1239 1240 1240 1312 1312 1311 1311 1240 1240 1312 1312 1240 1240 1241 1241 1313 1313 1312 1312 1241 1241 1313 1313 1241 1241 1242 1242 1314 1314 1313 1313 1242 1242 1314 1314 1242 1242 1243 1243 1315 1315 1314 1314 1243 1243 1315 1315 1243 1243 1244 1244 1316 1316 1315 1315 1244 1244 1316 1316 1244 1244 1245 1245 1317 1317 1316 1316 1245 1245 1317 1317 1245 1245 1246 1246 1318 1318 1317 1317 1246 1246 1318 1318 1246 1246 1247 1247 1319 1319 1247 1247 1248 1248 1319 1319 1318 1318 1247 1247 1249 1249 1319 1319 1248 1248 1320 1320 1319 1319 1249 1249 1321 1321 1249 1249 1250 1250 1321 1321 1320 1320 1249 1249 1322 1322 1250 1250 1251 1251 1322 1322 1321 1321 1250 1250 1282 1282 1251 1251 1211 1211 1282 1282 1322 1322 1251 1251 1323 1323 1282 1282 1281 1281 1323 1323 1324 1324 1282 1282 1325 1325 1281 1281 1283 1283 1325 1325 1323 1323 1281 1281 1326 1326 1283 1283 1284 1284 1326 1326 1325 1325 1283 1283 1327 1327 1326 1326 1284 1284 1327 1327 1284 1284 1285 1285 1328 1328 1327 1327 1285 1285 1328 1328 1285 1285 1286 1286 1329 1329 1286 1286 1287 1287 1329 1329 1328 1328 1286 1286 1330 1330 1287 1287 1288 1288 1330 1330 1329 1329 1287 1287 1331 1331 1288 1288 1289 1289 1331 1331 1330 1330 1288 1288 1290 1290 1331 1331 1289 1289 1332 1332 1331 1331 1290 1290 1333 1333 1290 1290 1291 1291 1333 1333 1332 1332 1290 1290 1334 1334 1291 1291 1292 1292 1334 1334 1333 1333 1291 1291 1335 1335 1292 1292 1293 1293 1335 1335 1334 1334 1292 1292 1336 1336 1293 1293 1294 1294 1336 1336 1335 1335 1293 1293 1337 1337 1294 1294 1295 1295 1337 1337 1336 1336 1294 1294 1338 1338 1295 1295 1296 1296 1338 1338 1337 1337 1295 1295 1339 1339 1296 1296 1297 1297 1339 1339 1338 1338 1296 1296 1340 1340 1297 1297 1298 1298 1340 1340 1339 1339 1297 1297 1341 1341 1298 1298 1299 1299 1341 1341 1340 1340 1298 1298 1342 1342 1299 1299 1300 1300 1342 1342 1341 1341 1299 1299 1301 1301 1342 1342 1300 1300 1343 1343 1342 1342 1301 1301 1344 1344 1301 1301 1302 1302 1344 1344 1343 1343 1301 1301 1345 1345 1302 1302 1303 1303 1345 1345 1344 1344 1302 1302 1346 1346 1303 1303 1304 1304 1346 1346 1345 1345 1303 1303 1347 1347 1304 1304 1305 1305 1347 1347 1346 1346 1304 1304 1306 1306 1347 1347 1305 1305 1348 1348 1347 1347 1306 1306 1349 1349 1306 1306 1307 1307 1349 1349 1348 1348 1306 1306 1308 1308 1349 1349 1307 1307 1350 1350 1349 1349 1308 1308 1351 1351 1350 1350 1308 1308 1351 1351 1308 1308 1309 1309 1352 1352 1309 1309 1310 1310 1352 1352 1351 1351 1309 1309 1353 1353 1352 1352 1310 1310 1353 1353 1310 1310 1311 1311 1354 1354 1353 1353 1311 1311 1354 1354 1311 1311 1312 1312 1355 1355 1354 1354 1312 1312 1355 1355 1312 1312 1313 1313 1356 1356 1355 1355 1313 1313 1356 1356 1313 1313 1314 1314 1315 1315 1356 1356 1314 1314 1357 1357 1356 1356 1315 1315 1358 1358 1357 1357 1315 1315 1358 1358 1315 1315 1316 1316 1359 1359 1358 1358 1316 1316 1359 1359 1316 1316 1317 1317 1360 1360 1359 1359 1317 1317 1360 1360 1317 1317 1318 1318 1361 1361 1360 1360 1318 1318 1361 1361 1318 1318 1319 1319 1362 1362 1319 1319 1320 1320 1362 1362 1361 1361 1319 1319 1363 1363 1320 1320 1321 1321 1363 1363 1362 1362 1320 1320 1364 1364 1321 1321 1322 1322 1364 1364 1363 1363 1321 1321 1324 1324 1322 1322 1282 1282 1324 1324 1364 1364 1322 1322 1365 1365 1324 1324 1323 1323 1365 1365 1366 1366 1324 1324 1367 1367 1323 1323 1325 1325 1367 1367 1365 1365 1323 1323 1368 1368 1325 1325 1326 1326 1368 1368 1367 1367 1325 1325 1369 1369 1368 1368 1326 1326 1369 1369 1326 1326 1327 1327 1328 1328 1369 1369 1327 1327 1370 1370 1369 1369 1328 1328 1371 1371 1328 1328 1329 1329 1371 1371 1370 1370 1328 1328 1372 1372 1329 1329 1330 1330 1372 1372 1371 1371 1329 1329 1373 1373 1330 1330 1331 1331 1373 1373 1372 1372 1330 1330 1374 1374 1331 1331 1332 1332 1374 1374 1373 1373 1331 1331 1375 1375 1332 1332 1333 1333 1375 1375 1374 1374 1332 1332 1376 1376 1333 1333 1334 1334 1376 1376 1375 1375 1333 1333 1335 1335 1376 1376 1334 1334 1377 1377 1376 1376 1335 1335 1378 1378 1335 1335 1336 1336 1378 1378 1377 1377 1335 1335 1379 1379 1336 1336 1337 1337 1379 1379 1378 1378 1336 1336 1380 1380 1337 1337 1338 1338 1380 1380 1379 1379 1337 1337 1381 1381 1338 1338 1339 1339 1381 1381 1380 1380 1338 1338 1382 1382 1339 1339 1340 1340 1382 1382 1381 1381 1339 1339 1383 1383 1340 1340 1341 1341 1383 1383 1382 1382 1340 1340 1384 1384 1341 1341 1342 1342 1384 1384 1383 1383 1341 1341 1385 1385 1342 1342 1343 1343 1385 1385 1384 1384 1342 1342 1386 1386 1343 1343 1344 1344 1386 1386 1385 1385 1343 1343 1345 1345 1386 1386 1344 1344 1387 1387 1386 1386 1345 1345 1346 1346 1387 1387 1345 1345 1388 1388 1387 1387 1346 1346 1389 1389 1346 1346 1347 1347 1389 1389 1388 1388 1346 1346 1390 1390 1347 1347 1348 1348 1390 1390 1389 1389 1347 1347 1391 1391 1348 1348 1349 1349 1391 1391 1390 1390 1348 1348 1392 1392 1349 1349 1350 1350 1392 1392 1391 1391 1349 1349 1351 1351 1392 1392 1350 1350 1393 1393 1392 1392 1351 1351 1394 1394 1393 1393 1351 1351 1394 1394 1351 1351 1352 1352 1395 1395 1394 1394 1352 1352 1395 1395 1352 1352 1353 1353 1396 1396 1395 1395 1353 1353 1396 1396 1353 1353 1354 1354 1397 1397 1396 1396 1354 1354 1397 1397 1354 1354 1355 1355 1398 1398 1397 1397 1355 1355 1398 1398 1355 1355 1356 1356 1399 1399 1398 1398 1356 1356 1399 1399 1356 1356 1357 1357 1400 1400 1399 1399 1357 1357 1400 1400 1357 1357 1358 1358 1401 1401 1400 1400 1358 1358 1401 1401 1358 1358 1359 1359 1402 1402 1401 1401 1359 1359 1402 1402 1359 1359 1360 1360 1403 1403 1402 1402 1360 1360 1403 1403 1360 1360 1361 1361 1404 1404 1361 1361 1362 1362 1404 1404 1403 1403 1361 1361 1363 1363 1404 1404 1362 1362 1405 1405 1404 1404 1363 1363 1406 1406 1363 1363 1364 1364 1406 1406 1405 1405 1363 1363 1324 1324 1406 1406 1364 1364 1366 1366 1406 1406 1324 1324 1407 1407 1366 1366 1365 1365 1407 1407 1408 1408 1366 1366 1409 1409 1365 1365 1367 1367 1409 1409 1407 1407 1365 1365 1410 1410 1367 1367 1368 1368 1410 1410 1409 1409 1367 1367 1411 1411 1410 1410 1368 1368 1411 1411 1368 1368 1369 1369 1412 1412 1411 1411 1369 1369 1412 1412 1369 1369 1370 1370 1413 1413 1370 1370 1371 1371 1413 1413 1412 1412 1370 1370 1372 1372 1413 1413 1371 1371 1414 1414 1413 1413 1372 1372 1415 1415 1372 1372 1373 1373 1415 1415 1414 1414 1372 1372 1416 1416 1373 1373 1374 1374 1416 1416 1415 1415 1373 1373 1417 1417 1374 1374 1375 1375 1417 1417 1416 1416 1374 1374 1418 1418 1375 1375 1376 1376 1418 1418 1417 1417 1375 1375 1419 1419 1376 1376 1377 1377 1419 1419 1418 1418 1376 1376 1420 1420 1377 1377 1378 1378 1420 1420 1419 1419 1377 1377 1421 1421 1378 1378 1379 1379 1421 1421 1420 1420 1378 1378 1422 1422 1379 1379 1380 1380 1422 1422 1421 1421 1379 1379 1423 1423 1380 1380 1381 1381 1423 1423 1422 1422 1380 1380 1424 1424 1381 1381 1382 1382 1424 1424 1423 1423 1381 1381 1425 1425 1382 1382 1383 1383 1425 1425 1424 1424 1382 1382 1426 1426 1383 1383 1384 1384 1426 1426 1425 1425 1383 1383 1427 1427 1384 1384 1385 1385 1427 1427 1426 1426 1384 1384 1428 1428 1385 1385 1386 1386 1428 1428 1427 1427 1385 1385 1387 1387 1428 1428 1386 1386 1429 1429 1428 1428 1387 1387 1430 1430 1387 1387 1388 1388 1430 1430 1429 1429 1387 1387 1431 1431 1388 1388 1389 1389 1431 1431 1430 1430 1388 1388 1432 1432 1389 1389 1390 1390 1432 1432 1431 1431 1389 1389 1433 1433 1390 1390 1391 1391 1433 1433 1432 1432 1390 1390 1434 1434 1391 1391 1392 1392 1434 1434 1433 1433 1391 1391 1393 1393 1434 1434 1392 1392 1435 1435 1434 1434 1393 1393 1436 1436 1435 1435 1393 1393 1436 1436 1393 1393 1394 1394 1437 1437 1436 1436 1394 1394 1437 1437 1394 1394 1395 1395 1438 1438 1437 1437 1395 1395 1438 1438 1395 1395 1396 1396 1439 1439 1438 1438 1396 1396 1439 1439 1396 1396 1397 1397 1440 1440 1439 1439 1397 1397 1440 1440 1397 1397 1398 1398 1441 1441 1440 1440 1398 1398 1441 1441 1398 1398 1399 1399 1442 1442 1441 1441 1399 1399 1442 1442 1399 1399 1400 1400 1443 1443 1442 1442 1400 1400 1443 1443 1400 1400 1401 1401 1444 1444 1443 1443 1401 1401 1444 1444 1401 1401 1402 1402 1445 1445 1444 1444 1402 1402 1445 1445 1402 1402 1403 1403 1446 1446 1403 1403 1404 1404 1446 1446 1445 1445 1403 1403 1447 1447 1404 1404 1405 1405 1447 1447 1446 1446 1404 1404 1448 1448 1405 1405 1406 1406 1448 1448 1447 1447 1405 1405 1408 1408 1406 1406 1366 1366 1408 1408 1448 1448 1406 1406 1431 1431 1432 1432 1433 1433 1431 1431 1433 1433 1434 1434 1436 1436 1434 1434 1435 1435 1436 1436 1431 1431 1434 1434 1429 1429 1430 1430 1431 1431 1440 1440 1437 1437 1438 1438 1440 1440 1438 1438 1439 1439 1425 1425 1426 1426 1427 1427 1425 1425 1427 1427 1428 1428 1442 1442 1440 1440 1441 1441 1443 1443 1437 1437 1440 1440 1443 1443 1440 1440 1442 1442 1423 1423 1424 1424 1425 1425 1421 1421 1422 1422 1423 1423 1421 1421 1423 1423 1425 1425 1447 1447 1428 1428 1429 1429 1447 1447 1436 1436 1437 1437 1447 1447 1443 1443 1444 1444 1447 1447 1444 1444 1445 1445 1447 1447 1445 1445 1446 1446 1447 1447 1429 1429 1431 1431 1447 1447 1431 1431 1436 1436 1447 1447 1437 1437 1443 1443 1408 1408 1447 1447 1448 1448 1408 1408 1425 1425 1428 1428 1408 1408 1428 1428 1447 1447 1417 1417 1418 1418 1419 1419 1417 1417 1419 1419 1420 1420 1417 1417 1420 1420 1421 1421 1410 1410 1408 1408 1407 1407 1410 1410 1407 1407 1409 1409 1414 1414 1415 1415 1416 1416 1414 1414 1416 1416 1417 1417 1411 1411 1408 1408 1410 1410 1413 1413 1425 1425 1408 1408 1413 1413 1417 1417 1421 1421 1413 1413 1414 1414 1417 1417 1413 1413 1421 1421 1425 1425 1412 1412 1408 1408 1411 1411 1412 1412 1413 1413 1408 1408</p>
        </triangles>
      </mesh>
    </geometry>
  </library_geometries>
  <library_materials>
    <material id="d7eb20a629bf4c6e93b86aba2b6871e4" name="pbrmaterial">
      <instance_effect url="#6e8a2ef827364477aff99b13c2218bd8"/>
    </material>
    <material id="22447c1e22ad47a895b7e2e4486c8669" name="pbrmaterial">
      <instance_effect url="#00d3aef93c7b4da6a9462a4416fe74d2"/>
    </material>
    <material id="bf61c67e1e114baba2311872519789d3" name="pbrmaterial">
      <instance_effect url="#959ae22855134a2c97ab8b95ec12f083"/>
    </material>
  </library_materials>
  <library_visual_scenes>
    <visual_scene id="scene">
      <node id="node0" name="node0">
        <instance_geometry url="#98220790e46d47ac92eaccaa4b0dd459">
          <bind_material>
            <technique_common>
              <instance_material symbol="material0" target="#d7eb20a629bf4c6e93b86aba2b6871e4"/>
            </technique_common>
          </bind_material>
        </instance_geometry>
      </node>
      <node id="node1" name="node1">
        <instance_geometry url="#177dd06efca54e9891a7ab34ad3238fc">
          <bind_material>
            <technique_common>
              <instance_material symbol="material1" target="#22447c1e22ad47a895b7e2e4486c8669"/>
            </technique_common>
          </bind_material>
        </instance_geometry>
      </node>
      <node id="node2" name="node2">
        <instance_geometry url="#aca8195be9d74e128e194ad1004596f0">
          <bind_material>
            <technique_common>
              <instance_material symbol="material2" target="#bf61c67e1e114baba2311872519789d3"/>
            </technique_common>
          </bind_material>
        </instance_geometry>
      </node>
    </visual_scene>
  </library_visual_scenes>
  <scene>
    <instance_visual_scene url="#scene"/>
  </scene>
</COLLADA>
