<COLLADA xmlns="http://www.collada.org/2005/11/COLLADASchema" version="1.4.1">
  <asset>
    <created>2026-08-07T10:28:00.172199</created>
    <modified>2026-08-07T10:28:00.172203</modified>
    <up_axis>Y_UP</up_axis>
  </asset>
  <library_effects>
    <effect id="c3ec11ae681b430eb21dae460b07f397" name="c3ec11ae681b430eb21dae460b07f397">
      <profile_COMMON>
        <technique sid="common">
          <phong>
            <ambient>
              <color>0.0 0.0 0.0 1.0</color>
            </ambient>
            <diffuse>
              <color>0.10196078431372549 0.6980392156862745 0.2196078431372549 1.0</color>
            </diffuse>
            <specular>
              <color>1.0 1.0 1.0 1.0</color>
            </specular>
            <shininess>
              <float>0.06598803534436781</float>
            </shininess>
            <reflective>
              <color>0.0 0.0 0.0 1.0</color>
            </reflective>
            <reflectivity>
              <float>0.0</float>
            </reflectivity>
            <transparent>
              <color>0.0 0.0 0.0 1.0</color>
            </transparent>
            <transparency>
              <float>1.0</float>
            </transparency>
          </phong>
        </technique>
        <extra>
          <technique profile="GOOGLEEARTH">
            <double_sided>0</double_sided>
          </technique>
        </extra>
      </profile_COMMON>
    </effect>
    <effect id="2bfb59a40cd8487097c0b58d707aae07" name="2bfb59a40cd8487097c0b58d707aae07">
      <profile_COMMON>
        <technique sid="common">
          <phong>
            <ambient>
              <color>0.0 0.0 0.0 1.0</color>
            </ambient>
            <diffuse>
              <color>0.8980392156862745 0.4 0.050980392156862744 1.0</color>
            </diffuse>
            <specular>
              <color>1.0 1.0 1.0 1.0</color>
            </specular>
            <shininess>
              <float>0.06598803534436781</float>
            </shininess>
            <reflective>
              <color>0.0 0.0 0.0 1.0</color>
            </reflective>
            <reflectivity>
              <float>0.0</float>
            </reflectivity>
            <transparent>
              <color>0.0 0.0 0.0 1.0</color>
            </transparent>
            <transparency>
              <float>1.0</float>
            </transparency>
          </phong>
        </technique>
        <extra>
          <technique profile="GOOGLEEARTH">
            <double_sided>0</double_sided>
          </technique>
        </extra>
      </profile_COMMON>
    </effect>
    <effect id="b16b24ac336e4ca28fc59a677d915218" name="b16b24ac336e4ca28fc59a677d915218">
      <profile_COMMON>
        <technique sid="common">
          <phong>
            <ambient>
              <color>0.0 0.0 0.0 1.0</color>
            </ambient>
            <diffuse>
              <color>0.6196078431372549 0.6313725490196078 0.6509803921568628 1.0</color>
            </diffuse>
            <specular>
              <color>1.0 1.0 1.0 1.0</color>
            </specular>
            <shininess>
              <float>0.06598803534436781</float>
            </shininess>
            <reflective>
              <color>0.0 0.0 0.0 1.0</color>
            </reflective>
            <reflectivity>
              <float>0.0</float>
            </reflectivity>
            <transparent>
              <color>0.0 0.0 0.0 1.0</color>
            </transparent>
            <transparency>
              <float>1.0</float>
            </transparency>
          </phong>
        </technique>
        <extra>
          <technique profile="GOOGLEEARTH">
            <double_sided>0</double_sided>
          </technique>
        </extra>
      </profile_COMMON>
    </effect>
    <effect id="8e30374c387645d991225f7b2c40b1a4" name="8e30374c387645d991225f7b2c40b1a4">
      <profile_COMMON>
        <technique sid="common">
          <phong>
            <ambient>
              <color>0.0 0.0 0.0 1.0</color>
            </ambient>
            <diffuse>
              <color>0.7411764705882353 0.8 0.8588235294117647 1.0</color>
            </diffuse>
            <specular>
              <color>1.0 1.0 1.0 1.0</color>
            </specular>
            <shininess>
              <float>0.06598803534436781</float>
            </shininess>
            <reflective>
              <color>0.0 0.0 0.0 1.0</color>
            </reflective>
            <reflectivity>
              <float>0.0</float>
            </reflectivity>
            <transparent>
              <color>0.0 0.0 0.0 1.0</color>
            </transparent>
            <transparency>
              <float>1.0</float>
            </transparency>
          </phong>
        </technique>
        <extra>
          <technique profile="GOOGLEEARTH">
            <double_sided>0</double_sided>
          </technique>
        </extra>
      </profile_COMMON>
    </effect>
    <effect id="eadc4ce4784842e98fc792821136ae4e" name="eadc4ce4784842e98fc792821136ae4e">
      <profile_COMMON>
        <technique sid="common">
          <phong>
            <ambient>
              <color>0.0 0.0 0.0 1.0</color>
            </ambient>
            <diffuse>
              <color>0.023529411764705882 0.023529411764705882 0.03137254901960784 1.0</color>
            </diffuse>
            <specular>
              <color>1.0 1.0 1.0 1.0</color>
            </specular>
            <shininess>
              <float>0.06598803534436781</float>
            </shininess>
            <reflective>
              <color>0.0 0.0 0.0 1.0</color>
            </reflective>
            <reflectivity>
              <float>0.0</float>
            </reflectivity>
            <transparent>
              <color>0.0 0.0 0.0 1.0</color>
            </transparent>
            <transparency>
              <float>1.0</float>
            </transparency>
          </phong>
        </technique>
        <extra>
          <technique profile="GOOGLEEARTH">
            <double_sided>0</double_sided>
          </technique>
        </extra>
      </profile_COMMON>
    </effect>
  </library_effects>
  <library_geometries>
    <geometry id="2ee38509a6fe4098865245c56720aa08" name="0973037521d14cb183901d4734bb75da">
      <mesh>
        <source id="verts-array">
          <float_array count="468" id="verts-array-array">0.0222 0.02935932 0.02433504 0.0222 0.0294 0.024 0.0206 0.0294 0.024 0.0206 0.02935932 0.02433504 0.0222 0.02923964 0.02465061 0.0206 0.02935932 0.02433504 0.0206 0.02923964 0.02465061 0.0222 0.02935932 0.02433504 0.0222 0.02904791 0.02492837 0.0206 0.02923964 0.02465061 0.0206 0.02904791 0.02492837 0.0222 0.02923964 0.02465061 0.0222 0.02879529 0.02515218 0.0206 0.02904791 0.02492837 0.0206 0.02879529 0.02515218 0.0222 0.02904791 0.02492837 0.0222 0.02849645 0.02530902 0.0206 0.02879529 0.02515218 0.0206 0.02849645 0.02530902 0.0222 0.02849645 0.02530902 0.0206 0.02849645 0.02530902 0.0206 0.02816875 0.02538979 0.0222 0.02879529 0.02515218 0.0222 0.02816875 0.02538979 0.0222 0.02783125 0.02538979 0.0206 0.02816875 0.02538979 0.0206 0.02783125 0.02538979 0.0222 0.02816875 0.02538979 0.0222 0.02750355 0.02530902 0.0206 0.02783125 0.02538979 0.0206 0.02750355 0.02530902 0.0222 0.02783125 0.02538979 0.0222 0.02720471 0.02515218 0.0206 0.02750355 0.02530902 0.0206 0.02720471 0.02515218 0.0222 0.02750355 0.02530902 0.0222 0.02695209 0.02492837 0.0206 0.02720471 0.02515218 0.0206 0.02695209 0.02492837 0.0222 0.02720471 0.02515218 0.0222 0.02676036 0.02465061 0.0206 0.02695209 0.02492837 0.0206 0.02676036 0.02465061 0.0222 0.02695209 0.02492837 0.0222 0.02664068 0.02433504 0.0222 0.02676036 0.02465061 0.0206 0.02676036 0.02465061 0.0206 0.02664068 0.02433504 0.0222 0.0266 0.024 0.0222 0.02664068 0.02433504 0.0206 0.02664068 0.02433504 0.0206 0.0266 0.024 0.0222 0.02664068 0.02366496 0.0222 0.0266 0.024 0.0206 0.0266 0.024 0.0206 0.02664068 0.02366496 0.0222 0.02676036 0.02334939 0.0222 0.02664068 0.02366496 0.0206 0.02664068 0.02366496 0.0206 0.02676036 0.02334939 0.0222 0.02695209 0.02307163 0.0222 0.02676036 0.02334939 0.0206 0.02676036 0.02334939 0.0206 0.02695209 0.02307163 0.0222 0.02720471 0.02284782 0.0222 0.02695209 0.02307163 0.0206 0.02695209 0.02307163 0.0206 0.02720471 0.02284782 0.0222 0.02750355 0.02269098 0.0222 0.02720471 0.02284782 0.0206 0.02720471 0.02284782 0.0206 0.02750355 0.02269098 0.0222 0.02783125 0.02261021 0.0222 0.02750355 0.02269098 0.0206 0.02750355 0.02269098 0.0206 0.02783125 0.02261021 0.0222 0.02816875 0.02261021 0.0222 0.02783125 0.02261021 0.0206 0.02783125 0.02261021 0.0206 0.02816875 0.02261021 0.0222 0.02816875 0.02261021 0.0206 0.02816875 0.02261021 0.0206 0.02849645 0.02269098 0.0222 0.02849645 0.02269098 0.0222 0.02879529 0.02284782 0.0222 0.02849645 0.02269098 0.0206 0.02849645 0.02269098 0.0206 0.02879529 0.02284782 0.0222 0.02904791 0.02307163 0.0222 0.02879529 0.02284782 0.0206 0.02879529 0.02284782 0.0206 0.02904791 0.02307163 0.0222 0.02923964 0.02334939 0.0206 0.02904791 0.02307163 0.0206 0.02923964 0.02334939 0.0222 0.02904791 0.02307163 0.0222 0.02935932 0.02366496 0.0206 0.02923964 0.02334939 0.0206 0.02935932 0.02366496 0.0222 0.02935932 0.02366496 0.0206 0.02935932 0.02366496 0.0206 0.0294 0.024 0.0222 0.02923964 0.02334939 0.0222 0.0294 0.024 0.0222 0.02750355 0.02269098 0.0222 0.02695209 0.02307163 0.0222 0.02720471 0.02284782 0.0222 0.02816875 0.02261021 0.0222 0.02783125 0.02261021 0.0222 0.02904791 0.02307163 0.0222 0.02849645 0.02269098 0.0222 0.02879529 0.02284782 0.0222 0.02935932 0.02366496 0.0222 0.02676036 0.02334939 0.0222 0.02923964 0.02334939 0.0222 0.02935932 0.02433504 0.0222 0.0266 0.024 0.0222 0.02664068 0.02366496 0.0222 0.0294 0.024 0.0222 0.02923964 0.02465061 0.0222 0.02904791 0.02492837 0.0222 0.02879529 0.02515218 0.0222 0.02849645 0.02530902 0.0222 0.02816875 0.02538979 0.0222 0.02783125 0.02538979 0.0222 0.02750355 0.02530902 0.0222 0.02720471 0.02515218 0.0222 0.02695209 0.02492837 0.0222 0.02676036 0.02465061 0.0222 0.02664068 0.02433504 0.0206 0.02695209 0.02307163 0.0206 0.02750355 0.02269098 0.0206 0.02720471 0.02284782 0.0206 0.02816875 0.02261021 0.0206 0.02783125 0.02261021 0.0206 0.02904791 0.02307163 0.0206 0.02849645 0.02269098 0.0206 0.02879529 0.02284782 0.0206 0.02676036 0.02334939 0.0206 0.02935932 0.02366496 0.0206 0.02923964 0.02334939 0.0206 0.0266 0.024 0.0206 0.02935932 0.02433504 0.0206 0.02664068 0.02366496 0.0206 0.0294 0.024 0.0206 0.02923964 0.02465061 0.0206 0.02879529 0.02515218 0.0206 0.02904791 0.02492837 0.0206 0.02849645 0.02530902 0.0206 0.02816875 0.02538979 0.0206 0.02783125 0.02538979 0.0206 0.02750355 0.02530902 0.0206 0.02720471 0.02515218 0.0206 0.02695209 0.02492837 0.0206 0.02676036 0.02465061 0.0206 0.02664068 0.02433504</float_array>
          <technique_common>
            <accessor count="156" source="#verts-array-array" stride="3">
              <param type="float" name="X"/>
              <param type="float" name="Y"/>
              <param type="float" name="Z"/>
            </accessor>
          </technique_common>
        </source>
        <source id="normals-array">
          <float_array count="468" id="normals-array-array">0 0.9927092 0.1205338 0 0.9927092 0.1205338 0 0.9927092 0.1205338 0 0.9927092 0.1205338 0 0.9350154 0.3546072 0 0.9350154 0.3546072 0 0.9350154 0.3546072 0 0.9350154 0.3546072 0 0.8229774 0.5680741 0 0.8229774 0.5680741 0 0.8229774 0.5680741 0 0.8229774 0.5680741 0 0.6631369 0.7484981 0 0.6631369 0.7484981 0 0.6631369 0.7484981 0 0.6631369 0.7484981 0 0.464715 0.8854603 0 0.464715 0.8854603 0 0.464715 0.8854603 0 0.2393139 0.9709423 0 0.2393139 0.9709423 0 0.2393139 0.9709423 0 0.464715 0.8854603 0 0.2393139 0.9709423 0 0 1 0 0 1 0 0 1 0 0 1 0 -0.2393126 0.9709426 0 -0.2393126 0.9709426 0 -0.2393126 0.9709426 0 -0.2393126 0.9709426 0 -0.464715 0.8854603 0 -0.464715 0.8854603 0 -0.464715 0.8854603 0 -0.464715 0.8854603 0 -0.6631369 0.7484981 0 -0.6631369 0.7484981 0 -0.6631369 0.7484981 0 -0.6631369 0.7484981 0 -0.8229774 0.5680741 0 -0.8229774 0.5680741 0 -0.8229774 0.5680741 0 -0.8229774 0.5680741 0 -0.9350154 0.3546072 0 -0.9350154 0.3546072 0 -0.9350154 0.3546072 0 -0.9350154 0.3546072 0 -0.9927092 0.1205338 0 -0.9927092 0.1205338 0 -0.9927092 0.1205338 0 -0.9927092 0.1205338 0 -0.9927092 -0.1205338 0 -0.9927092 -0.1205338 0 -0.9927092 -0.1205338 0 -0.9927092 -0.1205338 0 -0.9350161 -0.3546053 0 -0.9350161 -0.3546053 0 -0.9350161 -0.3546053 0 -0.9350161 -0.3546053 0 -0.8229756 -0.5680767 0 -0.8229756 -0.5680767 0 -0.8229756 -0.5680767 0 -0.8229756 -0.5680767 0 -0.6631369 -0.7484981 0 -0.6631369 -0.7484981 0 -0.6631369 -0.7484981 0 -0.6631369 -0.7484981 0 -0.464715 -0.8854603 0 -0.464715 -0.8854603 0 -0.464715 -0.8854603 0 -0.464715 -0.8854603 0 -0.2393126 -0.9709426 0 -0.2393126 -0.9709426 0 -0.2393126 -0.9709426 0 -0.2393126 -0.9709426 0 0 -1 0 0 -1 0 0 -1 0 0 -1 0 0.2393139 -0.9709423 0 0.2393139 -0.9709423 0 0.2393139 -0.9709423 0 0.2393139 -0.9709423 0 0.464715 -0.8854603 0 0.464715 -0.8854603 0 0.464715 -0.8854603 0 0.464715 -0.8854603 0 0.6631369 -0.7484981 0 0.6631369 -0.7484981 0 0.6631369 -0.7484981 0 0.6631369 -0.7484981 0 0.8229756 -0.5680767 0 0.8229756 -0.5680767 0 0.8229756 -0.5680767 0 0.8229756 -0.5680767 0 0.9350161 -0.3546053 0 0.9350161 -0.3546053 0 0.9350161 -0.3546053 0 0.9927092 -0.1205338 0 0.9927092 -0.1205338 0 0.9927092 -0.1205338 0 0.9350161 -0.3546053 0 0.9927092 -0.1205338 1 0 0 1 0 0 1 0 0 1 0 0 1 0 0 1 0 0 1 0 0 1 0 0 1 0 0 1 0 0 1 0 0 1 0 0 1 0 0 1 0 0 1 0 0 1 0 0 1 0 0 1 0 0 1 0 0 1 0 0 1 0 0 1 0 0 1 0 0 1 0 0 1 0 0 1 0 0 -1 0 0 -1 0 0 -1 0 0 -1 0 0 -1 0 0 -1 0 0 -1 0 0 -1 0 0 -1 0 0 -1 0 0 -1 0 0 -1 0 0 -1 0 0 -1 0 0 -1 0 0 -1 0 0 -1 0 0 -1 0 0 -1 0 0 -1 0 0 -1 0 0 -1 0 0 -1 0 0 -1 0 0 -1 0 0 -1 0 0</float_array>
          <technique_common>
            <accessor count="156" source="#normals-array-array" stride="3">
              <param type="float" name="X"/>
              <param type="float" name="Y"/>
              <param type="float" name="Z"/>
            </accessor>
          </technique_common>
        </source>
        <vertices id="verts-array-vertices">
          <input semantic="POSITION" source="#verts-array"/>
        </vertices>
        <triangles count="100" material="material0">
          <input offset="0" semantic="VERTEX" source="#verts-array-vertices"/>
          <input offset="1" semantic="NORMAL" source="#normals-array"/>
          <p>0 0 1 1 2 2 0 0 2 2 3 3 4 4 5 5 6 6 4 4 7 7 5 5 8 8 9 9 10 10 8 8 11 11 9 9 12 12 13 13 14 14 12 12 15 15 13 13 16 16 17 17 18 18 19 19 20 20 21 21 16 16 22 22 17 17 23 23 19 19 21 21 24 24 25 25 26 26 24 24 27 27 25 25 28 28 29 29 30 30 28 28 31 31 29 29 32 32 33 33 34 34 32 32 35 35 33 33 36 36 37 37 38 38 36 36 39 39 37 37 40 40 41 41 42 42 40 40 43 43 41 41 44 44 45 45 46 46 44 44 46 46 47 47 48 48 49 49 50 50 48 48 50 50 51 51 52 52 53 53 54 54 52 52 54 54 55 55 56 56 57 57 58 58 56 56 58 58 59 59 60 60 61 61 62 62 60 60 62 62 63 63 64 64 65 65 66 66 64 64 66 66 67 67 68 68 69 69 70 70 68 68 70 70 71 71 72 72 73 73 74 74 72 72 74 74 75 75 76 76 77 77 78 78 76 76 78 78 79 79 80 80 81 81 82 82 83 83 80 80 82 82 84 84 85 85 86 86 84 84 86 86 87 87 88 88 89 89 90 90 88 88 90 90 91 91 92 92 93 93 94 94 92 92 95 95 93 93 96 96 97 97 98 98 99 99 100 100 101 101 96 96 102 102 97 97 103 103 99 99 101 101 104 104 105 105 106 106 107 107 104 104 108 108 109 109 107 107 110 110 109 109 110 110 111 111 112 112 113 113 105 105 112 112 109 109 114 114 112 112 105 105 104 104 112 112 104 104 107 107 112 112 107 107 109 109 115 115 116 116 117 117 115 115 117 117 113 113 115 115 112 112 118 118 115 115 113 113 112 112 119 119 116 116 115 115 120 120 121 121 122 122 120 120 122 122 123 123 120 120 123 123 124 124 120 120 124 124 125 125 120 120 125 125 126 126 120 120 126 126 127 127 120 120 127 127 128 128 120 120 128 128 129 129 120 120 129 129 116 116 120 120 116 116 119 119 130 130 131 131 132 132 131 131 133 133 134 134 133 133 135 135 136 136 136 136 135 135 137 137 138 138 139 139 130 130 135 135 139 139 140 140 130 130 139 139 131 131 131 131 139 139 133 133 133 133 139 139 135 135 141 141 142 142 143 143 143 143 142 142 138 138 139 139 142 142 144 144 138 138 142 142 139 139 141 141 145 145 142 142 146 146 147 147 148 148 148 148 147 147 149 149 149 149 147 147 150 150 150 150 147 147 151 151 151 151 147 147 152 152 152 152 147 147 153 153 153 153 147 147 154 154 154 154 147 147 155 155 155 155 147 147 141 141 141 141 147 147 145 145</p>
        </triangles>
      </mesh>
    </geometry>
    <geometry id="383217451d7a4c2eba66a81c94d0472a" name="81e829a265e64e32b615e1fe726d5f6d">
      <mesh>
        <source id="verts-array">
          <float_array count="468" id="verts-array-array">0.0222 0.04135932 0.02433504 0.0222 0.0414 0.024 0.0206 0.0414 0.024 0.0206 0.04135932 0.02433504 0.0222 0.04123964 0.02465061 0.0206 0.04135932 0.02433504 0.0206 0.04123964 0.02465061 0.0222 0.04135932 0.02433504 0.0222 0.04104792 0.02492837 0.0206 0.04123964 0.02465061 0.0206 0.04104792 0.02492837 0.0222 0.04123964 0.02465061 0.0222 0.04079529 0.02515218 0.0206 0.04104792 0.02492837 0.0206 0.04079529 0.02515218 0.0222 0.04104792 0.02492837 0.0222 0.04049645 0.02530902 0.0206 0.04079529 0.02515218 0.0206 0.04049645 0.02530902 0.0222 0.04049645 0.02530902 0.0206 0.04049645 0.02530902 0.0206 0.04016875 0.02538979 0.0222 0.04079529 0.02515218 0.0222 0.04016875 0.02538979 0.0222 0.03983125 0.02538979 0.0206 0.04016875 0.02538979 0.0206 0.03983125 0.02538979 0.0222 0.04016875 0.02538979 0.0222 0.03950355 0.02530902 0.0206 0.03983125 0.02538979 0.0206 0.03950355 0.02530902 0.0222 0.03983125 0.02538979 0.0222 0.03920471 0.02515218 0.0206 0.03950355 0.02530902 0.0206 0.03920471 0.02515218 0.0222 0.03950355 0.02530902 0.0222 0.03895208 0.02492837 0.0206 0.03920471 0.02515218 0.0206 0.03895208 0.02492837 0.0222 0.03920471 0.02515218 0.0222 0.03876036 0.02465061 0.0206 0.03895208 0.02492837 0.0206 0.03876036 0.02465061 0.0222 0.03895208 0.02492837 0.0222 0.03864068 0.02433504 0.0222 0.03876036 0.02465061 0.0206 0.03876036 0.02465061 0.0206 0.03864068 0.02433504 0.0222 0.0386 0.024 0.0222 0.03864068 0.02433504 0.0206 0.03864068 0.02433504 0.0206 0.0386 0.024 0.0222 0.03864068 0.02366496 0.0222 0.0386 0.024 0.0206 0.0386 0.024 0.0206 0.03864068 0.02366496 0.0222 0.03876036 0.02334939 0.0222 0.03864068 0.02366496 0.0206 0.03864068 0.02366496 0.0206 0.03876036 0.02334939 0.0222 0.03895208 0.02307163 0.0222 0.03876036 0.02334939 0.0206 0.03876036 0.02334939 0.0206 0.03895208 0.02307163 0.0222 0.03920471 0.02284782 0.0222 0.03895208 0.02307163 0.0206 0.03895208 0.02307163 0.0206 0.03920471 0.02284782 0.0222 0.03950355 0.02269098 0.0222 0.03920471 0.02284782 0.0206 0.03920471 0.02284782 0.0206 0.03950355 0.02269098 0.0222 0.03983125 0.02261021 0.0222 0.03950355 0.02269098 0.0206 0.03950355 0.02269098 0.0206 0.03983125 0.02261021 0.0222 0.04016875 0.02261021 0.0222 0.03983125 0.02261021 0.0206 0.03983125 0.02261021 0.0206 0.04016875 0.02261021 0.0222 0.04016875 0.02261021 0.0206 0.04016875 0.02261021 0.0206 0.04049645 0.02269098 0.0222 0.04049645 0.02269098 0.0222 0.04079529 0.02284782 0.0222 0.04049645 0.02269098 0.0206 0.04049645 0.02269098 0.0206 0.04079529 0.02284782 0.0222 0.04104792 0.02307163 0.0222 0.04079529 0.02284782 0.0206 0.04079529 0.02284782 0.0206 0.04104792 0.02307163 0.0222 0.04123964 0.02334939 0.0206 0.04104792 0.02307163 0.0206 0.04123964 0.02334939 0.0222 0.04104792 0.02307163 0.0222 0.04135932 0.02366496 0.0206 0.04123964 0.02334939 0.0206 0.04135932 0.02366496 0.0222 0.04135932 0.02366496 0.0206 0.04135932 0.02366496 0.0206 0.0414 0.024 0.0222 0.04123964 0.02334939 0.0222 0.0414 0.024 0.0222 0.03950355 0.02269098 0.0222 0.03895208 0.02307163 0.0222 0.03920471 0.02284782 0.0222 0.04016875 0.02261021 0.0222 0.03983125 0.02261021 0.0222 0.04104792 0.02307163 0.0222 0.04049645 0.02269098 0.0222 0.04079529 0.02284782 0.0222 0.04135932 0.02366496 0.0222 0.03876036 0.02334939 0.0222 0.04123964 0.02334939 0.0222 0.04135932 0.02433504 0.0222 0.0386 0.024 0.0222 0.03864068 0.02366496 0.0222 0.0414 0.024 0.0222 0.04123964 0.02465061 0.0222 0.04104792 0.02492837 0.0222 0.04079529 0.02515218 0.0222 0.04049645 0.02530902 0.0222 0.04016875 0.02538979 0.0222 0.03983125 0.02538979 0.0222 0.03950355 0.02530902 0.0222 0.03920471 0.02515218 0.0222 0.03895208 0.02492837 0.0222 0.03876036 0.02465061 0.0222 0.03864068 0.02433504 0.0206 0.03895208 0.02307163 0.0206 0.03950355 0.02269098 0.0206 0.03920471 0.02284782 0.0206 0.04016875 0.02261021 0.0206 0.03983125 0.02261021 0.0206 0.04104792 0.02307163 0.0206 0.04049645 0.02269098 0.0206 0.04079529 0.02284782 0.0206 0.03876036 0.02334939 0.0206 0.04135932 0.02366496 0.0206 0.04123964 0.02334939 0.0206 0.0386 0.024 0.0206 0.04135932 0.02433504 0.0206 0.03864068 0.02366496 0.0206 0.0414 0.024 0.0206 0.04123964 0.02465061 0.0206 0.04079529 0.02515218 0.0206 0.04104792 0.02492837 0.0206 0.04049645 0.02530902 0.0206 0.04016875 0.02538979 0.0206 0.03983125 0.02538979 0.0206 0.03950355 0.02530902 0.0206 0.03920471 0.02515218 0.0206 0.03895208 0.02492837 0.0206 0.03876036 0.02465061 0.0206 0.03864068 0.02433504</float_array>
          <technique_common>
            <accessor count="156" source="#verts-array-array" stride="3">
              <param type="float" name="X"/>
              <param type="float" name="Y"/>
              <param type="float" name="Z"/>
            </accessor>
          </technique_common>
        </source>
        <source id="normals-array">
          <float_array count="468" id="normals-array-array">0 0.9927092 0.1205338 0 0.9927092 0.1205338 0 0.9927092 0.1205338 0 0.9927092 0.1205338 0 0.9350172 0.3546023 0 0.9350172 0.3546023 0 0.9350172 0.3546023 0 0.9350172 0.3546023 0 0.8229877 0.5680592 0 0.8229877 0.5680592 0 0.8229877 0.5680592 0 0.8229877 0.5680592 0 0.6631205 0.7485127 0 0.6631205 0.7485127 0 0.6631205 0.7485127 0 0.6631205 0.7485127 0 0.4647173 0.8854591 0 0.4647173 0.8854591 0 0.4647173 0.8854591 0 0.2393139 0.9709423 0 0.2393139 0.9709423 0 0.2393139 0.9709423 0 0.4647173 0.8854591 0 0.2393139 0.9709423 0 0 1 0 0 1 0 0 1 0 0 1 0 -0.2393113 0.9709429 0 -0.2393113 0.9709429 0 -0.2393113 0.9709429 0 -0.2393113 0.9709429 0 -0.4647173 0.8854591 0 -0.4647173 0.8854591 0 -0.4647173 0.8854591 0 -0.4647173 0.8854591 0 -0.6631205 0.7485127 0 -0.6631205 0.7485127 0 -0.6631205 0.7485127 0 -0.6631205 0.7485127 0 -0.8229929 0.5680517 0 -0.8229929 0.5680517 0 -0.8229929 0.5680517 0 -0.8229929 0.5680517 0 -0.9350172 0.3546023 0 -0.9350172 0.3546023 0 -0.9350172 0.3546023 0 -0.9350172 0.3546023 0 -0.9927092 0.1205338 0 -0.9927092 0.1205338 0 -0.9927092 0.1205338 0 -0.9927092 0.1205338 0 -0.9927092 -0.1205338 0 -0.9927092 -0.1205338 0 -0.9927092 -0.1205338 0 -0.9927092 -0.1205338 0 -0.9350179 -0.3546005 0 -0.9350179 -0.3546005 0 -0.9350179 -0.3546005 0 -0.9350179 -0.3546005 0 -0.8229911 -0.5680543 0 -0.8229911 -0.5680543 0 -0.8229911 -0.5680543 0 -0.8229911 -0.5680543 0 -0.6631205 -0.7485127 0 -0.6631205 -0.7485127 0 -0.6631205 -0.7485127 0 -0.6631205 -0.7485127 0 -0.4647173 -0.8854591 0 -0.4647173 -0.8854591 0 -0.4647173 -0.8854591 0 -0.4647173 -0.8854591 0 -0.2393113 -0.9709429 0 -0.2393113 -0.9709429 0 -0.2393113 -0.9709429 0 -0.2393113 -0.9709429 0 0 -1 0 0 -1 0 0 -1 0 0 -1 0 0.2393139 -0.9709423 0 0.2393139 -0.9709423 0 0.2393139 -0.9709423 0 0.2393139 -0.9709423 0 0.4647173 -0.8854591 0 0.4647173 -0.8854591 0 0.4647173 -0.8854591 0 0.4647173 -0.8854591 0 0.6631205 -0.7485127 0 0.6631205 -0.7485127 0 0.6631205 -0.7485127 0 0.6631205 -0.7485127 0 0.8229859 -0.5680618 0 0.8229859 -0.5680618 0 0.8229859 -0.5680618 0 0.8229859 -0.5680618 0 0.9350179 -0.3546005 0 0.9350179 -0.3546005 0 0.9350179 -0.3546005 0 0.9927092 -0.1205338 0 0.9927092 -0.1205338 0 0.9927092 -0.1205338 0 0.9350179 -0.3546005 0 0.9927092 -0.1205338 1 0 0 1 0 0 1 0 0 1 0 0 1 0 0 1 0 0 1 0 0 1 0 0 1 0 0 1 0 0 1 0 0 1 0 0 1 0 0 1 0 0 1 0 0 1 0 0 1 0 0 1 0 0 1 0 0 1 0 0 1 0 0 1 0 0 1 0 0 1 0 0 1 0 0 1 0 0 -1 0 0 -1 0 0 -1 0 0 -1 0 0 -1 0 0 -1 0 0 -1 0 0 -1 0 0 -1 0 0 -1 0 0 -1 0 0 -1 0 0 -1 0 0 -1 0 0 -1 0 0 -1 0 0 -1 0 0 -1 0 0 -1 0 0 -1 0 0 -1 0 0 -1 0 0 -1 0 0 -1 0 0 -1 0 0 -1 0 0</float_array>
          <technique_common>
            <accessor count="156" source="#normals-array-array" stride="3">
              <param type="float" name="X"/>
              <param type="float" name="Y"/>
              <param type="float" name="Z"/>
            </accessor>
          </technique_common>
        </source>
        <vertices id="verts-array-vertices">
          <input semantic="POSITION" source="#verts-array"/>
        </vertices>
        <triangles count="100" material="material1">
          <input offset="0" semantic="VERTEX" source="#verts-array-vertices"/>
          <input offset="1" semantic="NORMAL" source="#normals-array"/>
          <p>0 0 1 1 2 2 0 0 2 2 3 3 4 4 5 5 6 6 4 4 7 7 5 5 8 8 9 9 10 10 8 8 11 11 9 9 12 12 13 13 14 14 12 12 15 15 13 13 16 16 17 17 18 18 19 19 20 20 21 21 16 16 22 22 17 17 23 23 19 19 21 21 24 24 25 25 26 26 24 24 27 27 25 25 28 28 29 29 30 30 28 28 31 31 29 29 32 32 33 33 34 34 32 32 35 35 33 33 36 36 37 37 38 38 36 36 39 39 37 37 40 40 41 41 42 42 40 40 43 43 41 41 44 44 45 45 46 46 44 44 46 46 47 47 48 48 49 49 50 50 48 48 50 50 51 51 52 52 53 53 54 54 52 52 54 54 55 55 56 56 57 57 58 58 56 56 58 58 59 59 60 60 61 61 62 62 60 60 62 62 63 63 64 64 65 65 66 66 64 64 66 66 67 67 68 68 69 69 70 70 68 68 70 70 71 71 72 72 73 73 74 74 72 72 74 74 75 75 76 76 77 77 78 78 76 76 78 78 79 79 80 80 81 81 82 82 83 83 80 80 82 82 84 84 85 85 86 86 84 84 86 86 87 87 88 88 89 89 90 90 88 88 90 90 91 91 92 92 93 93 94 94 92 92 95 95 93 93 96 96 97 97 98 98 99 99 100 100 101 101 96 96 102 102 97 97 103 103 99 99 101 101 104 104 105 105 106 106 107 107 104 104 108 108 109 109 107 107 110 110 109 109 110 110 111 111 112 112 113 113 105 105 112 112 109 109 114 114 112 112 105 105 104 104 112 112 104 104 107 107 112 112 107 107 109 109 115 115 116 116 117 117 115 115 117 117 113 113 115 115 112 112 118 118 115 115 113 113 112 112 119 119 116 116 115 115 120 120 121 121 122 122 120 120 122 122 123 123 120 120 123 123 124 124 120 120 124 124 125 125 120 120 125 125 126 126 120 120 126 126 127 127 120 120 127 127 128 128 120 120 128 128 129 129 120 120 129 129 116 116 120 120 116 116 119 119 130 130 131 131 132 132 131 131 133 133 134 134 133 133 135 135 136 136 136 136 135 135 137 137 138 138 139 139 130 130 135 135 139 139 140 140 130 130 139 139 131 131 131 131 139 139 133 133 133 133 139 139 135 135 141 141 142 142 143 143 143 143 142 142 138 138 139 139 142 142 144 144 138 138 142 142 139 139 141 141 145 145 142 142 146 146 147 147 148 148 148 148 147 147 149 149 149 149 147 147 150 150 150 150 147 147 151 151 151 151 147 147 152 152 152 152 147 147 153 153 153 153 147 147 154 154 154 154 147 147 155 155 155 155 147 147 141 141 141 141 147 147 145 145</p>
        </triangles>
      </mesh>
    </geometry>
    <geometry id="4894449d17ac4e889064bdc3bb9150c5" name="2816cb3e451d4528b685497576ced3c4">
      <mesh>
        <source id="verts-array">
          <float_array count="144" id="verts-array-array">-0.017 0.03175 0.0825 -0.017 0.03525 0.0825 -0.017 0.03175 0.0822 -0.017 0.03525 0.0822 0.023 0.03525 0.0825 0.023 0.03175 0.0825 0.023 0.03175 0.0822 0.023 0.03525 0.0822 0.023 0.03175 0.0825 0.023 0.03525 0.0825 -0.017 0.03175 0.0825 -0.017 0.03525 0.0825 0.023 0.03525 0.0822 0.023 0.03175 0.0822 -0.017 0.03175 0.0822 -0.017 0.03525 0.0822 -0.017 0.03175 0.0822 0.023 0.03175 0.0822 -0.017 0.03175 0.0825 0.023 0.03175 0.0825 0.023 0.03525 0.0822 -0.017 0.03525 0.0822 -0.017 0.03525 0.0825 0.023 0.03525 0.0825 -0.017 0.03175 -0.0822 -0.017 0.03525 -0.0822 -0.017 0.03175 -0.0825 -0.017 0.03525 -0.0825 0.023 0.03525 -0.0822 0.023 0.03175 -0.0822 0.023 0.03175 -0.0825 0.023 0.03525 -0.0825 0.023 0.03175 -0.0822 0.023 0.03525 -0.0822 -0.017 0.03175 -0.0822 -0.017 0.03525 -0.0822 0.023 0.03525 -0.0825 0.023 0.03175 -0.0825 -0.017 0.03175 -0.0825 -0.017 0.03525 -0.0825 -0.017 0.03175 -0.0825 0.023 0.03175 -0.0825 -0.017 0.03175 -0.0822 0.023 0.03175 -0.0822 0.023 0.03525 -0.0825 -0.017 0.03525 -0.0825 -0.017 0.03525 -0.0822 0.023 0.03525 -0.0822</float_array>
          <technique_common>
            <accessor count="48" source="#verts-array-array" stride="3">
              <param type="float" name="X"/>
              <param type="float" name="Y"/>
              <param type="float" name="Z"/>
            </accessor>
          </technique_common>
        </source>
        <source id="normals-array">
          <float_array count="144" id="normals-array-array">-1 0 0 -1 0 0 -1 0 0 -1 0 0 1 0 0 1 0 0 1 0 0 1 0 0 0 0 1 0 0 1 0 0 1 0 0 1 0 0 -1 0 0 -1 0 0 -1 0 0 -1 0 -1 0 0 -1 0 0 -1 0 0 -1 0 0 1 0 0 1 0 0 1 0 0 1 0 -1 0 0 -1 0 0 -1 0 0 -1 0 0 1 0 0 1 0 0 1 0 0 1 0 0 0 0 1 0 0 1 0 0 1 0 0 1 0 0 -1 0 0 -1 0 0 -1 0 0 -1 0 -1 0 0 -1 0 0 -1 0 0 -1 0 0 1 0 0 1 0 0 1 0 0 1 0</float_array>
          <technique_common>
            <accessor count="48" source="#normals-array-array" stride="3">
              <param type="float" name="X"/>
              <param type="float" name="Y"/>
              <param type="float" name="Z"/>
            </accessor>
          </technique_common>
        </source>
        <vertices id="verts-array-vertices">
          <input semantic="POSITION" source="#verts-array"/>
        </vertices>
        <triangles count="24" material="material2">
          <input offset="0" semantic="VERTEX" source="#verts-array-vertices"/>
          <input offset="1" semantic="NORMAL" source="#normals-array"/>
          <p>0 0 1 1 2 2 2 2 1 1 3 3 4 4 5 5 6 6 4 4 6 6 7 7 8 8 9 9 10 10 10 10 9 9 11 11 12 12 13 13 14 14 12 12 14 14 15 15 16 16 17 17 18 18 18 18 17 17 19 19 20 20 21 21 22 22 20 20 22 22 23 23 24 24 25 25 26 26 26 26 25 25 27 27 28 28 29 29 30 30 28 28 30 30 31 31 32 32 33 33 34 34 34 34 33 33 35 35 36 36 37 37 38 38 36 36 38 38 39 39 40 40 41 41 42 42 42 42 41 41 43 43 44 44 45 45 46 46 44 44 46 46 47 47</p>
        </triangles>
      </mesh>
    </geometry>
    <geometry id="247453106fcf41368e1fcd679c5547a8" name="61338b1fde6b4784b157de85c311665e">
      <mesh>
        <source id="verts-array">
          <float_array count="1404" id="verts-array-array">0.0207 0.03668958 0.0389094 0.0207 0.0368 0.038 0.0195 0.0368 0.038 0.0195 0.03668958 0.0389094 0.0207 0.03636473 0.03976595 0.0195 0.03668958 0.0389094 0.0195 0.03636473 0.03976595 0.0207 0.03668958 0.0389094 0.0207 0.03584434 0.04051987 0.0195 0.03636473 0.03976595 0.0195 0.03584434 0.04051987 0.0207 0.03636473 0.03976595 0.0207 0.03515865 0.04112734 0.0195 0.03584434 0.04051987 0.0195 0.03515865 0.04112734 0.0207 0.03584434 0.04051987 0.0207 0.0343475 0.04155306 0.0195 0.03515865 0.04112734 0.0195 0.0343475 0.04155306 0.0207 0.03515865 0.04112734 0.0207 0.03345804 0.04177229 0.0195 0.0343475 0.04155306 0.0195 0.03345804 0.04177229 0.0207 0.03345804 0.04177229 0.0195 0.03345804 0.04177229 0.0195 0.03254196 0.04177229 0.0207 0.0343475 0.04155306 0.0207 0.03254196 0.04177229 0.0207 0.0316525 0.04155306 0.0195 0.03254196 0.04177229 0.0195 0.0316525 0.04155306 0.0207 0.0316525 0.04155306 0.0195 0.0316525 0.04155306 0.0195 0.03084135 0.04112734 0.0207 0.03254196 0.04177229 0.0207 0.03084135 0.04112734 0.0207 0.03015566 0.04051987 0.0195 0.03084135 0.04112734 0.0195 0.03015566 0.04051987 0.0207 0.03015566 0.04051987 0.0195 0.03015566 0.04051987 0.0195 0.02963527 0.03976595 0.0207 0.03084135 0.04112734 0.0207 0.02963527 0.03976595 0.0207 0.02931042 0.0389094 0.0207 0.02963527 0.03976595 0.0195 0.02963527 0.03976595 0.0195 0.02931042 0.0389094 0.0207 0.02931042 0.0389094 0.0195 0.02931042 0.0389094 0.0195 0.0292 0.038 0.0207 0.0292 0.038 0.0207 0.02931042 0.0370906 0.0207 0.0292 0.038 0.0195 0.0292 0.038 0.0195 0.02931042 0.0370906 0.0207 0.02963527 0.03623405 0.0207 0.02931042 0.0370906 0.0195 0.02931042 0.0370906 0.0195 0.02963527 0.03623405 0.0207 0.02963527 0.03623405 0.0195 0.02963527 0.03623405 0.0195 0.03015566 0.03548013 0.0207 0.03015566 0.03548013 0.0207 0.03084135 0.03487266 0.0207 0.03015566 0.03548013 0.0195 0.03015566 0.03548013 0.0195 0.03084135 0.03487266 0.0207 0.0316525 0.03444694 0.0207 0.03084135 0.03487266 0.0195 0.03084135 0.03487266 0.0195 0.0316525 0.03444694 0.0207 0.0316525 0.03444694 0.0195 0.0316525 0.03444694 0.0195 0.03254196 0.03422771 0.0207 0.03254196 0.03422771 0.0207 0.03345804 0.03422771 0.0207 0.03254196 0.03422771 0.0195 0.03254196 0.03422771 0.0195 0.03345804 0.03422771 0.0207 0.0343475 0.03444694 0.0207 0.03345804 0.03422771 0.0195 0.03345804 0.03422771 0.0195 0.0343475 0.03444694 0.0207 0.0343475 0.03444694 0.0195 0.0343475 0.03444694 0.0195 0.03515865 0.03487266 0.0207 0.03515865 0.03487266 0.0207 0.03584434 0.03548013 0.0207 0.03515865 0.03487266 0.0195 0.03515865 0.03487266 0.0195 0.03584434 0.03548013 0.0207 0.03636473 0.03623405 0.0195 0.03584434 0.03548013 0.0195 0.03636473 0.03623405 0.0207 0.03636473 0.03623405 0.0195 0.03636473 0.03623405 0.0195 0.03668958 0.0370906 0.0207 0.03584434 0.03548013 0.0207 0.03668958 0.0370906 0.0195 0.03668958 0.0370906 0.0195 0.0368 0.038 0.0207 0.03668958 0.0370906 0.0207 0.0368 0.038 0.0207 0.02931042 0.0370906 0.0207 0.02963527 0.03623405 0.0207 0.03015566 0.03548013 0.0207 0.03345804 0.03422771 0.0207 0.03084135 0.03487266 0.0207 0.0316525 0.03444694 0.0207 0.03254196 0.03422771 0.0207 0.03584434 0.03548013 0.0207 0.0343475 0.03444694 0.0207 0.03515865 0.03487266 0.0207 0.03636473 0.03623405 0.0207 0.03668958 0.0370906 0.0207 0.03345804 0.04177229 0.0207 0.03254196 0.04177229 0.0207 0.0316525 0.04155306 0.0207 0.03084135 0.04112734 0.0207 0.03015566 0.04051987 0.0207 0.02963527 0.03976595 0.0207 0.03584434 0.04051987 0.0207 0.0368 0.038 0.0207 0.03668958 0.0389094 0.0207 0.03636473 0.03976595 0.0207 0.03515865 0.04112734 0.0207 0.0343475 0.04155306 0.0207 0.02931042 0.0389094 0.0207 0.0292 0.038 0.0195 0.02963527 0.03623405 0.0195 0.02931042 0.0370906 0.0195 0.03015566 0.03548013 0.0195 0.03345804 0.03422771 0.0195 0.03084135 0.03487266 0.0195 0.0316525 0.03444694 0.0195 0.03254196 0.03422771 0.0195 0.03584434 0.03548013 0.0195 0.0343475 0.03444694 0.0195 0.03515865 0.03487266 0.0195 0.03636473 0.03623405 0.0195 0.03668958 0.0370906 0.0195 0.03254196 0.04177229 0.0195 0.03345804 0.04177229 0.0195 0.0316525 0.04155306 0.0195 0.03084135 0.04112734 0.0195 0.03015566 0.04051987 0.0195 0.02963527 0.03976595 0.0195 0.0368 0.038 0.0195 0.03584434 0.04051987 0.0195 0.03668958 0.0389094 0.0195 0.03636473 0.03976595 0.0195 0.03515865 0.04112734 0.0195 0.0343475 0.04155306 0.0195 0.02931042 0.0389094 0.0195 0.0292 0.038 0.0207 0.03542735 -0.01240171 0.0207 0.0355 -0.013 0.0195 0.0355 -0.013 0.0195 0.03542735 -0.01240171 0.0207 0.03521364 -0.01183819 0.0195 0.03542735 -0.01240171 0.0195 0.03521364 -0.01183819 0.0207 0.03542735 -0.01240171 0.0207 0.03487128 -0.01134219 0.0195 0.03521364 -0.01183819 0.0195 0.03487128 -0.01134219 0.0207 0.03521364 -0.01183819 0.0207 0.03442016 -0.01094254 0.0195 0.03487128 -0.01134219 0.0195 0.03442016 -0.01094254 0.0207 0.03487128 -0.01134219 0.0207 0.03388651 -0.01066246 0.0195 0.03442016 -0.01094254 0.0195 0.03388651 -0.01066246 0.0207 0.03442016 -0.01094254 0.0207 0.03330134 -0.01051823 0.0195 0.03388651 -0.01066246 0.0195 0.03330134 -0.01051823 0.0207 0.03330134 -0.01051823 0.0195 0.03330134 -0.01051823 0.0195 0.03269866 -0.01051823 0.0207 0.03388651 -0.01066246 0.0207 0.03269866 -0.01051823 0.0207 0.03211349 -0.01066246 0.0195 0.03269866 -0.01051823 0.0195 0.03211349 -0.01066246 0.0207 0.03211349 -0.01066246 0.0195 0.03211349 -0.01066246 0.0195 0.03157984 -0.01094254 0.0207 0.03269866 -0.01051823 0.0207 0.03157984 -0.01094254 0.0207 0.03112872 -0.01134219 0.0195 0.03157984 -0.01094254 0.0195 0.03112872 -0.01134219 0.0207 0.03112872 -0.01134219 0.0195 0.03112872 -0.01134219 0.0195 0.03078636 -0.01183819 0.0207 0.03157984 -0.01094254 0.0207 0.03078636 -0.01183819 0.0207 0.03057265 -0.01240171 0.0207 0.03078636 -0.01183819 0.0195 0.03078636 -0.01183819 0.0195 0.03057265 -0.01240171 0.0207 0.03057265 -0.01240171 0.0195 0.03057265 -0.01240171 0.0195 0.0305 -0.013 0.0207 0.0305 -0.013 0.0207 0.03057265 -0.01359829 0.0207 0.0305 -0.013 0.0195 0.0305 -0.013 0.0195 0.03057265 -0.01359829 0.0207 0.03078636 -0.01416181 0.0207 0.03057265 -0.01359829 0.0195 0.03057265 -0.01359829 0.0195 0.03078636 -0.01416181 0.0207 0.03078636 -0.01416181 0.0195 0.03078636 -0.01416181 0.0195 0.03112872 -0.01465781 0.0207 0.03112872 -0.01465781 0.0207 0.03157984 -0.01505746 0.0207 0.03112872 -0.01465781 0.0195 0.03112872 -0.01465781 0.0195 0.03157984 -0.01505746 0.0207 0.03211349 -0.01533754 0.0207 0.03157984 -0.01505746 0.0195 0.03157984 -0.01505746 0.0195 0.03211349 -0.01533754 0.0207 0.03211349 -0.01533754 0.0195 0.03211349 -0.01533754 0.0195 0.03269866 -0.01548177 0.0207 0.03269866 -0.01548177 0.0207 0.03330134 -0.01548177 0.0207 0.03269866 -0.01548177 0.0195 0.03269866 -0.01548177 0.0195 0.03330134 -0.01548177 0.0207 0.03388651 -0.01533754 0.0207 0.03330134 -0.01548177 0.0195 0.03330134 -0.01548177 0.0195 0.03388651 -0.01533754 0.0207 0.03388651 -0.01533754 0.0195 0.03388651 -0.01533754 0.0195 0.03442016 -0.01505746 0.0207 0.03442016 -0.01505746 0.0207 0.03487128 -0.01465781 0.0207 0.03442016 -0.01505746 0.0195 0.03442016 -0.01505746 0.0195 0.03487128 -0.01465781 0.0207 0.03521364 -0.01416181 0.0195 0.03487128 -0.01465781 0.0195 0.03521364 -0.01416181 0.0207 0.03521364 -0.01416181 0.0195 0.03521364 -0.01416181 0.0195 0.03542735 -0.01359829 0.0207 0.03487128 -0.01465781 0.0207 0.03542735 -0.01359829 0.0195 0.03542735 -0.01359829 0.0195 0.0355 -0.013 0.0207 0.03542735 -0.01359829 0.0207 0.0355 -0.013 0.0207 0.03211349 -0.01533754 0.0207 0.03112872 -0.01465781 0.0207 0.03157984 -0.01505746 0.0207 0.03388651 -0.01533754 0.0207 0.03269866 -0.01548177 0.0207 0.03330134 -0.01548177 0.0207 0.03521364 -0.01416181 0.0207 0.03442016 -0.01505746 0.0207 0.03487128 -0.01465781 0.0207 0.03211349 -0.01066246 0.0207 0.03157984 -0.01094254 0.0207 0.03112872 -0.01134219 0.0207 0.03078636 -0.01183819 0.0207 0.0355 -0.013 0.0207 0.03542735 -0.01359829 0.0207 0.03388651 -0.01066246 0.0207 0.03330134 -0.01051823 0.0207 0.03269866 -0.01051823 0.0207 0.03442016 -0.01094254 0.0207 0.03487128 -0.01134219 0.0207 0.03542735 -0.01240171 0.0207 0.03521364 -0.01183819 0.0207 0.03057265 -0.01240171 0.0207 0.0305 -0.013 0.0207 0.03057265 -0.01359829 0.0207 0.03078636 -0.01416181 0.0195 0.03112872 -0.01465781 0.0195 0.03211349 -0.01533754 0.0195 0.03157984 -0.01505746 0.0195 0.03269866 -0.01548177 0.0195 0.03388651 -0.01533754 0.0195 0.03330134 -0.01548177 0.0195 0.03521364 -0.01416181 0.0195 0.03442016 -0.01505746 0.0195 0.03487128 -0.01465781 0.0195 0.03157984 -0.01094254 0.0195 0.03211349 -0.01066246 0.0195 0.03112872 -0.01134219 0.0195 0.03078636 -0.01183819 0.0195 0.0355 -0.013 0.0195 0.03542735 -0.01359829 0.0195 0.03330134 -0.01051823 0.0195 0.03388651 -0.01066246 0.0195 0.03269866 -0.01051823 0.0195 0.03442016 -0.01094254 0.0195 0.03487128 -0.01134219 0.0195 0.03542735 -0.01240171 0.0195 0.03521364 -0.01183819 0.0195 0.03057265 -0.01240171 0.0195 0.0305 -0.013 0.0195 0.03057265 -0.01359829 0.0195 0.03078636 -0.01416181 0.0207 0.03542735 -0.03740171 0.0207 0.0355 -0.038 0.0195 0.0355 -0.038 0.0195 0.03542735 -0.03740171 0.0207 0.03521364 -0.03683819 0.0195 0.03542735 -0.03740171 0.0195 0.03521364 -0.03683819 0.0207 0.03542735 -0.03740171 0.0207 0.03487128 -0.03634219 0.0195 0.03521364 -0.03683819 0.0195 0.03487128 -0.03634219 0.0207 0.03521364 -0.03683819 0.0207 0.03442016 -0.03594254 0.0195 0.03487128 -0.03634219 0.0195 0.03442016 -0.03594254 0.0207 0.03487128 -0.03634219 0.0207 0.03388651 -0.03566246 0.0195 0.03442016 -0.03594254 0.0195 0.03388651 -0.03566246 0.0207 0.03442016 -0.03594254 0.0207 0.03330134 -0.03551823 0.0195 0.03388651 -0.03566246 0.0195 0.03330134 -0.03551823 0.0207 0.03330134 -0.03551823 0.0195 0.03330134 -0.03551823 0.0195 0.03269866 -0.03551823 0.0207 0.03388651 -0.03566246 0.0207 0.03269866 -0.03551823 0.0207 0.03211349 -0.03566246 0.0195 0.03269866 -0.03551823 0.0195 0.03211349 -0.03566246 0.0207 0.03211349 -0.03566246 0.0195 0.03211349 -0.03566246 0.0195 0.03157984 -0.03594254 0.0207 0.03269866 -0.03551823 0.0207 0.03157984 -0.03594254 0.0207 0.03112872 -0.03634219 0.0195 0.03157984 -0.03594254 0.0195 0.03112872 -0.03634219 0.0207 0.03112872 -0.03634219 0.0195 0.03112872 -0.03634219 0.0195 0.03078636 -0.03683819 0.0207 0.03157984 -0.03594254 0.0207 0.03078636 -0.03683819 0.0207 0.03057265 -0.03740171 0.0207 0.03078636 -0.03683819 0.0195 0.03078636 -0.03683819 0.0195 0.03057265 -0.03740171 0.0207 0.03057265 -0.03740171 0.0195 0.03057265 -0.03740171 0.0195 0.0305 -0.038 0.0207 0.0305 -0.038 0.0207 0.03057265 -0.03859829 0.0207 0.0305 -0.038 0.0195 0.0305 -0.038 0.0195 0.03057265 -0.03859829 0.0207 0.03078636 -0.03916181 0.0207 0.03057265 -0.03859829 0.0195 0.03057265 -0.03859829 0.0195 0.03078636 -0.03916181 0.0207 0.03078636 -0.03916181 0.0195 0.03078636 -0.03916181 0.0195 0.03112872 -0.03965781 0.0207 0.03112872 -0.03965781 0.0207 0.03157984 -0.04005746 0.0207 0.03112872 -0.03965781 0.0195 0.03112872 -0.03965781 0.0195 0.03157984 -0.04005746 0.0207 0.03211349 -0.04033754 0.0207 0.03157984 -0.04005746 0.0195 0.03157984 -0.04005746 0.0195 0.03211349 -0.04033754 0.0207 0.03211349 -0.04033754 0.0195 0.03211349 -0.04033754 0.0195 0.03269866 -0.04048177 0.0207 0.03269866 -0.04048177 0.0207 0.03330134 -0.04048177 0.0207 0.03269866 -0.04048177 0.0195 0.03269866 -0.04048177 0.0195 0.03330134 -0.04048177 0.0207 0.03388651 -0.04033754 0.0207 0.03330134 -0.04048177 0.0195 0.03330134 -0.04048177 0.0195 0.03388651 -0.04033754 0.0207 0.03388651 -0.04033754 0.0195 0.03388651 -0.04033754 0.0195 0.03442016 -0.04005746 0.0207 0.03442016 -0.04005746 0.0207 0.03487128 -0.03965781 0.0207 0.03442016 -0.04005746 0.0195 0.03442016 -0.04005746 0.0195 0.03487128 -0.03965781 0.0207 0.03521364 -0.03916181 0.0195 0.03487128 -0.03965781 0.0195 0.03521364 -0.03916181 0.0207 0.03521364 -0.03916181 0.0195 0.03521364 -0.03916181 0.0195 0.03542735 -0.03859829 0.0207 0.03487128 -0.03965781 0.0207 0.03542735 -0.03859829 0.0195 0.03542735 -0.03859829 0.0195 0.0355 -0.038 0.0207 0.03542735 -0.03859829 0.0207 0.0355 -0.038 0.0207 0.03269866 -0.04048177 0.0207 0.03112872 -0.03965781 0.0207 0.03157984 -0.04005746 0.0207 0.03211349 -0.04033754 0.0207 0.03057265 -0.03740171 0.0207 0.0305 -0.038 0.0207 0.03057265 -0.03859829 0.0207 0.03078636 -0.03916181 0.0207 0.03388651 -0.04033754 0.0207 0.03330134 -0.04048177 0.0207 0.03487128 -0.03965781 0.0207 0.03442016 -0.04005746 0.0207 0.03211349 -0.03566246 0.0207 0.03157984 -0.03594254 0.0207 0.03112872 -0.03634219 0.0207 0.03078636 -0.03683819 0.0207 0.0355 -0.038 0.0207 0.03521364 -0.03916181 0.0207 0.03542735 -0.03859829 0.0207 0.03388651 -0.03566246 0.0207 0.03330134 -0.03551823 0.0207 0.03269866 -0.03551823 0.0207 0.03487128 -0.03634219 0.0207 0.03542735 -0.03740171 0.0207 0.03521364 -0.03683819 0.0207 0.03442016 -0.03594254 0.0195 0.03112872 -0.03965781 0.0195 0.03269866 -0.04048177 0.0195 0.03157984 -0.04005746 0.0195 0.03211349 -0.04033754 0.0195 0.0305 -0.038 0.0195 0.03057265 -0.03740171 0.0195 0.03057265 -0.03859829 0.0195 0.03078636 -0.03916181 0.0195 0.03388651 -0.04033754 0.0195 0.03330134 -0.04048177 0.0195 0.03487128 -0.03965781 0.0195 0.03442016 -0.04005746 0.0195 0.03157984 -0.03594254 0.0195 0.03211349 -0.03566246 0.0195 0.03112872 -0.03634219 0.0195 0.03078636 -0.03683819 0.0195 0.03521364 -0.03916181 0.0195 0.0355 -0.038 0.0195 0.03542735 -0.03859829 0.0195 0.03330134 -0.03551823 0.0195 0.03388651 -0.03566246 0.0195 0.03269866 -0.03551823 0.0195 0.03487128 -0.03634219 0.0195 0.03542735 -0.03740171 0.0195 0.03521364 -0.03683819 0.0195 0.03442016 -0.03594254</float_array>
          <technique_common>
            <accessor count="468" source="#verts-array-array" stride="3">
              <param type="float" name="X"/>
              <param type="float" name="Y"/>
              <param type="float" name="Z"/>
            </accessor>
          </technique_common>
        </source>
        <source id="normals-array">
          <float_array count="1404" id="normals-array-array">0 0.9927089 0.1205365 0 0.9927089 0.1205365 0 0.9927089 0.1205365 0 0.9927089 0.1205365 0 0.9350151 0.3546078 0 0.9350151 0.3546078 0 0.9350151 0.3546078 0 0.9350151 0.3546078 0 0.822986 0.5680616 0 0.822986 0.5680616 0 0.822986 0.5680616 0 0.822986 0.5680616 0 0.6631216 0.7485117 0 0.6631216 0.7485117 0 0.6631216 0.7485117 0 0.6631216 0.7485117 0 0.4647222 0.8854565 0 0.4647222 0.8854565 0 0.4647222 0.8854565 0 0.4647222 0.8854565 0 0.2393126 0.9709426 0 0.2393126 0.9709426 0 0.2393126 0.9709426 0 0 1 0 0 1 0 0 1 0 0.2393126 0.9709426 0 0 1 0 -0.2393126 0.9709426 0 -0.2393126 0.9709426 0 -0.2393126 0.9709426 0 -0.4647222 0.8854565 0 -0.4647222 0.8854565 0 -0.4647222 0.8854565 0 -0.2393126 0.9709426 0 -0.4647222 0.8854565 0 -0.6631226 0.7485108 0 -0.6631226 0.7485108 0 -0.6631226 0.7485108 0 -0.8229851 0.568063 0 -0.8229851 0.568063 0 -0.8229851 0.568063 0 -0.6631226 0.7485108 0 -0.8229851 0.568063 0 -0.9350151 0.3546078 0 -0.9350151 0.3546078 0 -0.9350151 0.3546078 0 -0.9350151 0.3546078 0 -0.9927091 0.1205345 0 -0.9927091 0.1205345 0 -0.9927091 0.1205345 0 -0.9927091 0.1205345 0 -0.9927091 -0.120535 0 -0.9927091 -0.120535 0 -0.9927091 -0.120535 0 -0.9927091 -0.120535 0 -0.9350151 -0.3546078 0 -0.9350151 -0.3546078 0 -0.9350151 -0.3546078 0 -0.9350151 -0.3546078 0 -0.8229851 -0.568063 0 -0.8229851 -0.568063 0 -0.8229851 -0.568063 0 -0.8229851 -0.568063 0 -0.6631249 -0.7485088 0 -0.6631249 -0.7485088 0 -0.6631249 -0.7485088 0 -0.6631249 -0.7485088 0 -0.4647191 -0.8854582 0 -0.4647191 -0.8854582 0 -0.4647191 -0.8854582 0 -0.4647191 -0.8854582 0 -0.2393126 -0.9709426 0 -0.2393126 -0.9709426 0 -0.2393126 -0.9709426 0 -0.2393126 -0.9709426 0 0 -1 0 0 -1 0 0 -1 0 0 -1 0 0.2393126 -0.9709426 0 0.2393126 -0.9709426 0 0.2393126 -0.9709426 0 0.2393126 -0.9709426 0 0.4647191 -0.8854582 0 0.4647191 -0.8854582 0 0.4647191 -0.8854582 0 0.4647191 -0.8854582 0 0.6631239 -0.7485097 0 0.6631239 -0.7485097 0 0.6631239 -0.7485097 0 0.6631239 -0.7485097 0 0.822986 -0.5680616 0 0.822986 -0.5680616 0 0.822986 -0.5680616 0 0.9350151 -0.3546078 0 0.9350151 -0.3546078 0 0.9350151 -0.3546078 0 0.822986 -0.5680616 0 0.9927088 -0.120537 0 0.9927088 -0.120537 0 0.9927088 -0.120537 0 0.9350151 -0.3546078 0 0.9927088 -0.120537 1 0 0 1 0 0 1 0 0 1 0 0 1 0 0 1 0 0 1 0 0 1 0 0 1 0 0 1 0 0 1 0 0 1 0 0 1 0 0 1 0 0 1 0 0 1 0 0 1 0 0 1 0 0 1 0 0 1 0 0 1 0 0 1 0 0 1 0 0 1 0 0 1 0 0 1 0 0 -1 0 0 -1 0 0 -1 0 0 -1 0 0 -1 0 0 -1 0 0 -1 0 0 -1 0 0 -1 0 0 -1 0 0 -1 0 0 -1 0 0 -1 0 0 -1 0 0 -1 0 0 -1 0 0 -1 0 0 -1 0 0 -1 0 0 -1 0 0 -1 0 0 -1 0 0 -1 0 0 -1 0 0 -1 0 0 -1 0 0 0 0.9927079 0.1205449 0 0.9927079 0.1205449 0 0.9927079 0.1205449 0 0.9927079 0.1205449 0 0.9350197 0.3545959 0 0.9350197 0.3545959 0 0.9350197 0.3545959 0 0.9350197 0.3545959 0 0.8229858 0.568062 0 0.8229858 0.568062 0 0.8229858 0.568062 0 0.8229858 0.568062 0 0.6631146 0.7485179 0 0.6631146 0.7485179 0 0.6631146 0.7485179 0 0.6631146 0.7485179 0 0.4647237 0.8854558 0 0.4647237 0.8854558 0 0.4647237 0.8854558 0 0.4647237 0.8854558 0 0.2393128 0.9709425 0 0.2393128 0.9709425 0 0.2393128 0.9709425 0 0 1 0 0 1 0 0 1 0 0.2393128 0.9709425 0 0 1 0 -0.2393128 0.9709425 0 -0.2393128 0.9709425 0 -0.2393128 0.9709425 0 -0.4647237 0.8854558 0 -0.4647237 0.8854558 0 -0.4647237 0.8854558 0 -0.2393128 0.9709425 0 -0.4647237 0.8854558 0 -0.6631146 0.7485179 0 -0.6631146 0.7485179 0 -0.6631146 0.7485179 0 -0.8229872 0.5680599 0 -0.8229872 0.5680599 0 -0.8229872 0.5680599 0 -0.6631146 0.7485179 0 -0.8229872 0.5680599 0 -0.9350186 0.3545986 0 -0.9350186 0.3545986 0 -0.9350186 0.3545986 0 -0.9350186 0.3545986 0 -0.9927082 0.1205419 0 -0.9927082 0.1205419 0 -0.9927082 0.1205419 0 -0.9927082 0.1205419 0 -0.9927082 -0.1205419 0 -0.9927082 -0.1205419 0 -0.9927082 -0.1205419 0 -0.9927082 -0.1205419 0 -0.9350186 -0.3545986 0 -0.9350186 -0.3545986 0 -0.9350186 -0.3545986 0 -0.9350186 -0.3545986 0 -0.8229872 -0.5680599 0 -0.8229872 -0.5680599 0 -0.8229872 -0.5680599 0 -0.8229872 -0.5680599 0 -0.6631146 -0.7485179 0 -0.6631146 -0.7485179 0 -0.6631146 -0.7485179 0 -0.6631146 -0.7485179 0 -0.4647224 -0.8854564 0 -0.4647224 -0.8854564 0 -0.4647224 -0.8854564 0 -0.4647224 -0.8854564 0 -0.2393128 -0.9709425 0 -0.2393128 -0.9709425 0 -0.2393128 -0.9709425 0 -0.2393128 -0.9709425 0 0 -1 0 0 -1 0 0 -1 0 0 -1 0 0.2393128 -0.9709425 0 0.2393128 -0.9709425 0 0.2393128 -0.9709425 0 0.2393128 -0.9709425 0 0.4647224 -0.8854564 0 0.4647224 -0.8854564 0 0.4647224 -0.8854564 0 0.4647224 -0.8854564 0 0.6631146 -0.7485179 0 0.6631146 -0.7485179 0 0.6631146 -0.7485179 0 0.6631146 -0.7485179 0 0.8229858 -0.568062 0 0.8229858 -0.568062 0 0.8229858 -0.568062 0 0.9350197 -0.3545959 0 0.9350197 -0.3545959 0 0.9350197 -0.3545959 0 0.8229858 -0.568062 0 0.9927079 -0.1205449 0 0.9927079 -0.1205449 0 0.9927079 -0.1205449 0 0.9350197 -0.3545959 0 0.9927079 -0.1205449 1 0 0 1 0 0 1 0 0 1 0 0 1 0 0 1 0 0 1 0 0 1 0 0 1 0 0 1 0 0 1 0 0 1 0 0 1 0 0 1 0 0 1 0 0 1 0 0 1 0 0 1 0 0 1 0 0 1 0 0 1 0 0 1 0 0 1 0 0 1 0 0 1 0 0 1 0 0 -1 0 0 -1 0 0 -1 0 0 -1 0 0 -1 0 0 -1 0 0 -1 0 0 -1 0 0 -1 0 0 -1 0 0 -1 0 0 -1 0 0 -1 0 0 -1 0 0 -1 0 0 -1 0 0 -1 0 0 -1 0 0 -1 0 0 -1 0 0 -1 0 0 -1 0 0 -1 0 0 -1 0 0 -1 0 0 -1 0 0 0 0.9927078 0.1205451 0 0.9927078 0.1205451 0 0.9927078 0.1205451 0 0.9927078 0.1205451 0 0.9350199 0.3545954 0 0.9350199 0.3545954 0 0.9350199 0.3545954 0 0.9350199 0.3545954 0 0.8229858 0.568062 0 0.8229858 0.568062 0 0.8229858 0.568062 0 0.8229858 0.568062 0 0.6631137 0.7485187 0 0.6631137 0.7485187 0 0.6631137 0.7485187 0 0.6631137 0.7485187 0 0.4647212 0.885457 0 0.4647212 0.885457 0 0.4647212 0.885457 0 0.4647212 0.885457 0 0.2393157 0.9709418 0 0.2393157 0.9709418 0 0.2393157 0.9709418 0 0 1 0 0 1 0 0 1 0 0.2393157 0.9709418 0 0 1 0 -0.2393157 0.9709418 0 -0.2393157 0.9709418 0 -0.2393157 0.9709418 0 -0.4647212 0.885457 0 -0.4647212 0.885457 0 -0.4647212 0.885457 0 -0.2393157 0.9709418 0 -0.4647212 0.885457 0 -0.6631137 0.7485187 0 -0.6631137 0.7485187 0 -0.6631137 0.7485187 0 -0.8229872 0.5680599 0 -0.8229872 0.5680599 0 -0.8229872 0.5680599 0 -0.6631137 0.7485187 0 -0.8229872 0.5680599 0 -0.9350188 0.3545981 0 -0.9350188 0.3545981 0 -0.9350188 0.3545981 0 -0.9350188 0.3545981 0 -0.9927082 0.1205421 0 -0.9927082 0.1205421 0 -0.9927082 0.1205421 0 -0.9927082 0.1205421 0 -0.9927083 -0.1205413 0 -0.9927083 -0.1205413 0 -0.9927083 -0.1205413 0 -0.9927083 -0.1205413 0 -0.9350181 -0.3546001 0 -0.9350181 -0.3546001 0 -0.9350181 -0.3546001 0 -0.9350181 -0.3546001 0 -0.8229872 -0.5680599 0 -0.8229872 -0.5680599 0 -0.8229872 -0.5680599 0 -0.8229872 -0.5680599 0 -0.6631172 -0.7485156 0 -0.6631172 -0.7485156 0 -0.6631172 -0.7485156 0 -0.6631172 -0.7485156 0 -0.4647212 -0.885457 0 -0.4647212 -0.885457 0 -0.4647212 -0.885457 0 -0.4647212 -0.885457 0 -0.2393099 -0.9709432 0 -0.2393099 -0.9709432 0 -0.2393099 -0.9709432 0 -0.2393099 -0.9709432 0 0 -1 0 0 -1 0 0 -1 0 0 -1 0 0.2393099 -0.9709432 0 0.2393099 -0.9709432 0 0.2393099 -0.9709432 0 0.2393099 -0.9709432 0 0.4647212 -0.885457 0 0.4647212 -0.885457 0 0.4647212 -0.885457 0 0.4647212 -0.885457 0 0.6631172 -0.7485156 0 0.6631172 -0.7485156 0 0.6631172 -0.7485156 0 0.6631172 -0.7485156 0 0.8229858 -0.568062 0 0.8229858 -0.568062 0 0.8229858 -0.568062 0 0.9350191 -0.3545974 0 0.9350191 -0.3545974 0 0.9350191 -0.3545974 0 0.8229858 -0.568062 0 0.9927079 -0.1205444 0 0.9927079 -0.1205444 0 0.9927079 -0.1205444 0 0.9350191 -0.3545974 0 0.9927079 -0.1205444 1 0 0 1 0 0 1 0 0 1 0 0 1 0 0 1 0 0 1 0 0 1 0 0 1 0 0 1 0 0 1 0 0 1 0 0 1 0 0 1 0 0 1 0 0 1 0 0 1 0 0 1 0 0 1 0 0 1 0 0 1 0 0 1 0 0 1 0 0 1 0 0 1 0 0 1 0 0 -1 0 0 -1 0 0 -1 0 0 -1 0 0 -1 0 0 -1 0 0 -1 0 0 -1 0 0 -1 0 0 -1 0 0 -1 0 0 -1 0 0 -1 0 0 -1 0 0 -1 0 0 -1 0 0 -1 0 0 -1 0 0 -1 0 0 -1 0 0 -1 0 0 -1 0 0 -1 0 0 -1 0 0 -1 0 0 -1 0 0</float_array>
          <technique_common>
            <accessor count="468" source="#normals-array-array" stride="3">
              <param type="float" name="X"/>
              <param type="float" name="Y"/>
              <param type="float" name="Z"/>
            </accessor>
          </technique_common>
        </source>
        <vertices id="verts-array-vertices">
          <input semantic="POSITION" source="#verts-array"/>
        </vertices>
        <triangles count="300" material="material3">
          <input offset="0" semantic="VERTEX" source="#verts-array-vertices"/>
          <input offset="1" semantic="NORMAL" source="#normals-array"/>
          <p>0 0 1 1 2 2 0 0 2 2 3 3 4 4 5 5 6 6 4 4 7 7 5 5 8 8 9 9 10 10 8 8 11 11 9 9 12 12 13 13 14 14 12 12 15 15 13 13 16 16 17 17 18 18 16 16 19 19 17 17 20 20 21 21 22 22 23 23 24 24 25 25 20 20 26 26 21 21 27 27 23 23 25 25 28 28 29 29 30 30 31 31 32 32 33 33 28 28 34 34 29 29 35 35 31 31 33 33 36 36 37 37 38 38 39 39 40 40 41 41 36 36 42 42 37 37 43 43 39 39 41 41 44 44 45 45 46 46 44 44 46 46 47 47 48 48 49 49 50 50 51 51 48 48 50 50 52 52 53 53 54 54 52 52 54 54 55 55 56 56 57 57 58 58 56 56 58 58 59 59 60 60 61 61 62 62 63 63 60 60 62 62 64 64 65 65 66 66 64 64 66 66 67 67 68 68 69 69 70 70 68 68 70 70 71 71 72 72 73 73 74 74 75 75 72 72 74 74 76 76 77 77 78 78 76 76 78 78 79 79 80 80 81 81 82 82 80 80 82 82 83 83 84 84 85 85 86 86 87 87 84 84 86 86 88 88 89 89 90 90 88 88 90 90 91 91 92 92 93 93 94 94 95 95 96 96 97 97 92 92 98 98 93 93 99 99 100 100 101 101 102 102 95 95 97 97 103 103 99 99 101 101 104 104 105 105 106 106 107 107 106 106 108 108 107 107 108 108 109 109 107 107 109 109 110 110 111 111 107 107 112 112 111 111 112 112 113 113 114 114 107 107 111 111 115 115 106 106 107 107 115 115 107 107 114 114 116 116 117 117 118 118 116 116 118 118 119 119 116 116 119 119 120 120 116 116 120 120 121 121 122 122 123 123 124 124 122 122 124 124 125 125 122 122 126 126 127 127 122 122 127 127 116 116 122 122 121 121 128 128 122 122 128 128 129 129 122 122 129 129 104 104 122 122 115 115 123 123 122 122 104 104 106 106 122 122 116 116 121 121 122 122 106 106 115 115 130 130 131 131 132 132 132 132 133 133 134 134 134 134 133 133 135 135 135 135 133 133 136 136 133 133 137 137 138 138 138 138 137 137 139 139 133 133 140 140 137 137 132 132 141 141 133 133 133 133 141 141 140 140 142 142 143 143 144 144 144 144 143 143 145 145 145 145 143 143 146 146 146 146 143 143 147 147 148 148 149 149 150 150 150 150 149 149 151 151 152 152 149 149 153 153 153 153 149 149 143 143 147 147 149 149 154 154 154 154 149 149 155 155 155 155 149 149 131 131 141 141 149 149 148 148 131 131 149 149 132 132 143 143 149 149 147 147 132 132 149 149 141 141 156 156 157 157 158 158 156 156 158 158 159 159 160 160 161 161 162 162 160 160 163 163 161 161 164 164 165 165 166 166 164 164 167 167 165 165 168 168 169 169 170 170 168 168 171 171 169 169 172 172 173 173 174 174 172 172 175 175 173 173 176 176 177 177 178 178 179 179 180 180 181 181 176 176 182 182 177 177 183 183 179 179 181 181 184 184 185 185 186 186 187 187 188 188 189 189 184 184 190 190 185 185 191 191 187 187 189 189 192 192 193 193 194 194 195 195 196 196 197 197 192 192 198 198 193 193 199 199 195 195 197 197 200 200 201 201 202 202 200 200 202 202 203 203 204 204 205 205 206 206 207 207 204 204 206 206 208 208 209 209 210 210 208 208 210 210 211 211 212 212 213 213 214 214 212 212 214 214 215 215 216 216 217 217 218 218 219 219 216 216 218 218 220 220 221 221 222 222 220 220 222 222 223 223 224 224 225 225 226 226 224 224 226 226 227 227 228 228 229 229 230 230 231 231 228 228 230 230 232 232 233 233 234 234 232 232 234 234 235 235 236 236 237 237 238 238 236 236 238 238 239 239 240 240 241 241 242 242 243 243 240 240 242 242 244 244 245 245 246 246 244 244 246 246 247 247 248 248 249 249 250 250 251 251 252 252 253 253 248 248 254 254 249 249 255 255 256 256 257 257 258 258 251 251 253 253 259 259 255 255 257 257 260 260 261 261 262 262 263 263 264 264 265 265 266 266 263 263 267 267 266 266 267 267 268 268 266 266 264 264 263 263 269 269 270 270 271 271 269 269 271 271 272 272 273 273 266 266 274 274 275 275 276 276 277 277 278 278 277 277 269 269 278 278 275 275 277 277 279 279 273 273 280 280 279 279 280 280 281 281 279 279 272 272 282 282 279 279 282 282 283 283 279 279 283 283 284 284 279 279 284 284 285 285 279 279 285 285 261 261 279 279 260 260 264 264 279 279 261 261 260 260 279 279 266 266 273 273 279 279 264 264 266 266 279 279 269 269 272 272 279 279 278 278 269 269 286 286 287 287 288 288 289 289 290 290 291 291 290 290 292 292 293 293 293 293 292 292 294 294 289 289 292 292 290 290 295 295 296 296 297 297 297 297 296 296 298 298 292 292 299 299 300 300 301 301 302 302 303 303 303 303 304 304 296 296 302 302 304 304 303 303 299 299 305 305 306 306 306 306 305 305 307 307 298 298 305 305 308 308 308 308 305 305 309 309 309 309 305 305 310 310 310 310 305 305 311 311 311 311 305 305 286 286 287 287 305 305 289 289 286 286 305 305 287 287 292 292 305 305 299 299 289 289 305 305 292 292 296 296 305 305 298 298 304 304 305 305 296 296 312 312 313 313 314 314 312 312 314 314 315 315 316 316 317 317 318 318 316 316 319 319 317 317 320 320 321 321 322 322 320 320 323 323 321 321 324 324 325 325 326 326 324 324 327 327 325 325 328 328 329 329 330 330 328 328 331 331 329 329 332 332 333 333 334 334 335 335 336 336 337 337 332 332 338 338 333 333 339 339 335 335 337 337 340 340 341 341 342 342 343 343 344 344 345 345 340 340 346 346 341 341 347 347 343 343 345 345 348 348 349 349 350 350 351 351 352 352 353 353 348 348 354 354 349 349 355 355 351 351 353 353 356 356 357 357 358 358 356 356 358 358 359 359 360 360 361 361 362 362 363 363 360 360 362 362 364 364 365 365 366 366 364 364 366 366 367 367 368 368 369 369 370 370 368 368 370 370 371 371 372 372 373 373 374 374 375 375 372 372 374 374 376 376 377 377 378 378 376 376 378 378 379 379 380 380 381 381 382 382 380 380 382 382 383 383 384 384 385 385 386 386 387 387 384 384 386 386 388 388 389 389 390 390 388 388 390 390 391 391 392 392 393 393 394 394 392 392 394 394 395 395 396 396 397 397 398 398 399 399 396 396 398 398 400 400 401 401 402 402 400 400 402 402 403 403 404 404 405 405 406 406 407 407 408 408 409 409 404 404 410 410 405 405 411 411 412 412 413 413 414 414 407 407 409 409 415 415 411 411 413 413 416 416 417 417 418 418 416 416 418 418 419 419 420 420 421 421 422 422 420 420 422 422 423 423 424 424 416 416 425 425 426 426 424 424 427 427 428 428 429 429 430 430 428 428 430 430 431 431 432 432 433 433 434 434 435 435 436 436 437 437 435 435 437 437 428 428 435 435 431 431 420 420 435 435 423 423 417 417 435 435 417 417 416 416 435 435 420 420 423 423 435 435 428 428 431 431 438 438 432 432 439 439 438 438 439 439 440 440 438 438 441 441 435 435 438 438 426 426 433 433 438 438 416 416 424 424 438 438 424 424 426 426 438 438 433 433 432 432 438 438 435 435 416 416 442 442 443 443 444 444 444 444 443 443 445 445 446 446 447 447 448 448 448 448 447 447 449 449 443 443 450 450 451 451 450 450 452 452 453 453 454 454 455 455 456 456 456 456 455 455 457 457 458 458 459 459 460 460 461 461 462 462 463 463 463 463 462 462 455 455 457 457 462 462 447 447 449 449 462 462 442 442 442 442 462 462 443 443 447 447 462 462 449 449 455 455 462 462 457 457 459 459 464 464 465 465 465 465 464 464 466 466 467 467 464 464 462 462 452 452 464 464 458 458 443 443 464 464 450 450 450 450 464 464 452 452 458 458 464 464 459 459 462 462 464 464 443 443</p>
        </triangles>
      </mesh>
    </geometry>
    <geometry id="36694b0383be48458a0709a282b4760c" name="3d24022e6ce94ac3b14f1426b63318d2">
      <mesh>
        <source id="verts-array">
          <float_array count="6444" id="verts-array-array">-0.038 0.001760425 -0.01835814 -0.038 0.003023547 0.01723911 -0.038 0.003023547 -0.01723911 -0.038 0.001760425 0.01835814 -0.038 0.0008018078 -0.01974694 -0.038 0.0008018078 0.01974694 -0.038 0.004517766 0.01645488 -0.038 0.004517766 -0.01645488 -0.038 0.006156243 0.01605104 -0.038 0.006156243 -0.01605104 -0.038 0.007843757 0.01605104 -0.038 0.007843757 -0.01605104 -0.038 0.009482234 0.01645488 -0.038 0.009482234 -0.01645488 -0.038 0.01097645 0.01723911 -0.038 0.01097645 -0.01723911 -0.038 0.01223958 -0.01835814 -0.038 0.01223958 0.01835814 -0.038 0.01319819 -0.01974694 -0.038 0.01319819 0.01974694 -0.038 0 -0.023 -0.038 0 0.023 -0.038 0.0002034073 0.02132479 -0.038 0.0002034073 -0.02132479 -0.038 0.014 0.023 -0.038 0.014 -0.023 -0.038 0.01379659 -0.02132479 -0.038 0.01379659 0.02132479 0.024 0.014 -0.023 -0.038 0.014 -0.023 -0.038 0.014 0.023 0.024 0.014 0.023 -0.038 0 -0.023 0.024 0 -0.023 -0.038 0 0.023 0.024 0 0.023 -0.038 0.003023547 0.02876089 -0.038 0.004517766 0.02954512 -0.038 0.001760425 0.02764186 -0.038 0.0008018078 0.02625306 -0.038 0.007843757 0.02994896 -0.038 0.009482234 0.02954512 -0.038 0.006156243 0.02994896 -0.038 0.01223958 0.02764186 -0.038 0.01379659 0.02467521 -0.038 0.01319819 0.02625306 -0.038 0.01097645 0.02876089 -0.038 0.0002034073 0.02467521 0.024 0 -0.023 -0.038 0 -0.023 -0.038 0.0002034073 -0.02467521 0.024 0.0002034073 -0.02467521 -0.038 0.0002034073 -0.02467521 -0.038 0.0008018078 -0.02625306 0.024 0.0002034073 -0.02467521 0.024 0.0008018078 -0.02625306 -0.038 0.0008018078 -0.02625306 -0.038 0.001760425 -0.02764186 0.024 0.0008018078 -0.02625306 0.024 0.001760425 -0.02764186 0.024 0.003023547 -0.02876089 -0.038 0.001760425 -0.02764186 -0.038 0.003023547 -0.02876089 0.024 0.003023547 -0.02876089 -0.038 0.003023547 -0.02876089 -0.038 0.004517766 -0.02954512 0.024 0.001760425 -0.02764186 0.024 0.004517766 -0.02954512 0.024 0.006156243 -0.02994896 -0.038 0.004517766 -0.02954512 -0.038 0.006156243 -0.02994896 0.024 0.004517766 -0.02954512 0.024 0.007843757 -0.02994896 -0.038 0.006156243 -0.02994896 -0.038 0.007843757 -0.02994896 0.024 0.006156243 -0.02994896 0.024 0.009482234 -0.02954512 -0.038 0.007843757 -0.02994896 -0.038 0.009482234 -0.02954512 0.024 0.009482234 -0.02954512 -0.038 0.009482234 -0.02954512 -0.038 0.01097645 -0.02876089 0.024 0.007843757 -0.02994896 0.024 0.01097645 -0.02876089 -0.038 0.01097645 -0.02876089 -0.038 0.01223958 -0.02764186 0.024 0.01097645 -0.02876089 0.024 0.01223958 -0.02764186 0.024 0.01319819 -0.02625306 -0.038 0.01223958 -0.02764186 -0.038 0.01319819 -0.02625306 0.024 0.01319819 -0.02625306 -0.038 0.01319819 -0.02625306 -0.038 0.01379659 -0.02467521 0.024 0.01223958 -0.02764186 0.024 0.01379659 -0.02467521 0.024 0.014 -0.023 -0.038 0.01379659 -0.02467521 -0.038 0.014 -0.023 0.024 0.01379659 -0.02467521 0.024 0.003023547 0.01723911 0.024 0.001760425 -0.01835814 0.024 0.003023547 -0.01723911 0.024 0.001760425 0.01835814 0.024 0.0008018078 0.01974694 0.024 0.0008018078 -0.01974694 0.024 0.004517766 0.01645488 0.024 0.004517766 -0.01645488 0.024 0.006156243 0.01605104 0.024 0.006156243 -0.01605104 0.024 0.007843757 0.01605104 0.024 0.007843757 -0.01605104 0.024 0.009482234 0.01645488 0.024 0.009482234 -0.01645488 0.024 0.01097645 0.01723911 0.024 0.01097645 -0.01723911 0.024 0.01223958 0.01835814 0.024 0.01223958 -0.01835814 0.024 0.01319819 -0.01974694 0.024 0.01319819 0.01974694 0.024 0 0.023 0.024 0 -0.023 0.024 0.0002034073 0.02132479 0.024 0.0002034073 -0.02132479 0.024 0.014 -0.023 0.024 0.014 0.023 0.024 0.01379659 -0.02132479 0.024 0.01379659 0.02132479 0.024 0.01379659 0.02467521 0.024 0.014 0.023 -0.038 0.014 0.023 -0.038 0.01379659 0.02467521 0.024 0.01319819 0.02625306 -0.038 0.01379659 0.02467521 -0.038 0.01319819 0.02625306 0.024 0.01379659 0.02467521 0.024 0.01223958 0.02764186 -0.038 0.01319819 0.02625306 -0.038 0.01223958 0.02764186 0.024 0.01223958 0.02764186 -0.038 0.01223958 0.02764186 -0.038 0.01097645 0.02876089 0.024 0.01319819 0.02625306 0.024 0.01097645 0.02876089 0.024 0.009482234 0.02954512 -0.038 0.01097645 0.02876089 -0.038 0.009482234 0.02954512 0.024 0.01097645 0.02876089 0.024 0.007843757 0.02994896 -0.038 0.009482234 0.02954512 -0.038 0.007843757 0.02994896 0.024 0.007843757 0.02994896 -0.038 0.007843757 0.02994896 -0.038 0.006156243 0.02994896 0.024 0.009482234 0.02954512 0.024 0.006156243 0.02994896 -0.038 0.006156243 0.02994896 -0.038 0.004517766 0.02954512 0.024 0.006156243 0.02994896 0.024 0.004517766 0.02954512 0.024 0.003023547 0.02876089 -0.038 0.004517766 0.02954512 -0.038 0.003023547 0.02876089 0.024 0.003023547 0.02876089 -0.038 0.003023547 0.02876089 -0.038 0.001760425 0.02764186 0.024 0.004517766 0.02954512 0.024 0.001760425 0.02764186 -0.038 0.001760425 0.02764186 -0.038 0.0008018078 0.02625306 0.024 0.001760425 0.02764186 0.024 0.0008018078 0.02625306 0.024 0.0002034073 0.02467521 -0.038 0.0008018078 0.02625306 -0.038 0.0002034073 0.02467521 0.024 0.0008018078 0.02625306 0.024 0 0.023 -0.038 0.0002034073 0.02467521 -0.038 0 0.023 0.024 0.0002034073 0.02467521 -0.038 0.0008018078 -0.02625306 -0.038 0.0002034073 -0.02467521 -0.038 0.001760425 -0.02764186 -0.038 0.003023547 -0.02876089 -0.038 0.006156243 -0.02994896 -0.038 0.004517766 -0.02954512 -0.038 0.007843757 -0.02994896 -0.038 0.01319819 -0.02625306 -0.038 0.009482234 -0.02954512 -0.038 0.01097645 -0.02876089 -0.038 0.01223958 -0.02764186 -0.038 0.01379659 -0.02467521 0.024 0.0002034073 -0.02467521 0.024 0.0008018078 -0.02625306 0.024 0.001760425 -0.02764186 0.024 0.006156243 -0.02994896 0.024 0.003023547 -0.02876089 0.024 0.004517766 -0.02954512 0.024 0.007843757 -0.02994896 0.024 0.01319819 -0.02625306 0.024 0.009482234 -0.02954512 0.024 0.01097645 -0.02876089 0.024 0.01223958 -0.02764186 0.024 0.01379659 -0.02467521 0.024 0.004517766 0.02954512 0.024 0.003023547 0.02876089 0.024 0.001760425 0.02764186 0.024 0.0008018078 0.02625306 0.024 0.009482234 0.02954512 0.024 0.007843757 0.02994896 0.024 0.006156243 0.02994896 0.024 0.01223958 0.02764186 0.024 0.01379659 0.02467521 0.024 0.01319819 0.02625306 0.024 0.01097645 0.02876089 0.024 0.0002034073 0.02467521 0.0123376 0.0188983 -0.019 0.0115 0.019 -0.019 0.0115 0.019 0.019 0.0123376 0.0188983 0.019 0.01312653 0.0185991 -0.019 0.0123376 0.0188983 0.019 0.01312653 0.0185991 0.019 0.0123376 0.0188983 -0.019 0.01382093 0.01811979 -0.019 0.01312653 0.0185991 0.019 0.01382093 0.01811979 0.019 0.01382093 0.01811979 -0.019 0.01382093 0.01811979 0.019 0.01438044 0.01748823 0.019 0.01312653 0.0185991 -0.019 0.01438044 0.01748823 -0.019 0.01477256 0.01674112 -0.019 0.01438044 0.01748823 0.019 0.01477256 0.01674112 0.019 0.01438044 0.01748823 -0.019 0.01497448 0.01592188 -0.019 0.01477256 0.01674112 0.019 0.01497448 0.01592188 0.019 0.01477256 0.01674112 -0.019 0.01497448 0.01507812 -0.019 0.01497448 0.01592188 0.019 0.01497448 0.01507812 0.019 0.01497448 0.01507812 -0.019 0.01497448 0.01507812 0.019 0.01477256 0.01425888 0.019 0.01497448 0.01592188 -0.019 0.01477256 0.01425888 -0.019 0.01438044 0.01351177 -0.019 0.01477256 0.01425888 0.019 0.01438044 0.01351177 0.019 0.01477256 0.01425888 -0.019 0.01382093 0.01288021 -0.019 0.01438044 0.01351177 0.019 0.01382093 0.01288021 0.019 0.01438044 0.01351177 -0.019 0.01312653 0.0124009 -0.019 0.01382093 0.01288021 0.019 0.01312653 0.0124009 0.019 0.01382093 0.01288021 -0.019 0.0123376 0.0121017 -0.019 0.01312653 0.0124009 -0.019 0.01312653 0.0124009 0.019 0.0123376 0.0121017 0.019 0.0115 0.012 -0.019 0.0123376 0.0121017 -0.019 0.0123376 0.0121017 0.019 0.0115 0.012 0.019 0.0106624 0.0121017 -0.019 0.0115 0.012 -0.019 0.0115 0.012 0.019 0.0106624 0.0121017 0.019 0.0106624 0.0121017 -0.019 0.0106624 0.0121017 0.019 0.009873469 0.0124009 0.019 0.009873469 0.0124009 -0.019 0.009179071 0.01288021 -0.019 0.009873469 0.0124009 -0.019 0.009873469 0.0124009 0.019 0.009179071 0.01288021 0.019 0.009179071 0.01288021 -0.019 0.009179071 0.01288021 0.019 0.008619556 0.01351177 0.019 0.008619556 0.01351177 -0.019 0.008227442 0.01425888 -0.019 0.008619556 0.01351177 -0.019 0.008619556 0.01351177 0.019 0.008227442 0.01425888 0.019 0.008227442 0.01425888 -0.019 0.008227442 0.01425888 0.019 0.00802552 0.01507812 0.019 0.00802552 0.01507812 -0.019 0.00802552 0.01592188 -0.019 0.00802552 0.01507812 -0.019 0.00802552 0.01507812 0.019 0.00802552 0.01592188 0.019 0.008227442 0.01674112 -0.019 0.00802552 0.01592188 -0.019 0.00802552 0.01592188 0.019 0.008227442 0.01674112 0.019 0.008227442 0.01674112 -0.019 0.008227442 0.01674112 0.019 0.008619556 0.01748823 0.019 0.008619556 0.01748823 -0.019 0.008619556 0.01748823 -0.019 0.008619556 0.01748823 0.019 0.009179071 0.01811979 0.019 0.009179071 0.01811979 -0.019 0.009873469 0.0185991 -0.019 0.009179071 0.01811979 0.019 0.009873469 0.0185991 0.019 0.009873469 0.0185991 -0.019 0.009873469 0.0185991 0.019 0.0106624 0.0188983 0.019 0.009179071 0.01811979 -0.019 0.0106624 0.0188983 -0.019 0.0115 0.019 -0.019 0.0106624 0.0188983 0.019 0.0115 0.019 0.019 0.0106624 0.0188983 -0.019 0.00802552 0.01592188 -0.019 0.009179071 0.01288021 -0.019 0.008619556 0.01351177 -0.019 0.008227442 0.01425888 -0.019 0.00802552 0.01507812 -0.019 0.01312653 0.0124009 -0.019 0.0123376 0.0121017 -0.019 0.0115 0.012 -0.019 0.0106624 0.0121017 -0.019 0.009873469 0.0124009 -0.019 0.008619556 0.01748823 -0.019 0.008227442 0.01674112 -0.019 0.01477256 0.01425888 -0.019 0.01438044 0.01351177 -0.019 0.01382093 0.01288021 -0.019 0.0106624 0.0188983 -0.019 0.009179071 0.01811979 -0.019 0.009873469 0.0185991 -0.019 0.01438044 0.01748823 -0.019 0.01477256 0.01674112 -0.019 0.01497448 0.01592188 -0.019 0.01497448 0.01507812 -0.019 0.01382093 0.01811979 -0.019 0.0115 0.019 -0.019 0.0123376 0.0188983 -0.019 0.01312653 0.0185991 -0.019 0.009179071 0.01288021 0.019 0.00802552 0.01592188 0.019 0.008619556 0.01351177 0.019 0.008227442 0.01425888 0.019 0.00802552 0.01507812 0.019 0.0123376 0.0121017 0.019 0.01312653 0.0124009 0.019 0.0115 0.012 0.019 0.0106624 0.0121017 0.019 0.009873469 0.0124009 0.019 0.008619556 0.01748823 0.019 0.008227442 0.01674112 0.019 0.01438044 0.01351177 0.019 0.01477256 0.01425888 0.019 0.01382093 0.01288021 0.019 0.0106624 0.0188983 0.019 0.009179071 0.01811979 0.019 0.009873469 0.0185991 0.019 0.01477256 0.01674112 0.019 0.01438044 0.01748823 0.019 0.01497448 0.01592188 0.019 0.01497448 0.01507812 0.019 0.0115 0.019 0.019 0.01382093 0.01811979 0.019 0.0123376 0.0188983 0.019 0.01312653 0.0185991 0.019 -0.017 0.02189808 -0.0567216 -0.017 0.024695 0.05424375 -0.017 0.024695 -0.05424375 -0.017 0.02189808 0.0567216 -0.017 0.01977543 -0.05979679 -0.017 0.01977543 0.05979679 -0.017 0.02800362 0.05250725 -0.017 0.02800362 -0.05250725 -0.017 0.03163168 0.05161301 -0.017 0.03163168 -0.05161301 -0.017 0.03536832 0.05161301 -0.017 0.03536832 -0.05161301 -0.017 0.03899638 0.05250725 -0.017 0.03899638 -0.05250725 -0.017 0.042305 0.05424375 -0.017 0.042305 -0.05424375 -0.017 0.04510192 0.0567216 -0.017 0.04510192 -0.0567216 -0.017 0.04722457 0.05979679 -0.017 0.04722457 -0.05979679 -0.017 0.018 -0.067 -0.017 0.018 0.067 -0.017 0.0184504 0.06329061 -0.017 0.0184504 -0.06329061 -0.017 0.049 0.067 -0.017 0.049 -0.067 -0.017 0.0485496 -0.06329061 -0.017 0.0485496 0.06329061 0.023 0.049 -0.067 -0.017 0.049 -0.067 -0.017 0.049 0.067 0.023 0.049 0.067 -0.017 0.018 -0.067 0.023 0.018 -0.067 -0.017 0.018 0.067 0.023 0.018 0.067 -0.017 0.02189808 0.07727841 -0.017 0.024695 0.07975625 -0.017 0.01977543 0.07420321 -0.017 0.02800362 0.08149275 -0.017 0.03163168 0.08238699 -0.017 0.0184504 0.0707094 -0.017 0.03536832 0.08238699 -0.017 0.03899638 0.08149275 -0.017 0.042305 0.07975625 -0.017 0.04510192 0.07727841 -0.017 0.0485496 0.0707094 -0.017 0.04722457 0.07420321 0.023 0.0184504 -0.0707094 0.023 0.018 -0.067 -0.017 0.018 -0.067 -0.017 0.0184504 -0.0707094 0.023 0.01977543 -0.07420321 -0.017 0.0184504 -0.0707094 -0.017 0.01977543 -0.07420321 0.023 0.0184504 -0.0707094 0.023 0.02189808 -0.07727841 -0.017 0.01977543 -0.07420321 -0.017 0.02189808 -0.07727841 0.023 0.02189808 -0.07727841 -0.017 0.02189808 -0.07727841 -0.017 0.024695 -0.07975625 0.023 0.01977543 -0.07420321 0.023 0.024695 -0.07975625 -0.017 0.024695 -0.07975625 -0.017 0.02800362 -0.08149275 0.023 0.024695 -0.07975625 0.023 0.02800362 -0.08149275 0.023 0.03163168 -0.08238699 -0.017 0.02800362 -0.08149275 -0.017 0.03163168 -0.08238699 0.023 0.03163168 -0.08238699 -0.017 0.03163168 -0.08238699 -0.017 0.03536832 -0.08238699 0.023 0.02800362 -0.08149275 0.023 0.03536832 -0.08238699 0.023 0.03899638 -0.08149275 -0.017 0.03536832 -0.08238699 -0.017 0.03899638 -0.08149275 0.023 0.03899638 -0.08149275 -0.017 0.03899638 -0.08149275 -0.017 0.042305 -0.07975625 0.023 0.03536832 -0.08238699 0.023 0.042305 -0.07975625 0.023 0.04510192 -0.07727841 -0.017 0.042305 -0.07975625 -0.017 0.04510192 -0.07727841 0.023 0.042305 -0.07975625 0.023 0.04722457 -0.07420321 -0.017 0.04510192 -0.07727841 -0.017 0.04722457 -0.07420321 0.023 0.04510192 -0.07727841 0.023 0.0485496 -0.0707094 -0.017 0.04722457 -0.07420321 -0.017 0.0485496 -0.0707094 0.023 0.0485496 -0.0707094 -0.017 0.0485496 -0.0707094 -0.017 0.049 -0.067 0.023 0.04722457 -0.07420321 0.023 0.049 -0.067 0.023 0.0296317 -0.04098405 0.023 0.024695 -0.05424375 0.023 0.02800362 -0.05250725 0.023 0.03044371 -0.04170343 0.023 0.02901545 -0.04009125 0.023 0.03140428 -0.04220757 0.023 0.03163168 -0.05161301 0.023 0.02863076 -0.03907692 0.023 0.02189808 -0.0567216 0.023 0.03245758 -0.04246719 0.023 0.0285 -0.038 0.023 0.01977543 -0.05979679 0.023 0.03354242 -0.04246719 0.023 0.03536832 -0.05161301 0.023 0.02863076 -0.03692308 0.023 0.03459572 -0.04220757 0.023 0.03555629 -0.04170343 0.023 0.03899638 -0.05250725 0.023 0.0363683 -0.04098405 0.023 0.03698455 -0.04009125 0.023 0.042305 -0.05424375 0.023 0.03736924 -0.03907692 0.023 0.04510192 -0.0567216 0.023 0.0375 -0.038 0.023 0.03736924 -0.03692308 0.023 0.04722457 -0.05979679 0.023 0.03044371 -0.01670343 0.023 0.0296317 -0.01598405 0.023 0.0296317 -0.03501595 0.023 0.03044371 -0.03429657 0.023 0.02901545 -0.01509125 0.023 0.02901545 -0.03590874 0.023 0.03140428 -0.01720757 0.023 0.03140428 -0.03379243 0.023 0.02863076 -0.01407692 0.023 0.03245758 -0.01746719 0.023 0.03245758 -0.03353281 0.023 0.0285 -0.013 0.023 0.03354242 -0.01746719 0.023 0.03354242 -0.03353281 0.023 0.03459572 -0.01720757 0.023 0.03459572 -0.03379243 0.023 0.03555629 -0.01670343 0.023 0.03555629 -0.03429657 0.023 0.0363683 -0.03501595 0.023 0.0363683 -0.01598405 0.023 0.03698455 -0.03590874 0.023 0.03698455 -0.01509125 0.023 0.03736924 -0.01407692 0.023 0.0375 -0.013 0.023 0.02680238 0.022939 0.023 0.02901545 -0.01090875 0.023 0.0296317 -0.01001595 0.023 0.0270911 0.02268323 0.023 0.03044371 -0.009296573 0.023 0.02658327 0.02325644 0.023 0.02863076 -0.01192308 0.023 0.02743263 0.02250398 0.023 0.03140428 -0.008792427 0.023 0.02644649 0.02361709 0.023 0.02780714 0.02241166 0.023 0.02819286 0.02241166 0.023 0.03245758 -0.00853281 0.023 0.02856737 0.02250398 0.023 0.03354242 -0.00853281 0.023 0.0390911 0.02268323 0.023 0.03880238 0.022939 0.023 0.02919762 0.022939 0.023 0.0289089 0.02268323 0.023 0.03858327 0.02325644 0.023 0.02941673 0.02325644 0.023 0.03943263 0.02250398 0.023 0.03844649 0.02361709 0.023 0.0296 0.024 0.023 0.02955351 0.02361709 0.023 0.03980714 0.02241166 0.023 0.03459572 -0.008792427 0.023 0.0384 0.024 0.023 0.02850894 0.03402126 0.023 0.0270911 0.02531677 0.023 0.02743263 0.02549602 0.023 0.04019286 0.02241166 0.023 0.03555629 -0.009296573 0.023 0.02959161 0.0330621 0.023 0.02780714 0.02558834 0.023 0.02819286 0.02558834 0.023 0.03844649 0.02438291 0.023 0.02941673 0.02474356 0.023 0.02955351 0.02438291 0.023 0.02768726 0.03521166 0.023 0.02658327 0.02474356 0.023 0.02680238 0.025061 0.023 0.04056737 0.02250398 0.023 0.0363683 -0.01001595 0.023 0.03087237 0.03238991 0.023 0.02856737 0.02549602 0.023 0.0289089 0.02531677 0.023 0.03858327 0.02474356 0.023 0.04090891 0.02268323 0.023 0.03698455 -0.01090875 0.023 0.02717435 0.0365641 0.023 0.02644649 0.02438291 0.023 0.04119762 0.022939 0.023 0.03227678 0.03204375 0.023 0.02919762 0.025061 0.023 0.04141673 0.02325644 0.023 0.03736924 -0.01192308 0.023 0.027 0.038 0.023 0.04155351 0.02361709 0.023 0.03372322 0.03204375 0.023 0.03880238 0.025061 0.023 0.03512763 0.03238991 0.023 0.0390911 0.02531677 0.023 0.03943263 0.02549602 0.023 0.03640839 0.0330621 0.023 0.03980714 0.02558834 0.023 0.03749106 0.03402126 0.023 0.04019286 0.02558834 0.023 0.04056737 0.02549602 0.023 0.03831274 0.03521166 0.023 0.04090891 0.02531677 0.023 0.04119762 0.025061 0.023 0.03882565 0.0365641 0.023 0.04141673 0.02474356 0.023 0.039 0.038 0.023 0.02189808 0.0567216 0.023 0.02717435 0.03943589 0.023 0.024695 0.05424375 0.023 0.02768726 0.04078834 0.023 0.02850894 0.04197874 0.023 0.01977543 0.05979679 0.023 0.0264 0.024 0.023 0.02800362 0.05250725 0.023 0.02959161 0.0429379 0.023 0.03087237 0.0436101 0.023 0.0184504 0.06329061 0.023 0.03163168 0.05161301 0.023 0.03227678 0.04395625 0.023 0.03372322 0.04395625 0.023 0.03536832 0.05161301 0.023 0.03512763 0.0436101 0.023 0.03640839 0.0429379 0.023 0.03899638 0.05250725 0.023 0.03749106 0.04197874 0.023 0.042305 0.05424375 0.023 0.03831274 0.04078834 0.023 0.03882565 0.03943589 0.023 0.04510192 0.0567216 0.023 0.04155351 0.02438291 0.023 0.04722457 0.05979679 0.023 0.0416 0.024 0.023 0.0485496 0.06329061 0.023 0.018 0.067 0.023 0.018 -0.067 0.023 0.0184504 -0.06329061 0.023 0.049 -0.067 0.023 0.049 0.067 0.023 0.0485496 -0.06329061 0.023 0.0485496 0.0707094 0.023 0.049 0.067 -0.017 0.049 0.067 -0.017 0.0485496 0.0707094 0.023 0.04722457 0.07420321 -0.017 0.0485496 0.0707094 -0.017 0.04722457 0.07420321 0.023 0.0485496 0.0707094 0.023 0.04510192 0.07727841 -0.017 0.04722457 0.07420321 -0.017 0.04510192 0.07727841 0.023 0.04722457 0.07420321 0.023 0.042305 0.07975625 -0.017 0.04510192 0.07727841 -0.017 0.042305 0.07975625 0.023 0.04510192 0.07727841 0.023 0.03899638 0.08149275 -0.017 0.042305 0.07975625 -0.017 0.03899638 0.08149275 0.023 0.042305 0.07975625 0.023 0.03536832 0.08238699 -0.017 0.03899638 0.08149275 -0.017 0.03536832 0.08238699 0.023 0.03899638 0.08149275 0.023 0.03163168 0.08238699 -0.017 0.03536832 0.08238699 -0.017 0.03163168 0.08238699 0.023 0.03163168 0.08238699 -0.017 0.03163168 0.08238699 -0.017 0.02800362 0.08149275 0.023 0.03536832 0.08238699 0.023 0.02800362 0.08149275 0.023 0.024695 0.07975625 -0.017 0.02800362 0.08149275 -0.017 0.024695 0.07975625 0.023 0.02800362 0.08149275 0.023 0.02189808 0.07727841 -0.017 0.024695 0.07975625 -0.017 0.02189808 0.07727841 0.023 0.024695 0.07975625 0.023 0.01977543 0.07420321 -0.017 0.02189808 0.07727841 -0.017 0.01977543 0.07420321 0.023 0.01977543 0.07420321 -0.017 0.01977543 0.07420321 -0.017 0.0184504 0.0707094 0.023 0.02189808 0.07727841 0.023 0.0184504 0.0707094 0.023 0.018 0.067 -0.017 0.0184504 0.0707094 -0.017 0.018 0.067 0.023 0.0184504 0.0707094 -0.017 0.01977543 -0.07420321 -0.017 0.0184504 -0.0707094 -0.017 0.02189808 -0.07727841 -0.017 0.024695 -0.07975625 -0.017 0.02800362 -0.08149275 -0.017 0.03536832 -0.08238699 -0.017 0.03163168 -0.08238699 -0.017 0.04510192 -0.07727841 -0.017 0.0485496 -0.0707094 -0.017 0.04722457 -0.07420321 -0.017 0.03899638 -0.08149275 -0.017 0.042305 -0.07975625 0.023 0.0184504 -0.0707094 0.023 0.01977543 -0.07420321 0.023 0.02189808 -0.07727841 0.023 0.024695 -0.07975625 0.023 0.02800362 -0.08149275 0.023 0.03536832 -0.08238699 0.023 0.03163168 -0.08238699 0.023 0.0485496 -0.0707094 0.023 0.04510192 -0.07727841 0.023 0.04722457 -0.07420321 0.023 0.03899638 -0.08149275 0.023 0.042305 -0.07975625 0.023 0.03226152 0.05893012 0.023 0.03202694 0.05913794 0.023 0.03184891 0.05939586 0.023 0.03253901 0.05878448 0.023 0.03173777 0.05968889 0.023 0.0328433 0.05870948 0.023 0.0317 0.06 0.023 0.0331567 0.05870948 0.023 0.03173777 0.06031111 0.023 0.03346099 0.05878448 0.023 0.03184891 0.06060414 0.023 0.03373848 0.05893012 0.023 0.03202694 0.06086206 0.023 0.03397306 0.05913794 0.023 0.03226152 0.06106988 0.023 0.03415109 0.05939586 0.023 0.03253901 0.06121552 0.023 0.0328433 0.06129052 0.023 0.0343 0.06 0.023 0.03426223 0.05968889 0.023 0.03426223 0.06031111 0.023 0.03415109 0.06060414 0.023 0.03397306 0.06086206 0.023 0.0331567 0.06129052 0.023 0.03346099 0.06121552 0.023 0.03373848 0.06106988 0.023 0.03202694 -0.06086206 0.023 0.03226152 -0.06106988 0.023 0.03184891 -0.06060414 0.023 0.03253901 -0.06121552 0.023 0.03173777 -0.06031111 0.023 0.0328433 -0.06129052 0.023 0.0317 -0.06 0.023 0.0331567 -0.06129052 0.023 0.03173777 -0.05968889 0.023 0.03184891 -0.05939586 0.023 0.03202694 -0.05913794 0.023 0.03226152 -0.05893012 0.023 0.03253901 -0.05878448 0.023 0.0328433 -0.05870948 0.023 0.0331567 -0.05870948 0.023 0.03397306 -0.06086206 0.023 0.03373848 -0.06106988 0.023 0.03346099 -0.06121552 0.023 0.03346099 -0.05878448 0.023 0.03373848 -0.05893012 0.023 0.03415109 -0.06060414 0.023 0.03397306 -0.05913794 0.023 0.03415109 -0.05939586 0.023 0.03426223 -0.06031111 0.023 0.03426223 -0.05968889 0.023 0.0343 -0.06 0.022 0.0285 -0.038 0.022 0.02863076 -0.03692308 0.023 0.0285 -0.038 0.023 0.02863076 -0.03692308 0.023 0.02863076 -0.03692308 0.022 0.02901545 -0.03590874 0.023 0.02901545 -0.03590874 0.022 0.02863076 -0.03692308 0.023 0.02901545 -0.03590874 0.022 0.0296317 -0.03501595 0.023 0.0296317 -0.03501595 0.022 0.02901545 -0.03590874 0.023 0.0296317 -0.03501595 0.022 0.03044371 -0.03429657 0.023 0.03044371 -0.03429657 0.022 0.0296317 -0.03501595 0.023 0.03044371 -0.03429657 0.022 0.03140428 -0.03379243 0.023 0.03140428 -0.03379243 0.022 0.03044371 -0.03429657 0.023 0.03140428 -0.03379243 0.022 0.03245758 -0.03353281 0.023 0.03245758 -0.03353281 0.022 0.03140428 -0.03379243 0.023 0.03245758 -0.03353281 0.022 0.03354242 -0.03353281 0.023 0.03354242 -0.03353281 0.022 0.03245758 -0.03353281 0.023 0.03354242 -0.03353281 0.022 0.03459572 -0.03379243 0.023 0.03459572 -0.03379243 0.022 0.03354242 -0.03353281 0.023 0.03459572 -0.03379243 0.022 0.03555629 -0.03429657 0.023 0.03555629 -0.03429657 0.022 0.03459572 -0.03379243 0.023 0.03555629 -0.03429657 0.022 0.0363683 -0.03501595 0.023 0.0363683 -0.03501595 0.022 0.03555629 -0.03429657 0.023 0.0363683 -0.03501595 0.022 0.03698455 -0.03590874 0.023 0.03698455 -0.03590874 0.022 0.0363683 -0.03501595 0.022 0.03698455 -0.03590874 0.022 0.03736924 -0.03692308 0.023 0.03698455 -0.03590874 0.023 0.03736924 -0.03692308 0.022 0.03736924 -0.03692308 0.022 0.0375 -0.038 0.023 0.03736924 -0.03692308 0.023 0.0375 -0.038 0.022 0.0375 -0.038 0.022 0.03736924 -0.03907692 0.023 0.0375 -0.038 0.023 0.03736924 -0.03907692 0.022 0.03736924 -0.03907692 0.022 0.03698455 -0.04009125 0.023 0.03736924 -0.03907692 0.023 0.03698455 -0.04009125 0.022 0.03698455 -0.04009125 0.022 0.0363683 -0.04098405 0.023 0.03698455 -0.04009125 0.023 0.0363683 -0.04098405 0.023 0.0363683 -0.04098405 0.022 0.0363683 -0.04098405 0.023 0.03555629 -0.04170343 0.022 0.03555629 -0.04170343 0.022 0.03555629 -0.04170343 0.022 0.03459572 -0.04220757 0.023 0.03555629 -0.04170343 0.023 0.03459572 -0.04220757 0.023 0.03459572 -0.04220757 0.022 0.03459572 -0.04220757 0.023 0.03354242 -0.04246719 0.022 0.03354242 -0.04246719 0.022 0.03354242 -0.04246719 0.022 0.03245758 -0.04246719 0.023 0.03354242 -0.04246719 0.023 0.03245758 -0.04246719 0.023 0.03245758 -0.04246719 0.022 0.03245758 -0.04246719 0.023 0.03140428 -0.04220757 0.022 0.03140428 -0.04220757 0.022 0.03140428 -0.04220757 0.022 0.03044371 -0.04170343 0.023 0.03140428 -0.04220757 0.023 0.03044371 -0.04170343 0.023 0.03044371 -0.04170343 0.022 0.03044371 -0.04170343 0.023 0.0296317 -0.04098405 0.022 0.0296317 -0.04098405 0.023 0.0296317 -0.04098405 0.022 0.02901545 -0.04009125 0.023 0.02901545 -0.04009125 0.023 0.02901545 -0.04009125 0.022 0.02901545 -0.04009125 0.023 0.02863076 -0.03907692 0.022 0.0296317 -0.04098405 0.022 0.02863076 -0.03907692 0.023 0.02863076 -0.03907692 0.022 0.0285 -0.038 0.023 0.0285 -0.038 0.022 0.02863076 -0.03907692 0.022 0.0285 -0.013 0.022 0.02863076 -0.01192308 0.023 0.0285 -0.013 0.023 0.02863076 -0.01192308 0.023 0.02863076 -0.01192308 0.022 0.02901545 -0.01090875 0.023 0.02901545 -0.01090875 0.022 0.02863076 -0.01192308 0.023 0.02901545 -0.01090875 0.022 0.0296317 -0.01001595 0.023 0.0296317 -0.01001595 0.022 0.02901545 -0.01090875 0.023 0.0296317 -0.01001595 0.022 0.03044371 -0.009296573 0.023 0.03044371 -0.009296573 0.022 0.0296317 -0.01001595 0.023 0.03044371 -0.009296573 0.022 0.03140428 -0.008792427 0.023 0.03140428 -0.008792427 0.022 0.03044371 -0.009296573 0.023 0.03140428 -0.008792427 0.022 0.03245758 -0.00853281 0.023 0.03245758 -0.00853281 0.022 0.03140428 -0.008792427 0.023 0.03245758 -0.00853281 0.022 0.03354242 -0.00853281 0.023 0.03354242 -0.00853281 0.022 0.03245758 -0.00853281 0.023 0.03354242 -0.00853281 0.022 0.03459572 -0.008792427 0.023 0.03459572 -0.008792427 0.022 0.03354242 -0.00853281 0.023 0.03459572 -0.008792427 0.022 0.03555629 -0.009296573 0.023 0.03555629 -0.009296573 0.022 0.03459572 -0.008792427 0.023 0.03555629 -0.009296573 0.022 0.0363683 -0.01001595 0.023 0.0363683 -0.01001595 0.022 0.03555629 -0.009296573 0.023 0.0363683 -0.01001595 0.022 0.03698455 -0.01090875 0.023 0.03698455 -0.01090875 0.022 0.0363683 -0.01001595 0.022 0.03698455 -0.01090875 0.022 0.03736924 -0.01192308 0.023 0.03698455 -0.01090875 0.023 0.03736924 -0.01192308 0.022 0.03736924 -0.01192308 0.022 0.0375 -0.013 0.023 0.03736924 -0.01192308 0.023 0.0375 -0.013 0.022 0.0375 -0.013 0.022 0.03736924 -0.01407692 0.023 0.0375 -0.013 0.023 0.03736924 -0.01407692 0.022 0.03736924 -0.01407692 0.022 0.03698455 -0.01509125 0.023 0.03736924 -0.01407692 0.023 0.03698455 -0.01509125 0.022 0.03698455 -0.01509125 0.022 0.0363683 -0.01598405 0.023 0.03698455 -0.01509125 0.023 0.0363683 -0.01598405 0.023 0.0363683 -0.01598405 0.022 0.0363683 -0.01598405 0.023 0.03555629 -0.01670343 0.022 0.03555629 -0.01670343 0.022 0.03555629 -0.01670343 0.022 0.03459572 -0.01720757 0.023 0.03555629 -0.01670343 0.023 0.03459572 -0.01720757 0.023 0.03459572 -0.01720757 0.022 0.03459572 -0.01720757 0.023 0.03354242 -0.01746719 0.022 0.03354242 -0.01746719 0.022 0.03354242 -0.01746719 0.022 0.03245758 -0.01746719 0.023 0.03354242 -0.01746719 0.023 0.03245758 -0.01746719 0.023 0.03245758 -0.01746719 0.022 0.03245758 -0.01746719 0.023 0.03140428 -0.01720757 0.022 0.03140428 -0.01720757 0.022 0.03140428 -0.01720757 0.022 0.03044371 -0.01670343 0.023 0.03140428 -0.01720757 0.023 0.03044371 -0.01670343 0.023 0.03044371 -0.01670343 0.022 0.03044371 -0.01670343 0.023 0.0296317 -0.01598405 0.022 0.0296317 -0.01598405 0.023 0.0296317 -0.01598405 0.022 0.02901545 -0.01509125 0.023 0.02901545 -0.01509125 0.023 0.02901545 -0.01509125 0.022 0.02901545 -0.01509125 0.023 0.02863076 -0.01407692 0.022 0.0296317 -0.01598405 0.022 0.02863076 -0.01407692 0.023 0.02863076 -0.01407692 0.022 0.0285 -0.013 0.023 0.0285 -0.013 0.022 0.02863076 -0.01407692 0.0195 0.0264 0.024 0.0195 0.02644649 0.02438291 0.023 0.0264 0.024 0.023 0.02644649 0.02438291 0.023 0.02644649 0.02438291 0.0195 0.02658327 0.02474356 0.023 0.02658327 0.02474356 0.0195 0.02644649 0.02438291 0.023 0.02658327 0.02474356 0.0195 0.02680238 0.025061 0.023 0.02680238 0.025061 0.023 0.02680238 0.025061 0.0195 0.02680238 0.025061 0.023 0.0270911 0.02531677 0.0195 0.02658327 0.02474356 0.0195 0.0270911 0.02531677 0.023 0.0270911 0.02531677 0.0195 0.02743263 0.02549602 0.023 0.02743263 0.02549602 0.0195 0.0270911 0.02531677 0.023 0.02743263 0.02549602 0.0195 0.02780714 0.02558834 0.023 0.02780714 0.02558834 0.023 0.02780714 0.02558834 0.0195 0.02780714 0.02558834 0.023 0.02819286 0.02558834 0.0195 0.02743263 0.02549602 0.0195 0.02819286 0.02558834 0.023 0.02819286 0.02558834 0.0195 0.02856737 0.02549602 0.023 0.02856737 0.02549602 0.0195 0.02819286 0.02558834 0.023 0.02856737 0.02549602 0.0195 0.0289089 0.02531677 0.023 0.0289089 0.02531677 0.0195 0.02856737 0.02549602 0.023 0.0289089 0.02531677 0.0195 0.02919762 0.025061 0.023 0.02919762 0.025061 0.0195 0.0289089 0.02531677 0.023 0.02919762 0.025061 0.0195 0.02941673 0.02474356 0.023 0.02941673 0.02474356 0.0195 0.02919762 0.025061 0.0195 0.02941673 0.02474356 0.0195 0.02955351 0.02438291 0.023 0.02941673 0.02474356 0.023 0.02955351 0.02438291 0.0195 0.02955351 0.02438291 0.0195 0.0296 0.024 0.023 0.02955351 0.02438291 0.023 0.0296 0.024 0.0195 0.0296 0.024 0.0195 0.02955351 0.02361709 0.023 0.0296 0.024 0.023 0.02955351 0.02361709 0.0195 0.02955351 0.02361709 0.0195 0.02941673 0.02325644 0.023 0.02955351 0.02361709 0.023 0.02941673 0.02325644 0.0195 0.02941673 0.02325644 0.0195 0.02919762 0.022939 0.023 0.02941673 0.02325644 0.023 0.02919762 0.022939 0.023 0.02919762 0.022939 0.0195 0.02919762 0.022939 0.023 0.0289089 0.02268323 0.0195 0.0289089 0.02268323 0.0195 0.0289089 0.02268323 0.0195 0.02856737 0.02250398 0.023 0.0289089 0.02268323 0.023 0.02856737 0.02250398 0.0195 0.02856737 0.02250398 0.0195 0.02819286 0.02241166 0.023 0.02856737 0.02250398 0.023 0.02819286 0.02241166 0.023 0.02819286 0.02241166 0.0195 0.02819286 0.02241166 0.023 0.02780714 0.02241166 0.0195 0.02780714 0.02241166 0.023 0.02780714 0.02241166 0.0195 0.02780714 0.02241166 0.023 0.02743263 0.02250398 0.0195 0.02743263 0.02250398 0.023 0.02743263 0.02250398 0.0195 0.02743263 0.02250398 0.023 0.0270911 0.02268323 0.0195 0.0270911 0.02268323 0.0195 0.0270911 0.02268323 0.0195 0.02680238 0.022939 0.023 0.0270911 0.02268323 0.023 0.02680238 0.022939 0.023 0.02680238 0.022939 0.0195 0.02658327 0.02325644 0.023 0.02658327 0.02325644 0.0195 0.02680238 0.022939 0.023 0.02658327 0.02325644 0.0195 0.02644649 0.02361709 0.023 0.02644649 0.02361709 0.0195 0.02658327 0.02325644 0.0195 0.02644649 0.02361709 0.0195 0.0264 0.024 0.023 0.02644649 0.02361709 0.023 0.0264 0.024 0.022 0.027 0.038 0.022 0.02717435 0.03943589 0.023 0.027 0.038 0.023 0.02717435 0.03943589 0.023 0.02717435 0.03943589 0.022 0.02768726 0.04078834 0.023 0.02768726 0.04078834 0.022 0.02717435 0.03943589 0.023 0.02768726 0.04078834 0.022 0.02850894 0.04197874 0.023 0.02850894 0.04197874 0.022 0.02768726 0.04078834 0.023 0.02850894 0.04197874 0.022 0.02959161 0.0429379 0.023 0.02959161 0.0429379 0.022 0.02850894 0.04197874 0.023 0.02959161 0.0429379 0.022 0.03087237 0.0436101 0.023 0.03087237 0.0436101 0.022 0.02959161 0.0429379 0.023 0.03087237 0.0436101 0.022 0.03227678 0.04395625 0.023 0.03227678 0.04395625 0.022 0.03087237 0.0436101 0.023 0.03227678 0.04395625 0.022 0.03372322 0.04395625 0.023 0.03372322 0.04395625 0.022 0.03227678 0.04395625 0.023 0.03372322 0.04395625 0.022 0.03512763 0.0436101 0.023 0.03512763 0.0436101 0.022 0.03372322 0.04395625 0.023 0.03512763 0.0436101 0.022 0.03640839 0.0429379 0.023 0.03640839 0.0429379 0.022 0.03512763 0.0436101 0.023 0.03640839 0.0429379 0.022 0.03749106 0.04197874 0.023 0.03749106 0.04197874 0.022 0.03640839 0.0429379 0.023 0.03749106 0.04197874 0.022 0.03831274 0.04078834 0.023 0.03831274 0.04078834 0.022 0.03749106 0.04197874 0.022 0.03831274 0.04078834 0.022 0.03882565 0.03943589 0.023 0.03831274 0.04078834 0.023 0.03882565 0.03943589 0.022 0.03882565 0.03943589 0.022 0.039 0.038 0.023 0.03882565 0.03943589 0.023 0.039 0.038 0.022 0.039 0.038 0.022 0.03882565 0.0365641 0.023 0.039 0.038 0.023 0.03882565 0.0365641 0.022 0.03882565 0.0365641 0.022 0.03831274 0.03521166 0.023 0.03882565 0.0365641 0.023 0.03831274 0.03521166 0.022 0.03831274 0.03521166 0.022 0.03749106 0.03402126 0.023 0.03831274 0.03521166 0.023 0.03749106 0.03402126 0.023 0.03749106 0.03402126 0.022 0.03749106 0.03402126 0.023 0.03640839 0.0330621 0.022 0.03640839 0.0330621 0.022 0.03640839 0.0330621 0.022 0.03512763 0.03238991 0.023 0.03640839 0.0330621 0.023 0.03512763 0.03238991 0.023 0.03512763 0.03238991 0.022 0.03512763 0.03238991 0.023 0.03372322 0.03204375 0.022 0.03372322 0.03204375 0.022 0.03372322 0.03204375 0.022 0.03227678 0.03204375 0.023 0.03372322 0.03204375 0.023 0.03227678 0.03204375 0.023 0.03227678 0.03204375 0.022 0.03227678 0.03204375 0.023 0.03087237 0.03238991 0.022 0.03087237 0.03238991 0.022 0.03087237 0.03238991 0.022 0.02959161 0.0330621 0.023 0.03087237 0.03238991 0.023 0.02959161 0.0330621 0.023 0.02959161 0.0330621 0.022 0.02959161 0.0330621 0.023 0.02850894 0.03402126 0.022 0.02850894 0.03402126 0.023 0.02850894 0.03402126 0.022 0.02768726 0.03521166 0.023 0.02768726 0.03521166 0.023 0.02768726 0.03521166 0.022 0.02768726 0.03521166 0.023 0.02717435 0.0365641 0.022 0.02850894 0.03402126 0.022 0.02717435 0.0365641 0.023 0.02717435 0.0365641 0.022 0.027 0.038 0.023 0.027 0.038 0.022 0.02717435 0.0365641 0.0195 0.0384 0.024 0.0195 0.03844649 0.02438291 0.023 0.0384 0.024 0.023 0.03844649 0.02438291 0.023 0.03844649 0.02438291 0.0195 0.03858327 0.02474356 0.023 0.03858327 0.02474356 0.0195 0.03844649 0.02438291 0.023 0.03858327 0.02474356 0.0195 0.03880238 0.025061 0.023 0.03880238 0.025061 0.023 0.03880238 0.025061 0.0195 0.03880238 0.025061 0.023 0.0390911 0.02531677 0.0195 0.03858327 0.02474356 0.0195 0.0390911 0.02531677 0.023 0.0390911 0.02531677 0.0195 0.03943263 0.02549602 0.023 0.03943263 0.02549602 0.0195 0.0390911 0.02531677 0.023 0.03943263 0.02549602 0.0195 0.03980714 0.02558834 0.023 0.03980714 0.02558834 0.023 0.03980714 0.02558834 0.0195 0.03980714 0.02558834 0.023 0.04019286 0.02558834 0.0195 0.03943263 0.02549602 0.0195 0.04019286 0.02558834 0.023 0.04019286 0.02558834 0.0195 0.04056737 0.02549602 0.023 0.04056737 0.02549602 0.0195 0.04019286 0.02558834 0.023 0.04056737 0.02549602 0.0195 0.04090891 0.02531677 0.023 0.04090891 0.02531677 0.0195 0.04056737 0.02549602 0.023 0.04090891 0.02531677 0.0195 0.04119762 0.025061 0.023 0.04119762 0.025061 0.0195 0.04090891 0.02531677 0.023 0.04119762 0.025061 0.0195 0.04141673 0.02474356 0.023 0.04141673 0.02474356 0.0195 0.04119762 0.025061 0.0195 0.04141673 0.02474356 0.0195 0.04155351 0.02438291 0.023 0.04141673 0.02474356 0.023 0.04155351 0.02438291 0.0195 0.04155351 0.02438291 0.0195 0.0416 0.024 0.023 0.04155351 0.02438291 0.023 0.0416 0.024 0.0195 0.0416 0.024 0.0195 0.04155351 0.02361709 0.023 0.0416 0.024 0.023 0.04155351 0.02361709 0.0195 0.04155351 0.02361709 0.0195 0.04141673 0.02325644 0.023 0.04155351 0.02361709 0.023 0.04141673 0.02325644 0.0195 0.04141673 0.02325644 0.0195 0.04119762 0.022939 0.023 0.04141673 0.02325644 0.023 0.04119762 0.022939 0.023 0.04119762 0.022939 0.0195 0.04119762 0.022939 0.023 0.04090891 0.02268323 0.0195 0.04090891 0.02268323 0.0195 0.04090891 0.02268323 0.0195 0.04056737 0.02250398 0.023 0.04090891 0.02268323 0.023 0.04056737 0.02250398 0.0195 0.04056737 0.02250398 0.0195 0.04019286 0.02241166 0.023 0.04056737 0.02250398 0.023 0.04019286 0.02241166 0.023 0.04019286 0.02241166 0.0195 0.04019286 0.02241166 0.023 0.03980714 0.02241166 0.0195 0.03980714 0.02241166 0.023 0.03980714 0.02241166 0.0195 0.03980714 0.02241166 0.023 0.03943263 0.02250398 0.0195 0.03943263 0.02250398 0.023 0.03943263 0.02250398 0.0195 0.03943263 0.02250398 0.023 0.0390911 0.02268323 0.0195 0.0390911 0.02268323 0.0195 0.0390911 0.02268323 0.0195 0.03880238 0.022939 0.023 0.0390911 0.02268323 0.023 0.03880238 0.022939 0.023 0.03880238 0.022939 0.0195 0.03858327 0.02325644 0.023 0.03858327 0.02325644 0.0195 0.03880238 0.022939 0.023 0.03858327 0.02325644 0.0195 0.03844649 0.02361709 0.023 0.03844649 0.02361709 0.0195 0.03858327 0.02325644 0.0195 0.03844649 0.02361709 0.0195 0.0384 0.024 0.023 0.03844649 0.02361709 0.023 0.0384 0.024 0.023 0.024695 0.07975625 0.023 0.02189808 0.07727841 0.023 0.01977543 0.07420321 0.023 0.03163168 0.08238699 0.023 0.02800362 0.08149275 0.023 0.0184504 0.0707094 0.023 0.03899638 0.08149275 0.023 0.03536832 0.08238699 0.023 0.042305 0.07975625 0.023 0.04510192 0.07727841 0.023 0.0485496 0.0707094 0.023 0.04722457 0.07420321 0.0195 0.0317 0.06 0.0195 0.03173777 0.06031111 0.023 0.0317 0.06 0.023 0.03173777 0.06031111 0.023 0.03173777 0.06031111 0.0195 0.03184891 0.06060414 0.023 0.03184891 0.06060414 0.0195 0.03173777 0.06031111 0.023 0.03184891 0.06060414 0.0195 0.03202694 0.06086206 0.023 0.03202694 0.06086206 0.023 0.03202694 0.06086206 0.0195 0.03202694 0.06086206 0.023 0.03226152 0.06106988 0.0195 0.03184891 0.06060414 0.0195 0.03226152 0.06106988 0.023 0.03226152 0.06106988 0.0195 0.03253901 0.06121552 0.023 0.03253901 0.06121552 0.0195 0.03226152 0.06106988 0.023 0.03253901 0.06121552 0.0195 0.0328433 0.06129052 0.023 0.0328433 0.06129052 0.023 0.0328433 0.06129052 0.0195 0.0328433 0.06129052 0.023 0.0331567 0.06129052 0.0195 0.03253901 0.06121552 0.0195 0.0331567 0.06129052 0.023 0.0331567 0.06129052 0.0195 0.03346099 0.06121552 0.023 0.03346099 0.06121552 0.0195 0.0331567 0.06129052 0.023 0.03346099 0.06121552 0.0195 0.03373848 0.06106988 0.023 0.03373848 0.06106988 0.0195 0.03346099 0.06121552 0.023 0.03373848 0.06106988 0.0195 0.03397306 0.06086206 0.023 0.03397306 0.06086206 0.0195 0.03373848 0.06106988 0.023 0.03397306 0.06086206 0.0195 0.03415109 0.06060414 0.023 0.03415109 0.06060414 0.0195 0.03397306 0.06086206 0.0195 0.03415109 0.06060414 0.0195 0.03426223 0.06031111 0.023 0.03415109 0.06060414 0.023 0.03426223 0.06031111 0.0195 0.03426223 0.06031111 0.0195 0.0343 0.06 0.023 0.03426223 0.06031111 0.023 0.0343 0.06 0.0195 0.0343 0.06 0.0195 0.03426223 0.05968889 0.023 0.0343 0.06 0.023 0.03426223 0.05968889 0.0195 0.03426223 0.05968889 0.0195 0.03415109 0.05939586 0.023 0.03426223 0.05968889 0.023 0.03415109 0.05939586 0.0195 0.03415109 0.05939586 0.0195 0.03397306 0.05913794 0.023 0.03415109 0.05939586 0.023 0.03397306 0.05913794 0.023 0.03397306 0.05913794 0.0195 0.03397306 0.05913794 0.023 0.03373848 0.05893012 0.0195 0.03373848 0.05893012 0.0195 0.03373848 0.05893012 0.0195 0.03346099 0.05878448 0.023 0.03373848 0.05893012 0.023 0.03346099 0.05878448 0.0195 0.03346099 0.05878448 0.0195 0.0331567 0.05870948 0.023 0.03346099 0.05878448 0.023 0.0331567 0.05870948 0.023 0.0331567 0.05870948 0.0195 0.0331567 0.05870948 0.023 0.0328433 0.05870948 0.0195 0.0328433 0.05870948 0.023 0.0328433 0.05870948 0.0195 0.0328433 0.05870948 0.023 0.03253901 0.05878448 0.0195 0.03253901 0.05878448 0.023 0.03253901 0.05878448 0.0195 0.03253901 0.05878448 0.023 0.03226152 0.05893012 0.0195 0.03226152 0.05893012 0.0195 0.03226152 0.05893012 0.0195 0.03202694 0.05913794 0.023 0.03226152 0.05893012 0.023 0.03202694 0.05913794 0.023 0.03202694 0.05913794 0.0195 0.03184891 0.05939586 0.023 0.03184891 0.05939586 0.0195 0.03202694 0.05913794 0.023 0.03184891 0.05939586 0.0195 0.03173777 0.05968889 0.023 0.03173777 0.05968889 0.0195 0.03184891 0.05939586 0.0195 0.03173777 0.05968889 0.0195 0.0317 0.06 0.023 0.03173777 0.05968889 0.023 0.0317 0.06 0.0195 0.0317 -0.06 0.0195 0.03173777 -0.05968889 0.023 0.0317 -0.06 0.023 0.03173777 -0.05968889 0.023 0.03173777 -0.05968889 0.0195 0.03184891 -0.05939586 0.023 0.03184891 -0.05939586 0.0195 0.03173777 -0.05968889 0.023 0.03184891 -0.05939586 0.0195 0.03202694 -0.05913794 0.023 0.03202694 -0.05913794 0.023 0.03202694 -0.05913794 0.0195 0.03202694 -0.05913794 0.023 0.03226152 -0.05893012 0.0195 0.03184891 -0.05939586 0.0195 0.03226152 -0.05893012 0.023 0.03226152 -0.05893012 0.0195 0.03253901 -0.05878448 0.023 0.03253901 -0.05878448 0.0195 0.03226152 -0.05893012 0.023 0.03253901 -0.05878448 0.0195 0.0328433 -0.05870948 0.023 0.0328433 -0.05870948 0.023 0.0328433 -0.05870948 0.0195 0.0328433 -0.05870948 0.023 0.0331567 -0.05870948 0.0195 0.03253901 -0.05878448 0.0195 0.0331567 -0.05870948 0.023 0.0331567 -0.05870948 0.0195 0.03346099 -0.05878448 0.023 0.03346099 -0.05878448 0.0195 0.0331567 -0.05870948 0.023 0.03346099 -0.05878448 0.0195 0.03373848 -0.05893012 0.023 0.03373848 -0.05893012 0.0195 0.03346099 -0.05878448 0.023 0.03373848 -0.05893012 0.0195 0.03397306 -0.05913794 0.023 0.03397306 -0.05913794 0.0195 0.03373848 -0.05893012 0.023 0.03397306 -0.05913794 0.0195 0.03415109 -0.05939586 0.023 0.03415109 -0.05939586 0.0195 0.03397306 -0.05913794 0.0195 0.03415109 -0.05939586 0.0195 0.03426223 -0.05968889 0.023 0.03415109 -0.05939586 0.023 0.03426223 -0.05968889 0.0195 0.03426223 -0.05968889 0.0195 0.0343 -0.06 0.023 0.03426223 -0.05968889 0.023 0.0343 -0.06 0.0195 0.0343 -0.06 0.0195 0.03426223 -0.06031111 0.023 0.0343 -0.06 0.023 0.03426223 -0.06031111 0.0195 0.03426223 -0.06031111 0.0195 0.03415109 -0.06060414 0.023 0.03426223 -0.06031111 0.023 0.03415109 -0.06060414 0.0195 0.03415109 -0.06060414 0.0195 0.03397306 -0.06086206 0.023 0.03415109 -0.06060414 0.023 0.03397306 -0.06086206 0.023 0.03397306 -0.06086206 0.0195 0.03397306 -0.06086206 0.023 0.03373848 -0.06106988 0.0195 0.03373848 -0.06106988 0.0195 0.03373848 -0.06106988 0.0195 0.03346099 -0.06121552 0.023 0.03373848 -0.06106988 0.023 0.03346099 -0.06121552 0.0195 0.03346099 -0.06121552 0.0195 0.0331567 -0.06129052 0.023 0.03346099 -0.06121552 0.023 0.0331567 -0.06129052 0.023 0.0331567 -0.06129052 0.0195 0.0331567 -0.06129052 0.023 0.0328433 -0.06129052 0.0195 0.0328433 -0.06129052 0.023 0.0328433 -0.06129052 0.0195 0.0328433 -0.06129052 0.023 0.03253901 -0.06121552 0.0195 0.03253901 -0.06121552 0.023 0.03253901 -0.06121552 0.0195 0.03253901 -0.06121552 0.023 0.03226152 -0.06106988 0.0195 0.03226152 -0.06106988 0.0195 0.03226152 -0.06106988 0.0195 0.03202694 -0.06086206 0.023 0.03226152 -0.06106988 0.023 0.03202694 -0.06086206 0.023 0.03202694 -0.06086206 0.0195 0.03184891 -0.06060414 0.023 0.03184891 -0.06060414 0.0195 0.03202694 -0.06086206 0.023 0.03184891 -0.06060414 0.0195 0.03173777 -0.06031111 0.023 0.03173777 -0.06031111 0.0195 0.03184891 -0.06060414 0.0195 0.03173777 -0.06031111 0.0195 0.0317 -0.06 0.023 0.03173777 -0.06031111 0.023 0.0317 -0.06 0.022 0.0363683 -0.04098405 0.022 0.03447697 -0.04013976 0.022 0.03555629 -0.04170343 0.022 0.03494613 -0.03972412 0.022 0.03698455 -0.04009125 0.022 0.03530218 -0.03920828 0.022 0.03392198 -0.04043104 0.022 0.03459572 -0.04220757 0.022 0.03736924 -0.03907692 0.022 0.03552445 -0.03862222 0.022 0.0333134 -0.04058104 0.022 0.03354242 -0.04246719 0.022 0.0375 -0.038 0.022 0.0356 -0.038 0.022 0.0326866 -0.04058104 0.022 0.03245758 -0.04246719 0.022 0.03736924 -0.03692308 0.022 0.03552445 -0.03737778 0.022 0.03207802 -0.04043104 0.022 0.03140428 -0.04220757 0.022 0.03698455 -0.03590874 0.022 0.03530218 -0.03679172 0.022 0.03152303 -0.04013976 0.022 0.03044371 -0.04170343 0.022 0.0363683 -0.03501595 0.022 0.03494613 -0.03627588 0.022 0.0296317 -0.04098405 0.022 0.03105387 -0.03972412 0.022 0.03555629 -0.03429657 0.022 0.03447697 -0.03586024 0.022 0.02901545 -0.04009125 0.022 0.03069782 -0.03920828 0.022 0.03459572 -0.03379243 0.022 0.03392198 -0.03556896 0.022 0.0333134 -0.03541896 0.022 0.02863076 -0.03907692 0.022 0.03047555 -0.03862222 0.022 0.03354242 -0.03353281 0.022 0.0326866 -0.03541896 0.022 0.03047555 -0.03737778 0.022 0.0285 -0.038 0.022 0.0304 -0.038 0.022 0.03245758 -0.03353281 0.022 0.03069782 -0.03679172 0.022 0.02863076 -0.03692308 0.022 0.03140428 -0.03379243 0.022 0.03207802 -0.03556896 0.022 0.03105387 -0.03627588 0.022 0.02901545 -0.03590874 0.022 0.03044371 -0.03429657 0.022 0.03152303 -0.03586024 0.022 0.0296317 -0.03501595 0.022 0.0363683 -0.01598405 0.022 0.03447697 -0.01513976 0.022 0.03555629 -0.01670343 0.022 0.03494613 -0.01472412 0.022 0.03698455 -0.01509125 0.022 0.03530218 -0.01420828 0.022 0.03392198 -0.01543104 0.022 0.03459572 -0.01720757 0.022 0.03736924 -0.01407692 0.022 0.03552445 -0.01362222 0.022 0.0333134 -0.01558104 0.022 0.03354242 -0.01746719 0.022 0.0375 -0.013 0.022 0.0356 -0.013 0.022 0.0326866 -0.01558104 0.022 0.03245758 -0.01746719 0.022 0.03736924 -0.01192308 0.022 0.03552445 -0.01237778 0.022 0.03207802 -0.01543104 0.022 0.03140428 -0.01720757 0.022 0.03698455 -0.01090875 0.022 0.03530218 -0.01179172 0.022 0.03152303 -0.01513976 0.022 0.03044371 -0.01670343 0.022 0.0363683 -0.01001595 0.022 0.03494613 -0.01127588 0.022 0.0296317 -0.01598405 0.022 0.03105387 -0.01472412 0.022 0.03555629 -0.009296573 0.022 0.03447697 -0.01086024 0.022 0.02901545 -0.01509125 0.022 0.03069782 -0.01420828 0.022 0.03459572 -0.008792427 0.022 0.03392198 -0.01056896 0.022 0.0333134 -0.01041896 0.022 0.02863076 -0.01407692 0.022 0.03047555 -0.01362222 0.022 0.03354242 -0.00853281 0.022 0.0326866 -0.01041896 0.022 0.03047555 -0.01237778 0.022 0.0285 -0.013 0.022 0.0304 -0.013 0.022 0.03245758 -0.00853281 0.022 0.03069782 -0.01179172 0.022 0.02863076 -0.01192308 0.022 0.03140428 -0.008792427 0.022 0.03207802 -0.01056896 0.022 0.03105387 -0.01127588 0.022 0.02901545 -0.01090875 0.022 0.03044371 -0.009296573 0.022 0.03152303 -0.01086024 0.022 0.0296317 -0.01001595 0.0195 0.02919762 0.022939 0.0195 0.02819286 0.02241166 0.0195 0.0289089 0.02268323 0.0195 0.02856737 0.02250398 0.0195 0.02955351 0.02438291 0.0195 0.02941673 0.02474356 0.0195 0.0296 0.024 0.0195 0.02955351 0.02361709 0.0195 0.02941673 0.02325644 0.0195 0.0289089 0.02531677 0.0195 0.02856737 0.02549602 0.0195 0.02919762 0.025061 0.0195 0.02819286 0.02558834 0.0195 0.02780714 0.02558834 0.0195 0.02644649 0.02361709 0.0195 0.02644649 0.02438291 0.0195 0.0264 0.024 0.0195 0.02743263 0.02549602 0.0195 0.02680238 0.025061 0.0195 0.02658327 0.02474356 0.0195 0.0270911 0.02531677 0.0195 0.02780714 0.02241166 0.0195 0.02743263 0.02250398 0.0195 0.0270911 0.02268323 0.0195 0.02680238 0.022939 0.0195 0.02658327 0.02325644 0.022 0.03749106 0.03402126 0.022 0.03521545 0.03479036 0.022 0.03640839 0.0330621 0.022 0.03591919 0.03541382 0.022 0.03831274 0.03521166 0.022 0.03645328 0.03618758 0.022 0.03438296 0.03435344 0.022 0.03512763 0.03238991 0.022 0.03882565 0.0365641 0.022 0.03678668 0.03706667 0.022 0.03347009 0.03412844 0.022 0.03372322 0.03204375 0.022 0.03227678 0.03204375 0.022 0.039 0.038 0.022 0.0369 0.038 0.022 0.03252991 0.03412844 0.022 0.03882565 0.03943589 0.022 0.03678668 0.03893333 0.022 0.03161704 0.03435344 0.022 0.03087237 0.03238991 0.022 0.03831274 0.04078834 0.022 0.03645328 0.03981242 0.022 0.03078455 0.03479036 0.022 0.02959161 0.0330621 0.022 0.03749106 0.04197874 0.022 0.03591919 0.04058618 0.022 0.03008081 0.03541382 0.022 0.02850894 0.03402126 0.022 0.03640839 0.0429379 0.022 0.03521545 0.04120964 0.022 0.03438296 0.04164657 0.022 0.02768726 0.03521166 0.022 0.02954672 0.03618758 0.022 0.02921333 0.03706667 0.022 0.03512763 0.0436101 0.022 0.02717435 0.0365641 0.022 0.03372322 0.04395625 0.022 0.03347009 0.04187156 0.022 0.027 0.038 0.022 0.0291 0.038 0.022 0.03252991 0.04187156 0.022 0.03227678 0.04395625 0.022 0.03161704 0.04164657 0.022 0.02921333 0.03893333 0.022 0.02717435 0.03943589 0.022 0.02954672 0.03981242 0.022 0.03087237 0.0436101 0.022 0.03078455 0.04120964 0.022 0.02768726 0.04078834 0.022 0.02959161 0.0429379 0.022 0.03008081 0.04058618 0.022 0.02850894 0.04197874 0.0195 0.04119762 0.022939 0.0195 0.04019286 0.02241166 0.0195 0.04090891 0.02268323 0.0195 0.04056737 0.02250398 0.0195 0.04155351 0.02438291 0.0195 0.04141673 0.02474356 0.0195 0.0416 0.024 0.0195 0.04155351 0.02361709 0.0195 0.04141673 0.02325644 0.0195 0.04090891 0.02531677 0.0195 0.04056737 0.02549602 0.0195 0.04119762 0.025061 0.0195 0.04019286 0.02558834 0.0195 0.03980714 0.02558834 0.0195 0.03844649 0.02361709 0.0195 0.03844649 0.02438291 0.0195 0.0384 0.024 0.0195 0.03943263 0.02549602 0.0195 0.03880238 0.025061 0.0195 0.03858327 0.02474356 0.0195 0.0390911 0.02531677 0.0195 0.03980714 0.02241166 0.0195 0.03943263 0.02250398 0.0195 0.0390911 0.02268323 0.0195 0.03880238 0.022939 0.0195 0.03858327 0.02325644 0.0195 0.03415109 0.05939586 0.0195 0.03426223 0.05968889 0.0195 0.03397306 0.05913794 0.0195 0.03415109 0.06060414 0.0195 0.03397306 0.06086206 0.0195 0.03426223 0.06031111 0.0195 0.0343 0.06 0.0195 0.03373848 0.06106988 0.0195 0.03373848 0.05893012 0.0195 0.03346099 0.05878448 0.0195 0.03202694 0.05913794 0.0195 0.03173777 0.05968889 0.0195 0.03184891 0.05939586 0.0195 0.03346099 0.06121552 0.0195 0.0331567 0.06129052 0.0195 0.0317 0.06 0.0195 0.0328433 0.06129052 0.0195 0.0331567 0.05870948 0.0195 0.0328433 0.05870948 0.0195 0.03253901 0.05878448 0.0195 0.03226152 0.05893012 0.0195 0.03202694 0.06086206 0.0195 0.03173777 0.06031111 0.0195 0.03184891 0.06060414 0.0195 0.03226152 0.06106988 0.0195 0.03253901 0.06121552 0.0195 0.03415109 -0.06060414 0.0195 0.03426223 -0.06031111 0.0195 0.03397306 -0.06086206 0.0195 0.03415109 -0.05939586 0.0195 0.03397306 -0.05913794 0.0195 0.03426223 -0.05968889 0.0195 0.0343 -0.06 0.0195 0.03373848 -0.05893012 0.0195 0.03373848 -0.06106988 0.0195 0.03346099 -0.06121552 0.0195 0.03202694 -0.06086206 0.0195 0.03173777 -0.06031111 0.0195 0.03184891 -0.06060414 0.0195 0.03346099 -0.05878448 0.0195 0.0331567 -0.05870948 0.0195 0.0317 -0.06 0.0195 0.0328433 -0.05870948 0.0195 0.0331567 -0.06129052 0.0195 0.0328433 -0.06129052 0.0195 0.03253901 -0.06121552 0.0195 0.03226152 -0.06106988 0.0195 0.03202694 -0.05913794 0.0195 0.03173777 -0.05968889 0.0195 0.03184891 -0.05939586 0.0195 0.03226152 -0.05893012 0.0195 0.03253901 -0.05878448 0.0195 0.0304 -0.038 0.0195 0.03047555 -0.03737778 0.022 0.0304 -0.038 0.022 0.03047555 -0.03737778 0.022 0.03047555 -0.03737778 0.0195 0.03069782 -0.03679172 0.022 0.03069782 -0.03679172 0.022 0.03069782 -0.03679172 0.0195 0.03069782 -0.03679172 0.022 0.03105387 -0.03627588 0.0195 0.03047555 -0.03737778 0.0195 0.03105387 -0.03627588 0.022 0.03105387 -0.03627588 0.0195 0.03152303 -0.03586024 0.022 0.03152303 -0.03586024 0.0195 0.03105387 -0.03627588 0.022 0.03152303 -0.03586024 0.0195 0.03207802 -0.03556896 0.022 0.03207802 -0.03556896 0.022 0.03207802 -0.03556896 0.0195 0.03207802 -0.03556896 0.022 0.0326866 -0.03541896 0.0195 0.03152303 -0.03586024 0.0195 0.0326866 -0.03541896 0.022 0.0326866 -0.03541896 0.0195 0.0333134 -0.03541896 0.022 0.0333134 -0.03541896 0.0195 0.0326866 -0.03541896 0.022 0.0333134 -0.03541896 0.0195 0.03392198 -0.03556896 0.022 0.03392198 -0.03556896 0.0195 0.0333134 -0.03541896 0.022 0.03392198 -0.03556896 0.0195 0.03447697 -0.03586024 0.022 0.03447697 -0.03586024 0.0195 0.03392198 -0.03556896 0.022 0.03447697 -0.03586024 0.0195 0.03494613 -0.03627588 0.022 0.03494613 -0.03627588 0.022 0.03494613 -0.03627588 0.0195 0.03494613 -0.03627588 0.022 0.03530218 -0.03679172 0.0195 0.03447697 -0.03586024 0.0195 0.03530218 -0.03679172 0.022 0.03530218 -0.03679172 0.0195 0.03530218 -0.03679172 0.022 0.03552445 -0.03737778 0.0195 0.03552445 -0.03737778 0.0195 0.03552445 -0.03737778 0.0195 0.0356 -0.038 0.022 0.03552445 -0.03737778 0.022 0.0356 -0.038 0.022 0.0356 -0.038 0.0195 0.0356 -0.038 0.022 0.03552445 -0.03862222 0.0195 0.03552445 -0.03862222 0.0195 0.03552445 -0.03862222 0.0195 0.03530218 -0.03920828 0.022 0.03552445 -0.03862222 0.022 0.03530218 -0.03920828 0.0195 0.03530218 -0.03920828 0.0195 0.03494613 -0.03972412 0.022 0.03530218 -0.03920828 0.022 0.03494613 -0.03972412 0.0195 0.03494613 -0.03972412 0.0195 0.03447697 -0.04013976 0.022 0.03494613 -0.03972412 0.022 0.03447697 -0.04013976 0.0195 0.03447697 -0.04013976 0.0195 0.03392198 -0.04043104 0.022 0.03447697 -0.04013976 0.022 0.03392198 -0.04043104 0.0195 0.03392198 -0.04043104 0.0195 0.0333134 -0.04058104 0.022 0.03392198 -0.04043104 0.022 0.0333134 -0.04058104 0.022 0.0333134 -0.04058104 0.0195 0.0333134 -0.04058104 0.022 0.0326866 -0.04058104 0.0195 0.0326866 -0.04058104 0.0195 0.0326866 -0.04058104 0.0195 0.03207802 -0.04043104 0.022 0.0326866 -0.04058104 0.022 0.03207802 -0.04043104 0.0195 0.03207802 -0.04043104 0.0195 0.03152303 -0.04013976 0.022 0.03207802 -0.04043104 0.022 0.03152303 -0.04013976 0.022 0.03152303 -0.04013976 0.0195 0.03152303 -0.04013976 0.022 0.03105387 -0.03972412 0.0195 0.03105387 -0.03972412 0.022 0.03105387 -0.03972412 0.0195 0.03105387 -0.03972412 0.022 0.03069782 -0.03920828 0.0195 0.03069782 -0.03920828 0.022 0.03069782 -0.03920828 0.0195 0.03047555 -0.03862222 0.022 0.03047555 -0.03862222 0.022 0.03047555 -0.03862222 0.0195 0.03047555 -0.03862222 0.022 0.0304 -0.038 0.0195 0.03069782 -0.03920828 0.0195 0.0304 -0.038 0.0195 0.0304 -0.013 0.0195 0.03047555 -0.01237778 0.022 0.0304 -0.013 0.022 0.03047555 -0.01237778 0.022 0.03047555 -0.01237778 0.0195 0.03069782 -0.01179172 0.022 0.03069782 -0.01179172 0.022 0.03069782 -0.01179172 0.0195 0.03069782 -0.01179172 0.022 0.03105387 -0.01127588 0.0195 0.03047555 -0.01237778 0.0195 0.03105387 -0.01127588 0.022 0.03105387 -0.01127588 0.0195 0.03152303 -0.01086024 0.022 0.03152303 -0.01086024 0.0195 0.03105387 -0.01127588 0.022 0.03152303 -0.01086024 0.0195 0.03207802 -0.01056896 0.022 0.03207802 -0.01056896 0.022 0.03207802 -0.01056896 0.0195 0.03207802 -0.01056896 0.022 0.0326866 -0.01041896 0.0195 0.03152303 -0.01086024 0.0195 0.0326866 -0.01041896 0.022 0.0326866 -0.01041896 0.0195 0.0333134 -0.01041896 0.022 0.0333134 -0.01041896 0.0195 0.0326866 -0.01041896 0.022 0.0333134 -0.01041896 0.0195 0.03392198 -0.01056896 0.022 0.03392198 -0.01056896 0.0195 0.0333134 -0.01041896 0.022 0.03392198 -0.01056896 0.0195 0.03447697 -0.01086024 0.022 0.03447697 -0.01086024 0.0195 0.03392198 -0.01056896 0.022 0.03447697 -0.01086024 0.0195 0.03494613 -0.01127588 0.022 0.03494613 -0.01127588 0.022 0.03494613 -0.01127588 0.0195 0.03494613 -0.01127588 0.022 0.03530218 -0.01179172 0.0195 0.03447697 -0.01086024 0.0195 0.03530218 -0.01179172 0.022 0.03530218 -0.01179172 0.0195 0.03530218 -0.01179172 0.022 0.03552445 -0.01237778 0.0195 0.03552445 -0.01237778 0.0195 0.03552445 -0.01237778 0.0195 0.0356 -0.013 0.022 0.03552445 -0.01237778 0.022 0.0356 -0.013 0.022 0.0356 -0.013 0.0195 0.0356 -0.013 0.022 0.03552445 -0.01362222 0.0195 0.03552445 -0.01362222 0.0195 0.03552445 -0.01362222 0.0195 0.03530218 -0.01420828 0.022 0.03552445 -0.01362222 0.022 0.03530218 -0.01420828 0.0195 0.03530218 -0.01420828 0.0195 0.03494613 -0.01472412 0.022 0.03530218 -0.01420828 0.022 0.03494613 -0.01472412 0.0195 0.03494613 -0.01472412 0.0195 0.03447697 -0.01513976 0.022 0.03494613 -0.01472412 0.022 0.03447697 -0.01513976 0.0195 0.03447697 -0.01513976 0.0195 0.03392198 -0.01543104 0.022 0.03447697 -0.01513976 0.022 0.03392198 -0.01543104 0.0195 0.03392198 -0.01543104 0.0195 0.0333134 -0.01558104 0.022 0.03392198 -0.01543104 0.022 0.0333134 -0.01558104 0.022 0.0333134 -0.01558104 0.0195 0.0333134 -0.01558104 0.022 0.0326866 -0.01558104 0.0195 0.0326866 -0.01558104 0.0195 0.0326866 -0.01558104 0.0195 0.03207802 -0.01543104 0.022 0.0326866 -0.01558104 0.022 0.03207802 -0.01543104 0.0195 0.03207802 -0.01543104 0.0195 0.03152303 -0.01513976 0.022 0.03207802 -0.01543104 0.022 0.03152303 -0.01513976 0.022 0.03152303 -0.01513976 0.0195 0.03152303 -0.01513976 0.022 0.03105387 -0.01472412 0.0195 0.03105387 -0.01472412 0.022 0.03105387 -0.01472412 0.0195 0.03105387 -0.01472412 0.022 0.03069782 -0.01420828 0.0195 0.03069782 -0.01420828 0.022 0.03069782 -0.01420828 0.0195 0.03047555 -0.01362222 0.022 0.03047555 -0.01362222 0.022 0.03047555 -0.01362222 0.0195 0.03047555 -0.01362222 0.022 0.0304 -0.013 0.0195 0.03069782 -0.01420828 0.0195 0.0304 -0.013 0.0195 0.0291 0.038 0.0195 0.02921333 0.03893333 0.022 0.0291 0.038 0.022 0.02921333 0.03893333 0.022 0.02921333 0.03893333 0.0195 0.02954672 0.03981242 0.022 0.02954672 0.03981242 0.022 0.02954672 0.03981242 0.0195 0.02954672 0.03981242 0.022 0.03008081 0.04058618 0.0195 0.02921333 0.03893333 0.0195 0.03008081 0.04058618 0.022 0.03008081 0.04058618 0.0195 0.03078455 0.04120964 0.022 0.03078455 0.04120964 0.0195 0.03008081 0.04058618 0.022 0.03078455 0.04120964 0.0195 0.03161704 0.04164657 0.022 0.03161704 0.04164657 0.022 0.03161704 0.04164657 0.0195 0.03161704 0.04164657 0.022 0.03252991 0.04187156 0.0195 0.03078455 0.04120964 0.0195 0.03252991 0.04187156 0.022 0.03252991 0.04187156 0.0195 0.03347009 0.04187156 0.022 0.03347009 0.04187156 0.0195 0.03252991 0.04187156 0.022 0.03347009 0.04187156 0.0195 0.03438296 0.04164657 0.022 0.03438296 0.04164657 0.0195 0.03347009 0.04187156 0.022 0.03438296 0.04164657 0.0195 0.03521545 0.04120964 0.022 0.03521545 0.04120964 0.0195 0.03438296 0.04164657 0.022 0.03521545 0.04120964 0.0195 0.03591919 0.04058618 0.022 0.03591919 0.04058618 0.022 0.03591919 0.04058618 0.0195 0.03591919 0.04058618 0.022 0.03645328 0.03981242 0.0195 0.03521545 0.04120964 0.0195 0.03645328 0.03981242 0.022 0.03645328 0.03981242 0.0195 0.03645328 0.03981242 0.022 0.03678668 0.03893333 0.0195 0.03678668 0.03893333 0.0195 0.03678668 0.03893333 0.0195 0.0369 0.038 0.022 0.03678668 0.03893333 0.022 0.0369 0.038 0.022 0.0369 0.038 0.0195 0.0369 0.038 0.022 0.03678668 0.03706667 0.0195 0.03678668 0.03706667 0.0195 0.03678668 0.03706667 0.0195 0.03645328 0.03618758 0.022 0.03678668 0.03706667 0.022 0.03645328 0.03618758 0.0195 0.03645328 0.03618758 0.0195 0.03591919 0.03541382 0.022 0.03645328 0.03618758 0.022 0.03591919 0.03541382 0.0195 0.03591919 0.03541382 0.0195 0.03521545 0.03479036 0.022 0.03591919 0.03541382 0.022 0.03521545 0.03479036 0.0195 0.03521545 0.03479036 0.0195 0.03438296 0.03435344 0.022 0.03521545 0.03479036 0.022 0.03438296 0.03435344 0.0195 0.03438296 0.03435344 0.0195 0.03347009 0.03412844 0.022 0.03438296 0.03435344 0.022 0.03347009 0.03412844 0.022 0.03347009 0.03412844 0.0195 0.03347009 0.03412844 0.022 0.03252991 0.03412844 0.0195 0.03252991 0.03412844 0.0195 0.03252991 0.03412844 0.0195 0.03161704 0.03435344 0.022 0.03252991 0.03412844 0.022 0.03161704 0.03435344 0.0195 0.03161704 0.03435344 0.0195 0.03078455 0.03479036 0.022 0.03161704 0.03435344 0.022 0.03078455 0.03479036 0.022 0.03078455 0.03479036 0.0195 0.03078455 0.03479036 0.022 0.03008081 0.03541382 0.0195 0.03008081 0.03541382 0.022 0.03008081 0.03541382 0.0195 0.03008081 0.03541382 0.022 0.02954672 0.03618758 0.0195 0.02954672 0.03618758 0.022 0.02954672 0.03618758 0.0195 0.02921333 0.03706667 0.022 0.02921333 0.03706667 0.022 0.02921333 0.03706667 0.0195 0.02921333 0.03706667 0.022 0.0291 0.038 0.0195 0.02954672 0.03618758 0.0195 0.0291 0.038 0.0195 0.03494613 -0.03972412 0.0195 0.03392198 -0.04043104 0.0195 0.03447697 -0.04013976 0.0195 0.03530218 -0.03920828 0.0195 0.03552445 -0.03862222 0.0195 0.03207802 -0.04043104 0.0195 0.0333134 -0.04058104 0.0195 0.0326866 -0.04058104 0.0195 0.03152303 -0.04013976 0.0195 0.03530218 -0.03679172 0.0195 0.03494613 -0.03627588 0.0195 0.03552445 -0.03737778 0.0195 0.03392198 -0.03556896 0.0195 0.0333134 -0.03541896 0.0195 0.03447697 -0.03586024 0.0195 0.03047555 -0.03737778 0.0195 0.03105387 -0.03972412 0.0195 0.03069782 -0.03920828 0.0195 0.03047555 -0.03862222 0.0195 0.0304 -0.038 0.0195 0.0326866 -0.03541896 0.0195 0.03207802 -0.03556896 0.0195 0.03105387 -0.03627588 0.0195 0.03069782 -0.03679172 0.0195 0.03152303 -0.03586024 0.0195 0.0356 -0.038 0.0195 0.03530218 -0.01420828 0.0195 0.03552445 -0.01362222 0.0195 0.03494613 -0.01472412 0.0195 0.03392198 -0.01543104 0.0195 0.03207802 -0.01543104 0.0195 0.0333134 -0.01558104 0.0195 0.0326866 -0.01558104 0.0195 0.03152303 -0.01513976 0.0195 0.03530218 -0.01179172 0.0195 0.03494613 -0.01127588 0.0195 0.03552445 -0.01237778 0.0195 0.03447697 -0.01086024 0.0195 0.0356 -0.013 0.0195 0.03447697 -0.01513976 0.0195 0.03047555 -0.01362222 0.0195 0.03105387 -0.01472412 0.0195 0.03069782 -0.01420828 0.0195 0.03392198 -0.01056896 0.0195 0.0333134 -0.01041896 0.0195 0.0326866 -0.01041896 0.0195 0.0304 -0.013 0.0195 0.03069782 -0.01179172 0.0195 0.03047555 -0.01237778 0.0195 0.03207802 -0.01056896 0.0195 0.03152303 -0.01086024 0.0195 0.03105387 -0.01127588 0.0195 0.03591919 0.03541382 0.0195 0.03438296 0.03435344 0.0195 0.03521545 0.03479036 0.0195 0.03078455 0.03479036 0.0195 0.03347009 0.03412844 0.0195 0.03252991 0.03412844 0.0195 0.03161704 0.03435344 0.0195 0.03645328 0.03981242 0.0195 0.03591919 0.04058618 0.0195 0.03678668 0.03893333 0.0195 0.0369 0.038 0.0195 0.03678668 0.03706667 0.0195 0.03645328 0.03618758 0.0195 0.03521545 0.04120964 0.0195 0.03438296 0.04164657 0.0195 0.03008081 0.03541382 0.0195 0.0291 0.038 0.0195 0.02954672 0.03618758 0.0195 0.02921333 0.03706667 0.0195 0.03347009 0.04187156 0.0195 0.03252991 0.04187156 0.0195 0.02921333 0.03893333 0.0195 0.03161704 0.04164657 0.0195 0.03078455 0.04120964 0.0195 0.03008081 0.04058618 0.0195 0.02954672 0.03981242</float_array>
          <technique_common>
            <accessor count="2148" source="#verts-array-array" stride="3">
              <param type="float" name="X"/>
              <param type="float" name="Y"/>
              <param type="float" name="Z"/>
            </accessor>
          </technique_common>
        </source>
        <source id="normals-array">
          <float_array count="6444" id="normals-array-array">-1 0 0 -1 0 0 -1 0 0 -1 0 0 -1 0 0 -1 0 0 -1 0 0 -1 0 0 -1 0 0 -1 0 0 -1 0 0 -1 0 0 -1 0 0 -1 0 0 -1 0 0 -1 0 0 -1 0 0 -1 0 0 -1 0 0 -1 0 0 -1 0 0 -1 0 0 -1 0 0 -1 0 0 -1 0 0 -1 0 0 -1 0 0 -1 0 0 0 1 0 0 1 0 0 1 0 0 1 0 0 -1 0 0 -1 0 0 -1 0 0 -1 0 -1 0 0 -1 0 0 -1 0 0 -1 0 0 -1 0 0 -1 0 0 -1 0 0 -1 0 0 -1 0 0 -1 0 0 -1 0 0 -1 0 0 0 -0.9927089 -0.1205367 0 -0.9927089 -0.1205367 0 -0.9927089 -0.1205367 0 -0.9350161 -0.3546053 0 -0.9350161 -0.3546053 0 -0.9350161 -0.3546053 0 -0.9927089 -0.1205367 0 -0.8229847 -0.5680635 0 -0.8229847 -0.5680635 0 -0.8229847 -0.5680635 0 -0.9350161 -0.3546053 0 -0.8229847 -0.5680635 0 -0.6631228 -0.7485106 0 -0.6631228 -0.7485106 0 -0.6631228 -0.7485106 0 -0.4647253 -0.8854549 0 -0.4647253 -0.8854549 0 -0.4647253 -0.8854549 0 -0.6631228 -0.7485106 0 -0.4647253 -0.8854549 0 -0.2393101 -0.9709432 0 -0.2393101 -0.9709432 0 -0.2393101 -0.9709432 0 -0.2393101 -0.9709432 0 0 -1 0 0 -1 0 0 -1 0 0 -1 0 0.2393101 -0.9709432 0 0.2393101 -0.9709432 0 0.2393101 -0.9709432 0 0.4647261 -0.8854545 0 0.4647261 -0.8854545 0 0.4647261 -0.8854545 0 0.2393101 -0.9709432 0 0.6631203 -0.7485129 0 0.6631203 -0.7485129 0 0.6631203 -0.7485129 0 0.4647261 -0.8854545 0 0.6631203 -0.7485129 0 0.8229866 -0.5680607 0 0.8229866 -0.5680607 0 0.8229866 -0.5680607 0 0.9350162 -0.354605 0 0.9350162 -0.354605 0 0.9350162 -0.354605 0 0.8229866 -0.5680607 0 0.9350162 -0.354605 0 0.9927087 -0.1205384 0 0.9927087 -0.1205384 0 0.9927087 -0.1205384 0 0.9927087 -0.1205384 1 0 0 1 0 0 1 0 0 1 0 0 1 0 0 1 0 0 1 0 0 1 0 0 1 0 0 1 0 0 1 0 0 1 0 0 1 0 0 1 0 0 1 0 0 1 0 0 1 0 0 1 0 0 1 0 0 1 0 0 1 0 0 1 0 0 1 0 0 1 0 0 1 0 0 1 0 0 1 0 0 1 0 0 0 0.9927087 0.1205384 0 0.9927087 0.1205384 0 0.9927087 0.1205384 0 0.9927087 0.1205384 0 0.9350162 0.354605 0 0.9350162 0.354605 0 0.9350162 0.354605 0 0.9350162 0.354605 0 0.8229866 0.5680607 0 0.8229866 0.5680607 0 0.8229866 0.5680607 0 0.6631203 0.7485129 0 0.6631203 0.7485129 0 0.6631203 0.7485129 0 0.8229866 0.5680607 0 0.6631203 0.7485129 0 0.4647261 0.8854545 0 0.4647261 0.8854545 0 0.4647261 0.8854545 0 0.4647261 0.8854545 0 0.2393101 0.9709432 0 0.2393101 0.9709432 0 0.2393101 0.9709432 0 0 1 0 0 1 0 0 1 0 0.2393101 0.9709432 0 -0.2393101 0.9709432 0 -0.2393101 0.9709432 0 -0.2393101 0.9709432 0 0 1 0 -0.2393101 0.9709432 0 -0.4647253 0.8854549 0 -0.4647253 0.8854549 0 -0.4647253 0.8854549 0 -0.6631228 0.7485106 0 -0.6631228 0.7485106 0 -0.6631228 0.7485106 0 -0.4647253 0.8854549 0 -0.8229847 0.5680635 0 -0.8229847 0.5680635 0 -0.8229847 0.5680635 0 -0.6631228 0.7485106 0 -0.8229847 0.5680635 0 -0.9350161 0.3546053 0 -0.9350161 0.3546053 0 -0.9350161 0.3546053 0 -0.9350161 0.3546053 0 -0.9927089 0.1205367 0 -0.9927089 0.1205367 0 -0.9927089 0.1205367 0 -0.9927089 0.1205367 -1 0 0 -1 0 0 -1 0 0 -1 0 0 -1 0 0 -1 0 0 -1 0 0 -1 0 0 -1 0 0 -1 0 0 -1 0 0 -1 0 0 1 0 0 1 0 0 1 0 0 1 0 0 1 0 0 1 0 0 1 0 0 1 0 0 1 0 0 1 0 0 1 0 0 1 0 0 1 0 0 1 0 0 1 0 0 1 0 0 1 0 0 1 0 0 1 0 0 1 0 0 1 0 0 1 0 0 1 0 0 1 0 0 0.1205315 0.9927095 0 0.1205315 0.9927095 0 0.1205315 0.9927095 0 0.1205315 0.9927095 0 0.3546036 0.9350167 0 0.3546036 0.9350167 0 0.3546036 0.9350167 0 0.3546036 0.9350167 0 0.5680652 0.8229835 0 0.5680652 0.8229835 0 0.5680652 0.8229835 0 0.7485127 0.6631205 0 0.7485127 0.6631205 0 0.7485127 0.6631205 0 0.5680652 0.8229835 0 0.7485127 0.6631205 0 0.8854529 0.4647291 0 0.8854529 0.4647291 0 0.8854529 0.4647291 0 0.8854529 0.4647291 0 0.9709433 0.2393097 0 0.9709433 0.2393097 0 0.9709433 0.2393097 0 0.9709433 0.2393097 0 1 0 0 1 0 0 1 0 0 0.9709433 -0.2393097 0 0.9709433 -0.2393097 0 0.9709433 -0.2393097 0 1 0 0 0.9709433 -0.2393097 0 0.8854527 -0.4647296 0 0.8854527 -0.4647296 0 0.8854527 -0.4647296 0 0.8854527 -0.4647296 0 0.7485132 -0.6631199 0 0.7485132 -0.6631199 0 0.7485132 -0.6631199 0 0.7485132 -0.6631199 0 0.5680645 -0.822984 0 0.5680645 -0.822984 0 0.5680645 -0.822984 0 0.5680645 -0.822984 0 0.3546036 -0.9350167 0 0.3546036 -0.9350167 0 0.3546036 -0.9350167 0 0.3546036 -0.9350167 0 0.1205325 -0.9927094 0 0.1205325 -0.9927094 0 0.1205325 -0.9927094 0 0.1205325 -0.9927094 0 -0.1205325 -0.9927094 0 -0.1205325 -0.9927094 0 -0.1205325 -0.9927094 0 -0.1205325 -0.9927094 0 -0.3546033 -0.9350169 0 -0.3546033 -0.9350169 0 -0.3546033 -0.9350169 0 -0.3546033 -0.9350169 0 -0.5680655 -0.8229833 0 -0.5680655 -0.8229833 0 -0.5680655 -0.8229833 0 -0.5680655 -0.8229833 0 -0.7485104 -0.663123 0 -0.7485104 -0.663123 0 -0.7485104 -0.663123 0 -0.7485104 -0.663123 0 -0.8854559 -0.4647235 0 -0.8854559 -0.4647235 0 -0.8854559 -0.4647235 0 -0.8854559 -0.4647235 0 -0.9709423 -0.2393138 0 -0.9709423 -0.2393138 0 -0.9709423 -0.2393138 0 -0.9709423 -0.2393138 0 -1 0 0 -1 0 0 -1 0 0 -1 0 0 -0.9709423 0.2393138 0 -0.9709423 0.2393138 0 -0.9709423 0.2393138 0 -0.9709423 0.2393138 0 -0.8854561 0.4647231 0 -0.8854561 0.4647231 0 -0.8854561 0.4647231 0 -0.8854561 0.4647231 0 -0.7485099 0.6631236 0 -0.7485099 0.6631236 0 -0.7485099 0.6631236 0 -0.7485099 0.6631236 0 -0.5680663 0.8229828 0 -0.5680663 0.8229828 0 -0.5680663 0.8229828 0 -0.3546033 0.9350169 0 -0.3546033 0.9350169 0 -0.3546033 0.9350169 0 -0.5680663 0.8229828 0 -0.3546033 0.9350169 0 -0.1205315 0.9927095 0 -0.1205315 0.9927095 0 -0.1205315 0.9927095 0 -0.1205315 0.9927095 0 0 0 -1 0 0 -1 0 0 -1 0 0 -1 0 0 -1 0 0 -1 0 0 -1 0 0 -1 0 0 -1 0 0 -1 0 0 -1 0 0 -1 0 0 -1 0 0 -1 0 0 -1 0 0 -1 0 0 -1 0 0 -1 0 0 -1 0 0 -1 0 0 -1 0 0 -1 0 0 -1 0 0 -1 0 0 -1 0 0 -1 0 0 1 0 0 1 0 0 1 0 0 1 0 0 1 0 0 1 0 0 1 0 0 1 0 0 1 0 0 1 0 0 1 0 0 1 0 0 1 0 0 1 0 0 1 0 0 1 0 0 1 0 0 1 0 0 1 0 0 1 0 0 1 0 0 1 0 0 1 0 0 1 0 0 1 0 0 1 -1 0 0 -1 0 0 -1 0 0 -1 0 0 -1 0 0 -1 0 0 -1 0 0 -1 0 0 -1 0 0 -1 0 0 -1 0 0 -1 0 0 -1 0 0 -1 0 0 -1 0 0 -1 0 0 -1 0 0 -1 0 0 -1 0 0 -1 0 0 -1 0 0 -1 0 0 -1 0 0 -1 0 0 -1 0 0 -1 0 0 -1 0 0 -1 0 0 0 1 0 0 1 0 0 1 0 0 1 0 0 -1 0 0 -1 0 0 -1 0 0 -1 0 -1 0 0 -1 0 0 -1 0 0 -1 0 0 -1 0 0 -1 0 0 -1 0 0 -1 0 0 -1 0 0 -1 0 0 -1 0 0 -1 0 0 0 -0.9927089 -0.1205362 0 -0.9927089 -0.1205362 0 -0.9927089 -0.1205362 0 -0.9927089 -0.1205362 0 -0.935016 -0.3546056 0 -0.935016 -0.3546056 0 -0.935016 -0.3546056 0 -0.935016 -0.3546056 0 -0.8229852 -0.5680628 0 -0.8229852 -0.5680628 0 -0.8229852 -0.5680628 0 -0.6631204 -0.7485128 0 -0.6631204 -0.7485128 0 -0.6631204 -0.7485128 0 -0.8229852 -0.5680628 0 -0.4647235 -0.8854559 0 -0.4647235 -0.8854559 0 -0.4647235 -0.8854559 0 -0.6631204 -0.7485128 0 -0.4647235 -0.8854559 0 -0.2393169 -0.9709415 0 -0.2393169 -0.9709415 0 -0.2393169 -0.9709415 0 0 -1 0 0 -1 0 0 -1 0 -0.2393169 -0.9709415 0 0 -1 0 0.2393168 -0.9709415 0 0.2393168 -0.9709415 0 0.2393168 -0.9709415 0 0.4647235 -0.8854559 0 0.4647235 -0.8854559 0 0.4647235 -0.8854559 0 0.2393168 -0.9709415 0 0.4647235 -0.8854559 0 0.6631206 -0.7485126 0 0.6631206 -0.7485126 0 0.6631206 -0.7485126 0 0.6631206 -0.7485126 0 0.822985 -0.5680631 0 0.822985 -0.5680631 0 0.822985 -0.5680631 0 0.822985 -0.5680631 0 0.935016 -0.3546056 0 0.935016 -0.3546056 0 0.935016 -0.3546056 0 0.992709 -0.1205357 0 0.992709 -0.1205357 0 0.992709 -0.1205357 0 0.935016 -0.3546056 0 0.992709 -0.1205357 1 0 0 1 0 0 1 0 0 1 0 0 1 0 0 1 0 0 1 0 0 1 0 0 1 0 0 1 0 0 1 0 0 1 0 0 1 0 0 1 0 0 1 0 0 1 0 0 1 0 0 1 0 0 1 0 0 1 0 0 1 0 0 1 0 0 1 0 0 1 0 0 1 0 0 1 0 0 1 0 0 1 0 0 1 0 0 1 0 0 1 0 0 1 0 0 1 0 0 1 0 0 1 0 0 1 0 0 1 0 0 1 0 0 1 0 0 1 0 0 1 0 0 1 0 0 1 0 0 1 0 0 1 0 0 1 0 0 1 0 0 1 0 0 1 0 0 1 0 0 1 0 0 1 0 0 1 0 0 1 0 0 1 0 0 1 0 0 1 0 0 1 0 0 1 0 0 1 0 0 1 0 0 1 0 0 1 0 0 1 0 0 1 0 0 1 0 0 1 0 0 1 0 0 1 0 0 1 0 0 1 0 0 1 0 0 1 0 0 1 0 0 1 0 0 1 0 0 1 0 0 1 0 0 1 0 0 1 0 0 1 0 0 1 0 0 1 0 0 1 0 0 1 0 0 1 0 0 1 0 0 1 0 0 1 0 0 1 0 0 1 0 0 1 0 0 1 0 0 1 0 0 1 0 0 1 0 0 1 0 0 1 0 0 1 0 0 1 0 0 1 0 0 1 0 0 1 0 0 1 0 0 1 0 0 1 0 0 1 0 0 1 0 0 1 0 0 1 0 0 1 0 0 1 0 0 1 0 0 1 0 0 1 0 0 1 0 0 1 0 0 1 0 0 1 0 0 1 0 0 1 0 0 1 0 0 1 0 0 1 0 0 1 0 0 1 0 0 1 0 0 1 0 0 1 0 0 1 0 0 1 0 0 1 0 0 1 0 0 1 0 0 1 0 0 1 0 0 1 0 0 1 0 0 1 0 0 1 0 0 1 0 0 1 0 0 1 0 0 1 0 0 1 0 0 1 0 0 1 0 0 1 0 0 1 0 0 1 0 0 1 0 0 1 0 0 1 0 0 1 0 0 1 0 0 1 0 0 1 0 0 1 0 0 0 0.992709 0.1205357 0 0.992709 0.1205357 0 0.992709 0.1205357 0 0.992709 0.1205357 0 0.935016 0.3546056 0 0.935016 0.3546056 0 0.935016 0.3546056 0 0.935016 0.3546056 0 0.822985 0.5680631 0 0.822985 0.5680631 0 0.822985 0.5680631 0 0.822985 0.5680631 0 0.6631206 0.7485126 0 0.6631206 0.7485126 0 0.6631206 0.7485126 0 0.6631206 0.7485126 0 0.4647235 0.8854559 0 0.4647235 0.8854559 0 0.4647235 0.8854559 0 0.4647235 0.8854559 0 0.2393168 0.9709415 0 0.2393168 0.9709415 0 0.2393168 0.9709415 0 0.2393168 0.9709415 0 0 1 0 0 1 0 0 1 0 -0.2393169 0.9709415 0 -0.2393169 0.9709415 0 -0.2393169 0.9709415 0 0 1 0 -0.2393169 0.9709415 0 -0.4647235 0.8854559 0 -0.4647235 0.8854559 0 -0.4647235 0.8854559 0 -0.4647235 0.8854559 0 -0.6631204 0.7485128 0 -0.6631204 0.7485128 0 -0.6631204 0.7485128 0 -0.6631204 0.7485128 0 -0.8229852 0.5680628 0 -0.8229852 0.5680628 0 -0.8229852 0.5680628 0 -0.935016 0.3546056 0 -0.935016 0.3546056 0 -0.935016 0.3546056 0 -0.8229852 0.5680628 0 -0.935016 0.3546056 0 -0.9927089 0.1205362 0 -0.9927089 0.1205362 0 -0.9927089 0.1205362 0 -0.9927089 0.1205362 -1 0 0 -1 0 0 -1 0 0 -1 0 0 -1 0 0 -1 0 0 -1 0 0 -1 0 0 -1 0 0 -1 0 0 -1 0 0 -1 0 0 1 0 0 1 0 0 1 0 0 1 0 0 1 0 0 1 0 0 1 0 0 1 0 0 1 0 0 1 0 0 1 0 0 1 0 0 1 0 0 1 0 0 1 0 0 1 0 0 1 0 0 1 0 0 1 0 0 1 0 0 1 0 0 1 0 0 1 0 0 1 0 0 1 0 0 1 0 0 1 0 0 1 0 0 1 0 0 1 0 0 1 0 0 1 0 0 1 0 0 1 0 0 1 0 0 1 0 0 1 0 0 1 0 0 1 0 0 1 0 0 1 0 0 1 0 0 1 0 0 1 0 0 1 0 0 1 0 0 1 0 0 1 0 0 1 0 0 1 0 0 1 0 0 1 0 0 1 0 0 1 0 0 1 0 0 1 0 0 1 0 0 1 0 0 1 0 0 1 0 0 1 0 0 1 0 0 1 0 0 1 0 0 0 0.9927091 -0.1205349 0 0.9927091 -0.1205349 0 0.9927091 -0.1205349 0 0.9927091 -0.1205349 0 0.9350158 -0.3546061 0 0.9350158 -0.3546061 0 0.9350158 -0.3546061 0 0.9350158 -0.3546061 0 0.8229824 -0.5680669 0 0.8229824 -0.5680669 0 0.8229824 -0.5680669 0 0.8229824 -0.5680669 0 0.6631258 -0.7485079 0 0.6631258 -0.7485079 0 0.6631258 -0.7485079 0 0.6631258 -0.7485079 0 0.4647187 -0.8854583 0 0.4647187 -0.8854583 0 0.4647187 -0.8854583 0 0.4647187 -0.8854583 0 0.2393193 -0.9709409 0 0.2393193 -0.9709409 0 0.2393193 -0.9709409 0 0.2393193 -0.9709409 0 0 -1 0 0 -1 0 0 -1 0 0 -1 0 -0.2393193 -0.9709409 0 -0.2393193 -0.9709409 0 -0.2393193 -0.9709409 0 -0.2393193 -0.9709409 0 -0.4647187 -0.8854583 0 -0.4647187 -0.8854583 0 -0.4647187 -0.8854583 0 -0.4647187 -0.8854583 0 -0.6631258 -0.7485079 0 -0.6631258 -0.7485079 0 -0.6631258 -0.7485079 0 -0.6631258 -0.7485079 0 -0.8229816 -0.568068 0 -0.8229816 -0.568068 0 -0.8229816 -0.568068 0 -0.8229816 -0.568068 0 -0.9350163 -0.3546046 0 -0.9350163 -0.3546046 0 -0.9350163 -0.3546046 0 -0.9350163 -0.3546046 0 -0.9927089 -0.1205366 0 -0.9927089 -0.1205366 0 -0.9927089 -0.1205366 0 -0.9927089 -0.1205366 0 -0.9927089 0.1205362 0 -0.9927089 0.1205362 0 -0.9927089 0.1205362 0 -0.9927089 0.1205362 0 -0.935015 0.3546081 0 -0.935015 0.3546081 0 -0.935015 0.3546081 0 -0.935015 0.3546081 0 -0.8229849 0.5680632 0 -0.8229849 0.5680632 0 -0.8229849 0.5680632 0 -0.8229849 0.5680632 0 -0.6631239 0.7485096 0 -0.6631239 0.7485096 0 -0.6631239 0.7485096 0 -0.6631239 0.7485096 0 -0.4647187 0.8854583 0 -0.4647187 0.8854583 0 -0.4647187 0.8854583 0 -0.4647187 0.8854583 0 -0.2393225 0.9709401 0 -0.2393225 0.9709401 0 -0.2393225 0.9709401 0 -0.2393225 0.9709401 0 0 1 0 0 1 0 0 1 0 0 1 0 0.2393225 0.9709401 0 0.2393225 0.9709401 0 0.2393225 0.9709401 0 0.2393225 0.9709401 0 0.4647187 0.8854583 0 0.4647187 0.8854583 0 0.4647187 0.8854583 0 0.4647187 0.8854583 0 0.6631239 0.7485096 0 0.6631239 0.7485096 0 0.6631239 0.7485096 0 0.6631239 0.7485096 0 0.8229857 0.568062 0 0.8229857 0.568062 0 0.8229857 0.568062 0 0.9350145 0.3546096 0 0.9350145 0.3546096 0 0.9350145 0.3546096 0 0.8229857 0.568062 0 0.9350145 0.3546096 0 0.9927091 0.1205345 0 0.9927091 0.1205345 0 0.9927091 0.1205345 0 0.9927091 0.1205345 0 0.9927091 -0.1205347 0 0.9927091 -0.1205347 0 0.9927091 -0.1205347 0 0.9927091 -0.1205347 0 0.9350146 -0.3546093 0 0.9350146 -0.3546093 0 0.9350146 -0.3546093 0 0.9350146 -0.3546093 0 0.822986 -0.5680616 0 0.822986 -0.5680616 0 0.822986 -0.5680616 0 0.822986 -0.5680616 0 0.6631225 -0.7485109 0 0.6631225 -0.7485109 0 0.6631225 -0.7485109 0 0.6631225 -0.7485109 0 0.4647228 -0.8854562 0 0.4647228 -0.8854562 0 0.4647228 -0.8854562 0 0.4647228 -0.8854562 0 0.2393176 -0.9709413 0 0.2393176 -0.9709413 0 0.2393176 -0.9709413 0 0.2393176 -0.9709413 0 0 -1 0 0 -1 0 0 -1 0 0 -1 0 -0.2393176 -0.9709413 0 -0.2393176 -0.9709413 0 -0.2393176 -0.9709413 0 -0.2393176 -0.9709413 0 -0.4647228 -0.8854562 0 -0.4647228 -0.8854562 0 -0.4647228 -0.8854562 0 -0.4647228 -0.8854562 0 -0.6631225 -0.7485109 0 -0.6631225 -0.7485109 0 -0.6631225 -0.7485109 0 -0.6631225 -0.7485109 0 -0.8229852 -0.5680628 0 -0.8229852 -0.5680628 0 -0.8229852 -0.5680628 0 -0.8229852 -0.5680628 0 -0.9350151 -0.3546078 0 -0.9350151 -0.3546078 0 -0.9350151 -0.3546078 0 -0.9350151 -0.3546078 0 -0.9927089 -0.1205364 0 -0.9927089 -0.1205364 0 -0.9927089 -0.1205364 0 -0.9927089 -0.1205364 0 -0.9927089 0.1205364 0 -0.9927089 0.1205364 0 -0.9927089 0.1205364 0 -0.9927089 0.1205364 0 -0.935015 0.3546081 0 -0.935015 0.3546081 0 -0.935015 0.3546081 0 -0.935015 0.3546081 0 -0.8229855 0.5680624 0 -0.8229855 0.5680624 0 -0.8229855 0.5680624 0 -0.8229855 0.5680624 0 -0.6631239 0.7485096 0 -0.6631239 0.7485096 0 -0.6631239 0.7485096 0 -0.6631239 0.7485096 0 -0.4647187 0.8854583 0 -0.4647187 0.8854583 0 -0.4647187 0.8854583 0 -0.4647187 0.8854583 0 -0.2393193 0.9709409 0 -0.2393193 0.9709409 0 -0.2393193 0.9709409 0 -0.2393193 0.9709409 0 0 1 0 0 1 0 0 1 0 0 1 0 0.2393193 0.9709409 0 0.2393193 0.9709409 0 0.2393193 0.9709409 0 0.2393193 0.9709409 0 0.4647187 0.8854583 0 0.4647187 0.8854583 0 0.4647187 0.8854583 0 0.4647187 0.8854583 0 0.6631239 0.7485096 0 0.6631239 0.7485096 0 0.6631239 0.7485096 0 0.6631239 0.7485096 0 0.8229863 0.5680612 0 0.8229863 0.5680612 0 0.8229863 0.5680612 0 0.9350145 0.3546096 0 0.9350145 0.3546096 0 0.9350145 0.3546096 0 0.8229863 0.5680612 0 0.9350145 0.3546096 0 0.9927091 0.1205347 0 0.9927091 0.1205347 0 0.9927091 0.1205347 0 0.9927091 0.1205347 0 0.9927101 -0.1205268 0 0.9927101 -0.1205268 0 0.9927101 -0.1205268 0 0.9927101 -0.1205268 0 0.9350139 -0.3546111 0 0.9350139 -0.3546111 0 0.9350139 -0.3546111 0 0.9350139 -0.3546111 0 0.8229866 -0.5680608 0 0.8229866 -0.5680608 0 0.8229866 -0.5680608 0 0.6631001 -0.7485307 0 0.6631001 -0.7485307 0 0.6631001 -0.7485307 0 0.8229866 -0.5680608 0 0.6631001 -0.7485307 0 0.4647301 -0.8854524 0 0.4647301 -0.8854524 0 0.4647301 -0.8854524 0 0.4647301 -0.8854524 0 0.2393392 -0.970936 0 0.2393392 -0.970936 0 0.2393392 -0.970936 0 0 -1 0 0 -1 0 0 -1 0 0.2393392 -0.970936 0 0 -1 0 -0.2393392 -0.970936 0 -0.2393392 -0.970936 0 -0.2393392 -0.970936 0 -0.2393392 -0.970936 0 -0.4647281 -0.8854534 0 -0.4647281 -0.8854534 0 -0.4647281 -0.8854534 0 -0.4647281 -0.8854534 0 -0.6631025 -0.7485286 0 -0.6631025 -0.7485286 0 -0.6631025 -0.7485286 0 -0.6631025 -0.7485286 0 -0.8229866 -0.5680608 0 -0.8229866 -0.5680608 0 -0.8229866 -0.5680608 0 -0.8229866 -0.5680608 0 -0.9350139 -0.3546111 0 -0.9350139 -0.3546111 0 -0.9350139 -0.3546111 0 -0.9350139 -0.3546111 0 -0.9927101 -0.1205268 0 -0.9927101 -0.1205268 0 -0.9927101 -0.1205268 0 -0.9927101 -0.1205268 0 -0.9927101 0.1205268 0 -0.9927101 0.1205268 0 -0.9927101 0.1205268 0 -0.9927101 0.1205268 0 -0.9350139 0.3546111 0 -0.9350139 0.3546111 0 -0.9350139 0.3546111 0 -0.9350139 0.3546111 0 -0.8229866 0.5680608 0 -0.8229866 0.5680608 0 -0.8229866 0.5680608 0 -0.8229866 0.5680608 0 -0.6631052 0.7485262 0 -0.6631052 0.7485262 0 -0.6631052 0.7485262 0 -0.6631052 0.7485262 0 -0.4647243 0.8854554 0 -0.4647243 0.8854554 0 -0.4647243 0.8854554 0 -0.4647243 0.8854554 0 -0.2393438 0.9709349 0 -0.2393438 0.9709349 0 -0.2393438 0.9709349 0 -0.2393438 0.9709349 0 0 1 0 0 1 0 0 1 0 0 1 0 0.2393438 0.9709349 0 0.2393438 0.9709349 0 0.2393438 0.9709349 0 0.2393438 0.9709349 0 0.4647263 0.8854544 0 0.4647263 0.8854544 0 0.4647263 0.8854544 0 0.4647263 0.8854544 0 0.6631028 0.7485283 0 0.6631028 0.7485283 0 0.6631028 0.7485283 0 0.6631028 0.7485283 0 0.8229866 0.5680608 0 0.8229866 0.5680608 0 0.8229866 0.5680608 0 0.8229866 0.5680608 0 0.9350139 0.3546111 0 0.9350139 0.3546111 0 0.9350139 0.3546111 0 0.9350139 0.3546111 0 0.9927101 0.1205268 0 0.9927101 0.1205268 0 0.9927101 0.1205268 0 0.9927101 0.1205268 0 0.9927088 -0.120537 0 0.9927088 -0.120537 0 0.9927088 -0.120537 0 0.9927088 -0.120537 0 0.9350177 -0.3546011 0 0.9350177 -0.3546011 0 0.9350177 -0.3546011 0 0.9350177 -0.3546011 0 0.8229814 -0.5680683 0 0.8229814 -0.5680683 0 0.8229814 -0.5680683 0 0.8229814 -0.5680683 0 0.6631226 -0.7485108 0 0.6631226 -0.7485108 0 0.6631226 -0.7485108 0 0.6631226 -0.7485108 0 0.4647258 -0.8854546 0 0.4647258 -0.8854546 0 0.4647258 -0.8854546 0 0.4647258 -0.8854546 0 0.2393119 -0.9709427 0 0.2393119 -0.9709427 0 0.2393119 -0.9709427 0 0.2393119 -0.9709427 0 0 -1 0 0 -1 0 0 -1 0 0 -1 0 -0.2393122 -0.9709427 0 -0.2393122 -0.9709427 0 -0.2393122 -0.9709427 0 -0.2393122 -0.9709427 0 -0.4647248 -0.8854552 0 -0.4647248 -0.8854552 0 -0.4647248 -0.8854552 0 -0.4647248 -0.8854552 0 -0.6631226 -0.7485108 0 -0.6631226 -0.7485108 0 -0.6631226 -0.7485108 0 -0.6631226 -0.7485108 0 -0.8229814 -0.5680683 0 -0.8229814 -0.5680683 0 -0.8229814 -0.5680683 0 -0.8229814 -0.5680683 0 -0.9350181 -0.3546 0 -0.9350181 -0.3546 0 -0.9350181 -0.3546 0 -0.9350181 -0.3546 0 -0.9927087 -0.1205383 0 -0.9927087 -0.1205383 0 -0.9927087 -0.1205383 0 -0.9927087 -0.1205383 0 -0.9927088 0.1205377 0 -0.9927088 0.1205377 0 -0.9927088 0.1205377 0 -0.9927088 0.1205377 0 -0.9350171 0.3546025 0 -0.9350171 0.3546025 0 -0.9350171 0.3546025 0 -0.9350171 0.3546025 0 -0.8229823 0.5680671 0 -0.8229823 0.5680671 0 -0.8229823 0.5680671 0 -0.8229823 0.5680671 0 -0.6631211 0.7485121 0 -0.6631211 0.7485121 0 -0.6631211 0.7485121 0 -0.6631211 0.7485121 0 -0.4647207 0.8854573 0 -0.4647207 0.8854573 0 -0.4647207 0.8854573 0 -0.4647207 0.8854573 0 -0.2393171 0.9709415 0 -0.2393171 0.9709415 0 -0.2393171 0.9709415 0 -0.2393171 0.9709415 0 0 1 0 0 1 0 0 1 0 0 1 0 0.2393168 0.9709415 0 0.2393168 0.9709415 0 0.2393168 0.9709415 0 0.2393168 0.9709415 0 0.4647218 0.8854568 0 0.4647218 0.8854568 0 0.4647218 0.8854568 0 0.4647218 0.8854568 0 0.6631211 0.7485121 0 0.6631211 0.7485121 0 0.6631211 0.7485121 0 0.6631211 0.7485121 0 0.8229823 0.5680671 0 0.8229823 0.5680671 0 0.8229823 0.5680671 0 0.9350167 0.3546037 0 0.9350167 0.3546037 0 0.9350167 0.3546037 0 0.8229823 0.5680671 0 0.9350167 0.3546037 0 0.9927089 0.1205364 0 0.9927089 0.1205364 0 0.9927089 0.1205364 0 0.9927089 0.1205364 0 0.9927107 -0.120522 0 0.9927107 -0.120522 0 0.9927107 -0.120522 0 0.9927107 -0.120522 0 0.9350123 -0.3546154 0 0.9350123 -0.3546154 0 0.9350123 -0.3546154 0 0.9350123 -0.3546154 0 0.8229866 -0.5680608 0 0.8229866 -0.5680608 0 0.8229866 -0.5680608 0 0.6631049 -0.7485265 0 0.6631049 -0.7485265 0 0.6631049 -0.7485265 0 0.8229866 -0.5680608 0 0.6631049 -0.7485265 0 0.4647281 -0.8854534 0 0.4647281 -0.8854534 0 0.4647281 -0.8854534 0 0.4647281 -0.8854534 0 0.2393392 -0.970936 0 0.2393392 -0.970936 0 0.2393392 -0.970936 0 0 -1 0 0 -1 0 0 -1 0 0.2393392 -0.970936 0 0 -1 0 -0.2393415 -0.9709355 0 -0.2393415 -0.9709355 0 -0.2393415 -0.9709355 0 -0.2393415 -0.9709355 0 -0.4647162 -0.8854597 0 -0.4647162 -0.8854597 0 -0.4647162 -0.8854597 0 -0.4647162 -0.8854597 0 -0.6631145 -0.748518 0 -0.6631145 -0.748518 0 -0.6631145 -0.748518 0 -0.6631145 -0.748518 0 -0.8229866 -0.5680608 0 -0.8229866 -0.5680608 0 -0.8229866 -0.5680608 0 -0.8229866 -0.5680608 0 -0.9350155 -0.3546069 0 -0.9350155 -0.3546069 0 -0.9350155 -0.3546069 0 -0.9350155 -0.3546069 0 -0.9927095 -0.1205315 0 -0.9927095 -0.1205315 0 -0.9927095 -0.1205315 0 -0.9927095 -0.1205315 0 -0.9927095 0.1205315 0 -0.9927095 0.1205315 0 -0.9927095 0.1205315 0 -0.9927095 0.1205315 0 -0.9350155 0.3546069 0 -0.9350155 0.3546069 0 -0.9350155 0.3546069 0 -0.9350155 0.3546069 0 -0.8229866 0.5680608 0 -0.8229866 0.5680608 0 -0.8229866 0.5680608 0 -0.8229866 0.5680608 0 -0.6631172 0.7485156 0 -0.6631172 0.7485156 0 -0.6631172 0.7485156 0 -0.6631172 0.7485156 0 -0.4647124 0.8854617 0 -0.4647124 0.8854617 0 -0.4647124 0.8854617 0 -0.4647124 0.8854617 0 -0.239346 0.9709343 0 -0.239346 0.9709343 0 -0.239346 0.9709343 0 -0.239346 0.9709343 0 0 1 0 0 1 0 0 1 0 0 1 0 0.2393438 0.9709349 0 0.2393438 0.9709349 0 0.2393438 0.9709349 0 0.2393438 0.9709349 0 0.4647243 0.8854554 0 0.4647243 0.8854554 0 0.4647243 0.8854554 0 0.4647243 0.8854554 0 0.6631076 0.7485241 0 0.6631076 0.7485241 0 0.6631076 0.7485241 0 0.6631076 0.7485241 0 0.8229866 0.5680608 0 0.8229866 0.5680608 0 0.8229866 0.5680608 0 0.8229866 0.5680608 0 0.9350123 0.3546154 0 0.9350123 0.3546154 0 0.9350123 0.3546154 0 0.9350123 0.3546154 0 0.9927107 0.120522 0 0.9927107 0.120522 0 0.9927107 0.120522 0 0.9927107 0.120522 1 0 0 1 0 0 1 0 0 1 0 0 1 0 0 1 0 0 1 0 0 1 0 0 1 0 0 1 0 0 1 0 0 1 0 0 0 0.9927107 -0.1205213 0 0.9927107 -0.1205213 0 0.9927107 -0.1205213 0 0.9927107 -0.1205213 0 0.9350076 -0.3546277 0 0.9350076 -0.3546277 0 0.9350076 -0.3546277 0 0.9350076 -0.3546277 0 0.8229865 -0.568061 0 0.8229865 -0.568061 0 0.8229865 -0.568061 0 0.663119 -0.748514 0 0.663119 -0.748514 0 0.663119 -0.748514 0 0.8229865 -0.568061 0 0.663119 -0.748514 0 0.4647295 -0.8854527 0 0.4647295 -0.8854527 0 0.4647295 -0.8854527 0 0.4647295 -0.8854527 0 0.2393179 -0.9709413 0 0.2393179 -0.9709413 0 0.2393179 -0.9709413 0 0 -1 0 0 -1 0 0 -1 0 0.2393179 -0.9709413 0 0 -1 0 -0.2393179 -0.9709413 0 -0.2393179 -0.9709413 0 -0.2393179 -0.9709413 0 -0.2393179 -0.9709413 0 -0.4647295 -0.8854527 0 -0.4647295 -0.8854527 0 -0.4647295 -0.8854527 0 -0.4647295 -0.8854527 0 -0.663119 -0.748514 0 -0.663119 -0.748514 0 -0.663119 -0.748514 0 -0.663119 -0.748514 0 -0.8229865 -0.568061 0 -0.8229865 -0.568061 0 -0.8229865 -0.568061 0 -0.8229865 -0.568061 0 -0.9350076 -0.3546277 0 -0.9350076 -0.3546277 0 -0.9350076 -0.3546277 0 -0.9350076 -0.3546277 0 -0.9927107 -0.1205213 0 -0.9927107 -0.1205213 0 -0.9927107 -0.1205213 0 -0.9927107 -0.1205213 0 -0.9927107 0.1205213 0 -0.9927107 0.1205213 0 -0.9927107 0.1205213 0 -0.9927107 0.1205213 0 -0.9350061 0.3546317 0 -0.9350061 0.3546317 0 -0.9350061 0.3546317 0 -0.9350061 0.3546317 0 -0.8229865 0.568061 0 -0.8229865 0.568061 0 -0.8229865 0.568061 0 -0.8229865 0.568061 0 -0.663119 0.748514 0 -0.663119 0.748514 0 -0.663119 0.748514 0 -0.663119 0.748514 0 -0.4647295 0.8854527 0 -0.4647295 0.8854527 0 -0.4647295 0.8854527 0 -0.4647295 0.8854527 0 -0.2393179 0.9709413 0 -0.2393179 0.9709413 0 -0.2393179 0.9709413 0 -0.2393179 0.9709413 0 0 1 0 0 1 0 0 1 0 0 1 0 0.2393179 0.9709413 0 0.2393179 0.9709413 0 0.2393179 0.9709413 0 0.2393179 0.9709413 0 0.4647295 0.8854527 0 0.4647295 0.8854527 0 0.4647295 0.8854527 0 0.4647295 0.8854527 0 0.663119 0.748514 0 0.663119 0.748514 0 0.663119 0.748514 0 0.663119 0.748514 0 0.8229865 0.568061 0 0.8229865 0.568061 0 0.8229865 0.568061 0 0.8229865 0.568061 0 0.9350061 0.3546317 0 0.9350061 0.3546317 0 0.9350061 0.3546317 0 0.9350061 0.3546317 0 0.9927107 0.1205213 0 0.9927107 0.1205213 0 0.9927107 0.1205213 0 0.9927107 0.1205213 0 0.9927107 -0.1205213 0 0.9927107 -0.1205213 0 0.9927107 -0.1205213 0 0.9927107 -0.1205213 0 0.9350061 -0.3546317 0 0.9350061 -0.3546317 0 0.9350061 -0.3546317 0 0.9350061 -0.3546317 0 0.8229865 -0.568061 0 0.8229865 -0.568061 0 0.8229865 -0.568061 0 0.663119 -0.748514 0 0.663119 -0.748514 0 0.663119 -0.748514 0 0.8229865 -0.568061 0 0.663119 -0.748514 0 0.4647295 -0.8854527 0 0.4647295 -0.8854527 0 0.4647295 -0.8854527 0 0.4647295 -0.8854527 0 0.2393179 -0.9709413 0 0.2393179 -0.9709413 0 0.2393179 -0.9709413 0 0 -1 0 0 -1 0 0 -1 0 0.2393179 -0.9709413 0 0 -1 0 -0.2393179 -0.9709413 0 -0.2393179 -0.9709413 0 -0.2393179 -0.9709413 0 -0.2393179 -0.9709413 0 -0.4647295 -0.8854527 0 -0.4647295 -0.8854527 0 -0.4647295 -0.8854527 0 -0.4647295 -0.8854527 0 -0.663119 -0.748514 0 -0.663119 -0.748514 0 -0.663119 -0.748514 0 -0.663119 -0.748514 0 -0.8229865 -0.568061 0 -0.8229865 -0.568061 0 -0.8229865 -0.568061 0 -0.8229865 -0.568061 0 -0.9350061 -0.3546317 0 -0.9350061 -0.3546317 0 -0.9350061 -0.3546317 0 -0.9350061 -0.3546317 0 -0.9927107 -0.1205213 0 -0.9927107 -0.1205213 0 -0.9927107 -0.1205213 0 -0.9927107 -0.1205213 0 -0.9927107 0.1205213 0 -0.9927107 0.1205213 0 -0.9927107 0.1205213 0 -0.9927107 0.1205213 0 -0.9350076 0.3546277 0 -0.9350076 0.3546277 0 -0.9350076 0.3546277 0 -0.9350076 0.3546277 0 -0.8229865 0.568061 0 -0.8229865 0.568061 0 -0.8229865 0.568061 0 -0.8229865 0.568061 0 -0.663119 0.748514 0 -0.663119 0.748514 0 -0.663119 0.748514 0 -0.663119 0.748514 0 -0.4647295 0.8854527 0 -0.4647295 0.8854527 0 -0.4647295 0.8854527 0 -0.4647295 0.8854527 0 -0.2393179 0.9709413 0 -0.2393179 0.9709413 0 -0.2393179 0.9709413 0 -0.2393179 0.9709413 0 0 1 0 0 1 0 0 1 0 0 1 0 0.2393179 0.9709413 0 0.2393179 0.9709413 0 0.2393179 0.9709413 0 0.2393179 0.9709413 0 0.4647295 0.8854527 0 0.4647295 0.8854527 0 0.4647295 0.8854527 0 0.4647295 0.8854527 0 0.663119 0.748514 0 0.663119 0.748514 0 0.663119 0.748514 0 0.663119 0.748514 0 0.8229865 0.568061 0 0.8229865 0.568061 0 0.8229865 0.568061 0 0.8229865 0.568061 0 0.9350076 0.3546277 0 0.9350076 0.3546277 0 0.9350076 0.3546277 0 0.9350076 0.3546277 0 0.9927107 0.1205213 0 0.9927107 0.1205213 0 0.9927107 0.1205213 0 0.9927107 0.1205213 1 0 0 1 0 0 1 0 0 1 0 0 1 0 0 1 0 0 1 0 0 1 0 0 1 0 0 1 0 0 1 0 0 1 0 0 1 0 0 1 0 0 1 0 0 1 0 0 1 0 0 1 0 0 1 0 0 1 0 0 1 0 0 1 0 0 1 0 0 1 0 0 1 0 0 1 0 0 1 0 0 1 0 0 1 0 0 1 0 0 1 0 0 1 0 0 1 0 0 1 0 0 1 0 0 1 0 0 1 0 0 1 0 0 1 0 0 1 0 0 1 0 0 1 0 0 1 0 0 1 0 0 1 0 0 1 0 0 1 0 0 1 0 0 1 0 0 1 0 0 1 0 0 1 0 0 1 0 0 1 0 0 1 0 0 1 0 0 1 0 0 1 0 0 1 0 0 1 0 0 1 0 0 1 0 0 1 0 0 1 0 0 1 0 0 1 0 0 1 0 0 1 0 0 1 0 0 1 0 0 1 0 0 1 0 0 1 0 0 1 0 0 1 0 0 1 0 0 1 0 0 1 0 0 1 0 0 1 0 0 1 0 0 1 0 0 1 0 0 1 0 0 1 0 0 1 0 0 1 0 0 1 0 0 1 0 0 1 0 0 1 0 0 1 0 0 1 0 0 1 0 0 1 0 0 1 0 0 1 0 0 1 0 0 1 0 0 1 0 0 1 0 0 1 0 0 1 0 0 1 0 0 1 0 0 1 0 0 1 0 0 1 0 0 1 0 0 1 0 0 1 0 0 1 0 0 1 0 0 1 0 0 1 0 0 1 0 0 1 0 0 1 0 0 1 0 0 1 0 0 1 0 0 1 0 0 1 0 0 1 0 0 1 0 0 1 0 0 1 0 0 1 0 0 1 0 0 1 0 0 1 0 0 1 0 0 1 0 0 1 0 0 1 0 0 1 0 0 1 0 0 1 0 0 1 0 0 1 0 0 1 0 0 1 0 0 1 0 0 1 0 0 1 0 0 1 0 0 1 0 0 1 0 0 1 0 0 1 0 0 1 0 0 1 0 0 1 0 0 1 0 0 1 0 0 1 0 0 1 0 0 1 0 0 1 0 0 1 0 0 1 0 0 1 0 0 1 0 0 1 0 0 1 0 0 1 0 0 1 0 0 1 0 0 1 0 0 1 0 0 1 0 0 1 0 0 1 0 0 1 0 0 1 0 0 1 0 0 1 0 0 1 0 0 1 0 0 1 0 0 1 0 0 1 0 0 1 0 0 1 0 0 1 0 0 1 0 0 1 0 0 1 0 0 1 0 0 1 0 0 1 0 0 1 0 0 1 0 0 1 0 0 1 0 0 1 0 0 1 0 0 1 0 0 1 0 0 1 0 0 1 0 0 1 0 0 1 0 0 1 0 0 1 0 0 1 0 0 1 0 0 1 0 0 1 0 0 1 0 0 1 0 0 1 0 0 1 0 0 1 0 0 1 0 0 1 0 0 1 0 0 1 0 0 1 0 0 1 0 0 1 0 0 1 0 0 1 0 0 1 0 0 1 0 0 1 0 0 1 0 0 1 0 0 1 0 0 1 0 0 1 0 0 1 0 0 1 0 0 1 0 0 1 0 0 1 0 0 1 0 0 1 0 0 1 0 0 1 0 0 1 0 0 1 0 0 1 0 0 1 0 0 1 0 0 1 0 0 1 0 0 1 0 0 1 0 0 1 0 0 1 0 0 1 0 0 1 0 0 1 0 0 1 0 0 1 0 0 1 0 0 1 0 0 1 0 0 1 0 0 0 0.9927093 -0.120533 0 0.9927093 -0.120533 0 0.9927093 -0.120533 0 0.9927093 -0.120533 0 0.9350118 -0.3546167 0 0.9350118 -0.3546167 0 0.9350118 -0.3546167 0 0.8229906 -0.5680549 0 0.8229906 -0.5680549 0 0.8229906 -0.5680549 0 0.9350118 -0.3546167 0 0.8229906 -0.5680549 0 0.6631219 -0.7485114 0 0.6631219 -0.7485114 0 0.6631219 -0.7485114 0 0.6631219 -0.7485114 0 0.4647222 -0.8854565 0 0.4647222 -0.8854565 0 0.4647222 -0.8854565 0 0.2393122 -0.9709427 0 0.2393122 -0.9709427 0 0.2393122 -0.9709427 0 0.4647222 -0.8854565 0 0.2393122 -0.9709427 0 0 -1 0 0 -1 0 0 -1 0 0 -1 0 -0.2393122 -0.9709427 0 -0.2393122 -0.9709427 0 -0.2393122 -0.9709427 0 -0.2393122 -0.9709427 0 -0.4647222 -0.8854565 0 -0.4647222 -0.8854565 0 -0.4647222 -0.8854565 0 -0.4647222 -0.8854565 0 -0.6631219 -0.7485114 0 -0.6631219 -0.7485114 0 -0.6631219 -0.7485114 0 -0.8229893 -0.5680569 0 -0.8229893 -0.5680569 0 -0.8229893 -0.5680569 0 -0.6631219 -0.7485114 0 -0.8229893 -0.5680569 0 -0.9350127 -0.3546141 0 -0.9350127 -0.3546141 0 -0.9350127 -0.3546141 0 -0.9350127 -0.3546141 0 -0.9927093 -0.120533 0 -0.9927093 -0.120533 0 -0.9927093 -0.120533 0 -0.9927093 -0.120533 0 -0.9927093 0.120533 0 -0.9927093 0.120533 0 -0.9927093 0.120533 0 -0.9927093 0.120533 0 -0.9350135 0.3546121 0 -0.9350135 0.3546121 0 -0.9350135 0.3546121 0 -0.9350135 0.3546121 0 -0.8229873 0.5680597 0 -0.8229873 0.5680597 0 -0.8229873 0.5680597 0 -0.8229873 0.5680597 0 -0.6631253 0.7485084 0 -0.6631253 0.7485084 0 -0.6631253 0.7485084 0 -0.6631253 0.7485084 0 -0.4647222 0.8854565 0 -0.4647222 0.8854565 0 -0.4647222 0.8854565 0 -0.4647222 0.8854565 0 -0.2393122 0.9709427 0 -0.2393122 0.9709427 0 -0.2393122 0.9709427 0 -0.2393122 0.9709427 0 0 1 0 0 1 0 0 1 0 0 1 0 0.2393122 0.9709427 0 0.2393122 0.9709427 0 0.2393122 0.9709427 0 0.2393122 0.9709427 0 0.4647222 0.8854565 0 0.4647222 0.8854565 0 0.4647222 0.8854565 0 0.4647222 0.8854565 0 0.6631253 0.7485084 0 0.6631253 0.7485084 0 0.6631253 0.7485084 0 0.6631253 0.7485084 0 0.8229887 0.5680577 0 0.8229887 0.5680577 0 0.8229887 0.5680577 0 0.8229887 0.5680577 0 0.9350125 0.3546147 0 0.9350125 0.3546147 0 0.9350125 0.3546147 0 0.9927093 0.120533 0 0.9927093 0.120533 0 0.9927093 0.120533 0 0.9350125 0.3546147 0 0.9927093 0.120533 0 0.9927093 -0.120533 0 0.9927093 -0.120533 0 0.9927093 -0.120533 0 0.9927093 -0.120533 0 0.935012 -0.3546162 0 0.935012 -0.3546162 0 0.935012 -0.3546162 0 0.8229902 -0.5680556 0 0.8229902 -0.5680556 0 0.8229902 -0.5680556 0 0.935012 -0.3546162 0 0.8229902 -0.5680556 0 0.6631236 -0.7485099 0 0.6631236 -0.7485099 0 0.6631236 -0.7485099 0 0.6631236 -0.7485099 0 0.4647222 -0.8854565 0 0.4647222 -0.8854565 0 0.4647222 -0.8854565 0 0.2393136 -0.9709423 0 0.2393136 -0.9709423 0 0.2393136 -0.9709423 0 0.4647222 -0.8854565 0 0.2393136 -0.9709423 0 0 -1 0 0 -1 0 0 -1 0 0 -1 0 -0.2393136 -0.9709423 0 -0.2393136 -0.9709423 0 -0.2393136 -0.9709423 0 -0.2393136 -0.9709423 0 -0.4647222 -0.8854565 0 -0.4647222 -0.8854565 0 -0.4647222 -0.8854565 0 -0.4647222 -0.8854565 0 -0.6631236 -0.7485099 0 -0.6631236 -0.7485099 0 -0.6631236 -0.7485099 0 -0.8229888 -0.5680576 0 -0.8229888 -0.5680576 0 -0.8229888 -0.5680576 0 -0.6631236 -0.7485099 0 -0.8229888 -0.5680576 0 -0.9350129 -0.3546136 0 -0.9350129 -0.3546136 0 -0.9350129 -0.3546136 0 -0.9350129 -0.3546136 0 -0.9927093 -0.120533 0 -0.9927093 -0.120533 0 -0.9927093 -0.120533 0 -0.9927093 -0.120533 0 -0.9927093 0.1205332 0 -0.9927093 0.1205332 0 -0.9927093 0.1205332 0 -0.9927093 0.1205332 0 -0.9350129 0.3546136 0 -0.9350129 0.3546136 0 -0.9350129 0.3546136 0 -0.9350129 0.3546136 0 -0.8229888 0.5680576 0 -0.8229888 0.5680576 0 -0.8229888 0.5680576 0 -0.8229888 0.5680576 0 -0.6631244 0.7485092 0 -0.6631244 0.7485092 0 -0.6631244 0.7485092 0 -0.6631244 0.7485092 0 -0.464721 0.8854572 0 -0.464721 0.8854572 0 -0.464721 0.8854572 0 -0.464721 0.8854572 0 -0.2393136 0.9709423 0 -0.2393136 0.9709423 0 -0.2393136 0.9709423 0 -0.2393136 0.9709423 0 0 1 0 0 1 0 0 1 0 0 1 0 0.2393136 0.9709423 0 0.2393136 0.9709423 0 0.2393136 0.9709423 0 0.2393136 0.9709423 0 0.464721 0.8854572 0 0.464721 0.8854572 0 0.464721 0.8854572 0 0.464721 0.8854572 0 0.6631244 0.7485092 0 0.6631244 0.7485092 0 0.6631244 0.7485092 0 0.6631244 0.7485092 0 0.8229902 0.5680556 0 0.8229902 0.5680556 0 0.8229902 0.5680556 0 0.8229902 0.5680556 0 0.935012 0.3546162 0 0.935012 0.3546162 0 0.935012 0.3546162 0 0.9927093 0.1205332 0 0.9927093 0.1205332 0 0.9927093 0.1205332 0 0.935012 0.3546162 0 0.9927093 0.1205332 0 0.9927086 -0.1205389 0 0.9927086 -0.1205389 0 0.9927086 -0.1205389 0 0.9927086 -0.1205389 0 0.9350176 -0.3546013 0 0.9350176 -0.3546013 0 0.9350176 -0.3546013 0 0.8229837 -0.568065 0 0.8229837 -0.568065 0 0.8229837 -0.568065 0 0.9350176 -0.3546013 0 0.8229837 -0.568065 0 0.6631242 -0.7485094 0 0.6631242 -0.7485094 0 0.6631242 -0.7485094 0 0.6631242 -0.7485094 0 0.4647251 -0.885455 0 0.4647251 -0.885455 0 0.4647251 -0.885455 0 0.2393029 -0.970945 0 0.2393029 -0.970945 0 0.2393029 -0.970945 0 0.4647251 -0.885455 0 0.2393029 -0.970945 0 0 -1 0 0 -1 0 0 -1 0 0 -1 0 -0.239302 -0.9709452 0 -0.239302 -0.9709452 0 -0.239302 -0.9709452 0 -0.239302 -0.9709452 0 -0.4647276 -0.8854537 0 -0.4647276 -0.8854537 0 -0.4647276 -0.8854537 0 -0.4647276 -0.8854537 0 -0.6631232 -0.7485103 0 -0.6631232 -0.7485103 0 -0.6631232 -0.7485103 0 -0.8229828 -0.5680663 0 -0.8229828 -0.5680663 0 -0.8229828 -0.5680663 0 -0.6631232 -0.7485103 0 -0.8229828 -0.5680663 0 -0.935015 -0.3546082 0 -0.935015 -0.3546082 0 -0.935015 -0.3546082 0 -0.935015 -0.3546082 0 -0.9927098 -0.1205291 0 -0.9927098 -0.1205291 0 -0.9927098 -0.1205291 0 -0.9927098 -0.1205291 0 -0.9927098 0.1205291 0 -0.9927098 0.1205291 0 -0.9927098 0.1205291 0 -0.9927098 0.1205291 0 -0.9350145 0.3546096 0 -0.9350145 0.3546096 0 -0.9350145 0.3546096 0 -0.9350145 0.3546096 0 -0.8229828 0.5680663 0 -0.8229828 0.5680663 0 -0.8229828 0.5680663 0 -0.8229828 0.5680663 0 -0.6631232 0.7485103 0 -0.6631232 0.7485103 0 -0.6631232 0.7485103 0 -0.6631232 0.7485103 0 -0.4647214 0.885457 0 -0.4647214 0.885457 0 -0.4647214 0.885457 0 -0.4647214 0.885457 0 -0.2393132 0.9709424 0 -0.2393132 0.9709424 0 -0.2393132 0.9709424 0 -0.2393132 0.9709424 0 0 1 0 0 1 0 0 1 0 0 1 0 0.2393141 0.9709422 0 0.2393141 0.9709422 0 0.2393141 0.9709422 0 0.2393141 0.9709422 0 0.4647189 0.8854583 0 0.4647189 0.8854583 0 0.4647189 0.8854583 0 0.4647189 0.8854583 0 0.6631242 0.7485094 0 0.6631242 0.7485094 0 0.6631242 0.7485094 0 0.6631242 0.7485094 0 0.8229837 0.568065 0 0.8229837 0.568065 0 0.8229837 0.568065 0 0.8229837 0.568065 0 0.9350171 0.3546026 0 0.9350171 0.3546026 0 0.9350171 0.3546026 0 0.9927086 0.1205389 0 0.9927086 0.1205389 0 0.9927086 0.1205389 0 0.9350171 0.3546026 0 0.9927086 0.1205389 1 0 0 1 0 0 1 0 0 1 0 0 1 0 0 1 0 0 1 0 0 1 0 0 1 0 0 1 0 0 1 0 0 1 0 0 1 0 0 1 0 0 1 0 0 1 0 0 1 0 0 1 0 0 1 0 0 1 0 0 1 0 0 1 0 0 1 0 0 1 0 0 1 0 0 1 0 0 1 0 0 1 0 0 1 0 0 1 0 0 1 0 0 1 0 0 1 0 0 1 0 0 1 0 0 1 0 0 1 0 0 1 0 0 1 0 0 1 0 0 1 0 0 1 0 0 1 0 0 1 0 0 1 0 0 1 0 0 1 0 0 1 0 0 1 0 0 1 0 0 1 0 0 1 0 0 1 0 0 1 0 0 1 0 0 1 0 0 1 0 0 1 0 0 1 0 0 1 0 0 1 0 0 1 0 0 1 0 0 1 0 0 1 0 0 1 0 0 1 0 0 1 0 0 1 0 0 1 0 0 1 0 0 1 0 0 1 0 0 1 0 0 1 0 0 1 0 0 1 0 0 1 0 0</float_array>
          <technique_common>
            <accessor count="2148" source="#normals-array-array" stride="3">
              <param type="float" name="X"/>
              <param type="float" name="Y"/>
              <param type="float" name="Z"/>
            </accessor>
          </technique_common>
        </source>
        <vertices id="verts-array-vertices">
          <input semantic="POSITION" source="#verts-array"/>
        </vertices>
        <triangles count="1548" material="material4">
          <input offset="0" semantic="VERTEX" source="#verts-array-vertices"/>
          <input offset="1" semantic="NORMAL" source="#normals-array"/>
          <p>0 0 1 1 2 2 3 3 1 1 0 0 4 4 5 5 0 0 0 0 5 5 3 3 2 2 6 6 7 7 1 1 6 6 2 2 7 7 8 8 9 9 6 6 8 8 7 7 9 9 10 10 11 11 8 8 10 10 9 9 11 11 12 12 13 13 10 10 12 12 11 11 13 13 14 14 15 15 12 12 14 14 13 13 16 16 17 17 18 18 15 15 17 17 16 16 14 14 17 17 15 15 17 17 19 19 18 18 20 20 21 21 22 22 20 20 22 22 23 23 23 23 22 22 5 5 23 23 5 5 4 4 24 24 25 25 26 26 24 24 26 26 27 27 27 27 26 26 18 18 27 27 18 18 19 19 1 1 12 12 6 6 6 6 12 12 8 8 8 8 12 12 10 10 12 12 17 17 14 14 22 22 19 19 5 5 5 5 19 19 3 3 3 3 19 19 1 1 12 12 19 19 17 17 1 1 19 19 12 12 21 21 24 24 22 22 19 19 24 24 27 27 22 22 24 24 19 19 28 28 29 29 30 30 28 28 30 30 31 31 0 0 2 2 4 4 23 23 26 26 20 20 20 20 26 26 25 25 11 11 13 13 9 9 9 9 13 13 7 7 26 26 16 16 18 18 15 15 16 16 13 13 7 7 16 16 2 2 4 4 16 16 23 23 2 2 16 16 4 4 23 23 16 16 26 26 13 13 16 16 7 7 32 32 33 33 34 34 34 34 33 33 35 35 36 36 37 37 38 38 38 38 37 37 39 39 40 40 41 41 42 42 42 42 41 41 37 37 21 21 43 43 24 24 24 24 43 43 44 44 44 44 43 43 45 45 46 46 43 43 41 41 39 39 43 43 47 47 47 47 43 43 21 21 37 37 43 43 39 39 41 41 43 43 37 37 48 48 49 49 50 50 51 51 52 52 53 53 54 54 48 48 50 50 55 55 56 56 57 57 58 58 51 51 53 53 59 59 55 55 57 57 60 60 61 61 62 62 63 63 64 64 65 65 60 60 66 66 61 61 67 67 63 63 65 65 68 68 69 69 70 70 68 68 71 71 69 69 72 72 73 73 74 74 72 72 75 75 73 73 76 76 77 77 78 78 79 79 80 80 81 81 76 76 82 82 77 77 83 83 84 84 85 85 86 86 79 79 81 81 87 87 83 83 85 85 88 88 89 89 90 90 91 91 92 92 93 93 88 88 94 94 89 89 95 95 91 91 93 93 96 96 97 97 98 98 96 96 99 99 97 97 100 100 101 101 102 102 100 100 103 103 101 101 104 104 105 105 101 101 104 104 101 101 103 103 106 106 102 102 107 107 106 106 100 100 102 102 108 108 107 107 109 109 108 108 106 106 107 107 110 110 109 109 111 111 110 110 108 108 109 109 112 112 111 111 113 113 112 112 110 110 111 111 114 114 113 113 115 115 114 114 112 112 113 113 116 116 117 117 118 118 116 116 115 115 117 117 116 116 114 114 115 115 119 119 116 116 118 118 120 120 121 121 122 122 122 122 121 121 123 123 122 122 123 123 104 104 104 104 123 123 105 105 124 124 125 125 126 126 126 126 125 125 127 127 126 126 127 127 118 118 118 118 127 127 119 119 128 128 129 129 130 130 128 128 130 130 131 131 132 132 133 133 134 134 132 132 135 135 133 133 136 136 137 137 138 138 139 139 140 140 141 141 136 136 142 142 137 137 143 143 139 139 141 141 144 144 145 145 146 146 144 144 147 147 145 145 148 148 149 149 150 150 151 151 152 152 153 153 148 148 154 154 149 149 155 155 156 156 157 157 158 158 151 151 153 153 159 159 155 155 157 157 160 160 161 161 162 162 163 163 164 164 165 165 160 160 166 166 161 161 167 167 168 168 169 169 170 170 163 163 165 165 171 171 167 167 169 169 172 172 173 173 174 174 172 172 175 175 173 173 176 176 177 177 178 178 176 176 179 179 177 177 180 180 181 181 182 182 183 183 184 184 185 185 182 182 20 20 183 183 181 181 20 20 182 182 183 183 186 186 184 184 186 186 187 187 188 188 188 188 187 187 189 189 189 189 187 187 190 190 183 183 187 187 186 186 187 187 25 25 191 191 20 20 25 25 183 183 183 183 25 25 187 187 192 192 193 193 194 194 195 195 196 196 197 197 121 121 194 194 196 196 121 121 192 192 194 194 198 198 196 196 195 195 199 199 198 198 200 200 199 199 200 200 201 201 199 199 201 201 202 202 199 199 196 196 198 198 124 124 199 199 203 203 124 124 121 121 196 196 124 124 196 196 199 199 112 112 100 100 106 106 112 112 106 106 108 108 112 112 108 108 110 110 116 116 112 112 114 114 119 119 122 122 104 104 119 119 104 104 103 103 119 119 103 103 100 100 119 119 112 112 116 116 119 119 100 100 112 112 125 125 120 120 122 122 125 125 119 119 127 127 125 125 122 122 119 119 102 102 101 101 105 105 126 126 123 123 121 121 126 126 121 121 124 124 113 113 111 111 109 109 113 113 109 109 107 107 117 117 126 126 118 118 117 117 115 115 113 113 117 117 107 107 102 102 117 117 105 105 123 123 117 117 102 102 105 105 117 117 123 123 126 126 117 117 113 113 107 107 204 204 205 205 206 206 204 204 206 206 207 207 208 208 209 209 210 210 208 208 210 210 204 204 211 211 120 120 125 125 211 211 125 125 212 212 211 211 212 212 213 213 211 211 214 214 208 208 211 211 207 207 215 215 211 211 215 215 120 120 211 211 204 204 207 207 211 211 208 208 204 204 216 216 217 217 218 218 216 216 218 218 219 219 220 220 221 221 222 222 220 220 223 223 221 221 224 224 225 225 226 226 227 227 228 228 229 229 224 224 230 230 225 225 231 231 227 227 229 229 232 232 233 233 234 234 232 232 235 235 233 233 236 236 237 237 238 238 236 236 239 239 237 237 240 240 241 241 242 242 243 243 244 244 245 245 240 240 246 246 241 241 247 247 243 243 245 245 248 248 249 249 250 250 248 248 251 251 249 249 252 252 253 253 254 254 252 252 255 255 253 253 256 256 257 257 258 258 256 256 259 259 257 257 260 260 261 261 262 262 260 260 262 262 263 263 264 264 265 265 266 266 264 264 266 266 267 267 268 268 269 269 270 270 268 268 270 270 271 271 272 272 273 273 274 274 275 275 272 272 274 274 276 276 277 277 278 278 276 276 278 278 279 279 280 280 281 281 282 282 283 283 280 280 282 282 284 284 285 285 286 286 284 284 286 286 287 287 288 288 289 289 290 290 291 291 288 288 290 290 292 292 293 293 294 294 292 292 294 294 295 295 296 296 297 297 298 298 296 296 298 298 299 299 300 300 301 301 302 302 303 303 300 300 302 302 304 304 305 305 306 306 307 307 304 304 306 306 308 308 309 309 310 310 311 311 312 312 313 313 308 308 314 314 309 309 315 315 311 311 313 313 316 316 317 317 318 318 316 316 319 319 317 317 320 320 321 321 322 322 320 320 322 322 323 323 320 320 323 323 324 324 325 325 326 326 327 327 325 325 327 327 328 328 325 325 328 328 329 329 330 330 320 320 331 331 332 332 333 333 334 334 335 335 334 334 325 325 335 335 329 329 321 321 335 335 330 330 336 336 335 335 336 336 337 337 335 335 325 325 329 329 335 335 321 321 320 320 335 335 320 320 330 330 335 335 332 332 334 334 338 338 339 339 340 340 338 338 340 340 341 341 338 338 341 341 332 332 342 342 343 343 344 344 342 342 344 344 345 345 342 342 335 335 343 343 342 342 332 332 335 335 342 342 338 338 332 332 346 346 347 347 348 348 348 348 347 347 349 349 349 349 347 347 350 350 351 351 352 352 353 353 353 353 352 352 354 354 354 354 352 352 355 355 347 347 356 356 357 357 358 358 359 359 360 360 360 360 361 361 352 352 355 355 361 361 346 346 356 356 361 361 362 362 362 362 361 361 363 363 352 352 361 361 355 355 346 346 361 361 347 347 347 347 361 361 356 356 359 359 361 361 360 360 364 364 365 365 366 366 366 366 365 365 367 367 367 367 365 365 359 359 368 368 369 369 370 370 370 370 369 369 371 371 361 361 369 369 368 368 359 359 369 369 361 361 365 365 369 369 359 359 372 372 373 373 374 374 375 375 373 373 372 372 376 376 377 377 372 372 372 372 377 377 375 375 374 374 378 378 379 379 373 373 378 378 374 374 379 379 380 380 381 381 378 378 380 380 379 379 381 381 382 382 383 383 380 380 382 382 381 381 383 383 384 384 385 385 382 382 384 384 383 383 385 385 386 386 387 387 384 384 386 386 385 385 387 387 388 388 389 389 386 386 388 388 387 387 389 389 390 390 391 391 388 388 390 390 389 389 392 392 393 393 394 394 392 392 394 394 395 395 395 395 394 394 377 377 395 395 377 377 376 376 396 396 397 397 398 398 396 396 398 398 399 399 399 399 398 398 391 391 399 399 391 391 390 390 394 394 393 393 377 377 377 377 393 393 375 375 375 375 382 382 373 373 373 373 382 382 378 378 378 378 382 382 380 380 386 386 390 390 388 388 382 382 396 396 384 384 384 384 396 396 386 386 390 390 396 396 399 399 375 375 396 396 382 382 393 393 396 396 375 375 386 386 396 396 390 390 400 400 401 401 402 402 400 400 402 402 403 403 395 395 376 376 392 392 372 372 374 374 376 376 376 376 374 374 392 392 379 379 381 381 374 374 397 397 387 387 398 398 385 385 387 387 383 383 383 383 387 387 381 381 392 392 387 387 397 397 381 381 387 387 374 374 374 374 387 387 392 392 398 398 389 389 391 391 387 387 389 389 398 398 404 404 405 405 406 406 406 406 405 405 407 407 408 408 409 409 410 410 411 411 412 412 409 409 410 410 412 412 413 413 409 409 412 412 410 410 414 414 415 415 412 412 415 415 416 416 412 412 393 393 417 417 396 396 396 396 417 417 418 418 418 418 417 417 419 419 413 413 417 417 393 393 412 412 417 417 413 413 416 416 417 417 412 412 420 420 421 421 422 422 420 420 422 422 423 423 424 424 425 425 426 426 424 424 427 427 425 425 428 428 429 429 430 430 431 431 432 432 433 433 428 428 434 434 429 429 435 435 436 436 437 437 438 438 431 431 433 433 439 439 435 435 437 437 440 440 441 441 442 442 443 443 444 444 445 445 440 440 446 446 441 441 447 447 443 443 445 445 448 448 449 449 450 450 451 451 452 452 453 453 448 448 454 454 449 449 455 455 451 451 453 453 456 456 457 457 458 458 456 456 459 459 457 457 460 460 461 461 462 462 460 460 463 463 461 461 464 464 465 465 466 466 467 467 468 468 469 469 464 464 470 470 465 465 471 471 467 467 469 469 472 472 473 473 474 474 475 475 472 472 474 474 476 476 473 473 472 472 477 477 474 474 478 478 477 477 475 475 474 474 479 479 480 480 473 473 479 479 473 473 476 476 481 481 477 477 478 478 482 482 483 483 480 480 482 482 480 480 479 479 484 484 478 478 485 485 484 484 481 481 478 478 486 486 483 483 482 482 487 487 484 484 485 485 488 488 487 487 485 485 488 488 485 485 489 489 490 490 488 488 489 489 491 491 490 490 489 489 491 491 489 489 492 492 493 493 491 491 492 492 493 493 492 492 494 494 495 495 493 493 494 494 496 496 494 494 497 497 496 496 495 495 494 494 498 498 499 499 500 500 498 498 500 500 501 501 502 502 500 500 499 499 502 502 503 503 500 500 504 504 498 498 501 501 504 504 501 501 505 505 506 506 483 483 486 486 506 506 503 503 502 502 506 506 486 486 503 503 507 507 505 505 508 508 507 507 504 504 505 505 509 509 483 483 506 506 510 510 507 507 508 508 510 510 508 508 511 511 512 512 511 511 513 513 512 512 510 510 511 511 514 514 513 513 515 515 514 514 515 515 516 516 514 514 512 512 513 513 517 517 516 516 518 518 517 517 514 514 516 516 519 519 517 517 518 518 520 520 496 496 497 497 520 520 518 518 496 496 520 520 519 519 518 518 521 521 520 520 497 497 522 522 523 523 524 524 525 525 524 524 526 526 525 525 522 522 524 524 527 527 523 523 522 522 527 527 528 528 523 523 529 529 526 526 530 530 529 529 525 525 526 526 531 531 509 509 528 528 531 531 528 528 527 527 532 532 529 529 530 530 533 533 532 532 530 530 533 533 530 530 534 534 535 535 533 533 534 534 535 535 534 534 536 536 537 537 538 538 539 539 537 537 539 539 540 540 541 541 539 539 538 538 541 541 542 542 539 539 543 543 537 537 540 540 543 543 535 535 536 536 543 543 540 540 535 535 544 544 542 542 541 541 544 544 545 545 546 546 544 544 546 546 542 542 547 547 543 543 536 536 547 547 536 536 548 548 549 549 545 545 544 544 550 550 551 551 552 552 553 553 547 547 548 548 553 553 548 548 554 554 555 555 550 550 552 552 555 555 552 552 556 556 555 555 556 556 557 557 558 558 559 559 560 560 558 558 560 560 545 545 558 558 545 545 549 549 561 561 551 551 550 550 561 561 562 562 563 563 561 561 563 563 551 551 564 564 553 553 554 554 564 564 554 554 565 565 566 566 555 555 557 557 566 566 557 557 567 567 566 566 567 567 568 568 569 569 559 559 558 558 570 570 564 564 565 565 570 570 565 565 571 571 572 572 562 562 561 561 572 572 573 573 562 562 574 574 570 570 571 571 575 575 566 566 568 568 575 575 568 568 576 576 577 577 571 571 578 578 577 577 574 574 571 571 579 579 573 573 572 572 580 580 578 578 521 521 580 580 577 577 578 578 581 581 559 559 569 569 581 581 569 569 582 582 581 581 575 575 576 576 581 581 576 576 559 559 583 583 582 582 584 584 583 583 584 584 585 585 583 583 581 581 582 582 586 586 585 585 587 587 586 586 583 583 585 585 588 588 587 587 589 589 588 588 589 589 590 590 588 588 586 586 587 587 591 591 588 588 590 590 591 591 590 590 592 592 591 591 592 592 593 593 594 594 591 591 593 593 594 594 593 593 595 595 596 596 594 594 595 595 597 597 579 579 598 598 599 599 598 598 600 600 599 599 600 600 601 601 599 599 597 597 598 598 602 602 579 579 597 597 602 602 603 603 573 573 602 602 573 573 579 579 604 604 601 601 605 605 604 604 605 605 606 606 604 604 599 599 601 601 607 607 603 603 602 602 608 608 606 606 609 609 608 608 609 609 610 610 608 608 604 604 606 606 611 611 610 610 612 612 611 611 612 612 613 613 611 611 608 608 610 610 614 614 613 613 615 615 614 614 611 611 613 613 616 616 615 615 617 617 616 616 617 617 618 618 616 616 614 614 615 615 619 619 618 618 596 596 619 619 596 596 595 595 619 619 595 595 620 620 619 619 616 616 618 618 621 621 620 620 622 622 621 621 619 619 620 620 623 623 621 621 622 622 624 624 625 625 607 607 607 607 625 625 626 626 607 607 626 626 483 483 607 607 483 483 603 603 603 603 483 483 531 531 531 531 483 483 509 509 627 627 628 628 629 629 629 629 628 628 623 623 629 629 623 623 497 497 497 497 623 623 622 622 497 497 622 622 580 580 497 497 580 580 521 521 630 630 631 631 632 632 630 630 632 632 633 633 634 634 635 635 636 636 634 634 637 637 635 635 638 638 639 639 640 640 638 638 641 641 639 639 642 642 643 643 644 644 642 642 645 645 643 643 646 646 647 647 648 648 646 646 649 649 647 647 650 650 651 651 652 652 650 650 653 653 651 651 654 654 655 655 656 656 657 657 658 658 659 659 654 654 660 660 655 655 661 661 657 657 659 659 662 662 663 663 664 664 662 662 665 665 663 663 666 666 667 667 668 668 666 666 669 669 667 667 670 670 671 671 672 672 673 673 674 674 675 675 670 670 676 676 671 671 677 677 673 673 675 675 678 678 679 679 680 680 678 678 681 681 679 679 682 682 683 683 684 684 684 684 392 392 685 685 685 685 392 392 686 686 683 683 392 392 684 684 686 686 687 687 688 688 689 689 690 690 691 691 687 687 397 397 692 692 692 692 397 397 693 693 693 693 397 397 689 689 392 392 397 397 686 686 686 686 397 397 687 687 689 689 397 397 690 690 694 694 695 695 696 696 625 625 696 696 697 697 625 625 697 697 698 698 625 625 694 694 696 696 699 699 698 698 700 700 701 701 702 702 703 703 627 627 699 699 704 704 627 627 704 704 705 705 627 627 705 705 702 702 627 627 625 625 698 698 627 627 698 698 699 699 627 627 702 702 701 701 706 706 707 707 604 604 708 708 599 599 604 604 708 708 604 604 707 707 709 709 604 604 608 608 709 709 706 706 604 604 710 710 597 597 599 599 710 710 599 599 708 708 711 711 709 709 608 608 712 712 597 597 710 710 713 713 608 608 611 611 713 713 711 711 608 608 714 714 602 602 597 597 714 714 597 597 712 712 715 715 713 713 611 611 716 716 607 607 602 602 716 716 602 602 714 714 717 717 611 611 614 614 717 717 715 715 611 611 718 718 624 624 607 607 718 718 607 607 716 716 719 719 717 717 614 614 720 720 624 624 718 718 721 721 719 719 614 614 722 722 624 624 720 720 723 723 624 624 722 722 616 616 724 724 725 725 616 616 725 725 721 721 616 616 721 721 614 614 619 619 726 726 724 724 619 619 724 724 616 616 621 621 726 726 619 619 621 621 727 727 726 726 623 623 727 727 621 621 623 623 728 728 727 727 628 628 728 728 623 623 628 628 729 729 730 730 628 628 730 730 731 731 628 628 731 731 728 728 628 628 624 624 723 723 628 628 723 723 729 729 732 732 626 626 625 625 733 733 732 732 625 625 734 734 483 483 626 626 734 734 626 626 732 732 735 735 733 733 625 625 736 736 480 480 483 483 736 736 483 483 734 734 737 737 735 735 625 625 738 738 480 480 736 736 739 739 737 737 625 625 740 740 473 473 480 480 740 740 480 480 738 738 741 741 473 473 740 740 474 474 741 741 742 742 474 474 742 742 743 743 474 474 743 743 744 744 474 474 473 473 741 741 478 478 744 744 745 745 478 478 745 745 746 746 478 478 474 474 744 744 627 627 747 747 748 748 627 627 748 748 749 749 627 627 749 749 739 739 627 627 739 739 625 625 485 485 478 478 746 746 485 485 746 746 750 750 485 485 750 750 751 751 629 629 752 752 747 747 629 629 747 747 627 627 489 489 751 751 753 753 489 489 753 753 754 754 489 489 485 485 751 751 497 497 755 755 752 752 497 497 752 752 629 629 492 492 489 489 754 754 492 492 754 754 756 756 492 492 756 756 757 757 494 494 492 492 757 757 494 494 757 757 755 755 494 494 755 755 497 497 758 758 759 759 760 760 760 760 759 759 761 761 762 762 763 763 764 764 765 765 763 763 762 762 766 766 767 767 768 768 769 769 767 767 766 766 770 770 771 771 772 772 773 773 771 771 770 770 774 774 775 775 776 776 777 777 775 775 774 774 778 778 779 779 780 780 781 781 779 779 778 778 782 782 783 783 784 784 785 785 783 783 782 782 786 786 787 787 788 788 789 789 787 787 786 786 790 790 791 791 792 792 793 793 791 791 790 790 794 794 795 795 796 796 797 797 795 795 794 794 798 798 799 799 800 800 801 801 799 799 798 798 802 802 803 803 804 804 804 804 803 803 805 805 806 806 807 807 808 808 808 808 807 807 809 809 810 810 811 811 812 812 812 812 811 811 813 813 814 814 815 815 816 816 816 816 815 815 817 817 818 818 819 819 820 820 820 820 819 819 821 821 822 822 823 823 824 824 823 823 825 825 824 824 826 826 827 827 828 828 828 828 827 827 829 829 830 830 831 831 832 832 831 831 833 833 832 832 834 834 835 835 836 836 836 836 835 835 837 837 838 838 839 839 840 840 839 839 841 841 840 840 842 842 843 843 844 844 844 844 843 843 845 845 846 846 847 847 848 848 847 847 849 849 848 848 850 850 851 851 852 852 853 853 854 854 855 855 856 856 851 851 850 850 854 854 857 857 855 855 858 858 859 859 860 860 861 861 859 859 858 858 862 862 863 863 864 864 864 864 863 863 865 865 866 866 867 867 868 868 869 869 867 867 866 866 870 870 871 871 872 872 873 873 871 871 870 870 874 874 875 875 876 876 877 877 875 875 874 874 878 878 879 879 880 880 881 881 879 879 878 878 882 882 883 883 884 884 885 885 883 883 882 882 886 886 887 887 888 888 889 889 887 887 886 886 890 890 891 891 892 892 893 893 891 891 890 890 894 894 895 895 896 896 897 897 895 895 894 894 898 898 899 899 900 900 901 901 899 899 898 898 902 902 903 903 904 904 905 905 903 903 902 902 906 906 907 907 908 908 908 908 907 907 909 909 910 910 911 911 912 912 912 912 911 911 913 913 914 914 915 915 916 916 916 916 915 915 917 917 918 918 919 919 920 920 920 920 919 919 921 921 922 922 923 923 924 924 924 924 923 923 925 925 926 926 927 927 928 928 927 927 929 929 928 928 930 930 931 931 932 932 932 932 931 931 933 933 934 934 935 935 936 936 935 935 937 937 936 936 938 938 939 939 940 940 940 940 939 939 941 941 942 942 943 943 944 944 943 943 945 945 944 944 946 946 947 947 948 948 948 948 947 947 949 949 950 950 951 951 952 952 951 951 953 953 952 952 954 954 955 955 956 956 957 957 958 958 959 959 960 960 955 955 954 954 958 958 961 961 959 959 962 962 963 963 964 964 965 965 963 963 962 962 966 966 967 967 968 968 968 968 967 967 969 969 970 970 971 971 972 972 973 973 971 971 970 970 974 974 975 975 976 976 977 977 978 978 979 979 980 980 975 975 974 974 978 978 981 981 979 979 982 982 983 983 984 984 985 985 983 983 982 982 986 986 987 987 988 988 989 989 990 990 991 991 992 992 987 987 986 986 990 990 993 993 991 991 994 994 995 995 996 996 997 997 995 995 994 994 998 998 999 999 1000 1000 1001 1001 999 999 998 998 1002 1002 1003 1003 1004 1004 1005 1005 1003 1003 1002 1002 1006 1006 1007 1007 1008 1008 1009 1009 1007 1007 1006 1006 1010 1010 1011 1011 1012 1012 1012 1012 1011 1011 1013 1013 1014 1014 1015 1015 1016 1016 1016 1016 1015 1015 1017 1017 1018 1018 1019 1019 1020 1020 1020 1020 1019 1019 1021 1021 1022 1022 1023 1023 1024 1024 1024 1024 1023 1023 1025 1025 1026 1026 1027 1027 1028 1028 1028 1028 1027 1027 1029 1029 1030 1030 1031 1031 1032 1032 1031 1031 1033 1033 1032 1032 1034 1034 1035 1035 1036 1036 1036 1036 1035 1035 1037 1037 1038 1038 1039 1039 1040 1040 1040 1040 1039 1039 1041 1041 1042 1042 1043 1043 1044 1044 1043 1043 1045 1045 1044 1044 1046 1046 1047 1047 1048 1048 1047 1047 1049 1049 1048 1048 1050 1050 1051 1051 1052 1052 1051 1051 1053 1053 1052 1052 1054 1054 1055 1055 1056 1056 1056 1056 1055 1055 1057 1057 1058 1058 1059 1059 1060 1060 1061 1061 1059 1059 1058 1058 1062 1062 1063 1063 1064 1064 1065 1065 1063 1063 1062 1062 1066 1066 1067 1067 1068 1068 1068 1068 1067 1067 1069 1069 1070 1070 1071 1071 1072 1072 1072 1072 1071 1071 1073 1073 1074 1074 1075 1075 1076 1076 1077 1077 1075 1075 1074 1074 1078 1078 1079 1079 1080 1080 1081 1081 1079 1079 1078 1078 1082 1082 1083 1083 1084 1084 1085 1085 1083 1083 1082 1082 1086 1086 1087 1087 1088 1088 1089 1089 1087 1087 1086 1086 1090 1090 1091 1091 1092 1092 1093 1093 1091 1091 1090 1090 1094 1094 1095 1095 1096 1096 1097 1097 1095 1095 1094 1094 1098 1098 1099 1099 1100 1100 1101 1101 1099 1099 1098 1098 1102 1102 1103 1103 1104 1104 1105 1105 1103 1103 1102 1102 1106 1106 1107 1107 1108 1108 1109 1109 1107 1107 1106 1106 1110 1110 1111 1111 1112 1112 1113 1113 1111 1111 1110 1110 1114 1114 1115 1115 1116 1116 1116 1116 1115 1115 1117 1117 1118 1118 1119 1119 1120 1120 1120 1120 1119 1119 1121 1121 1122 1122 1123 1123 1124 1124 1124 1124 1123 1123 1125 1125 1126 1126 1127 1127 1128 1128 1128 1128 1127 1127 1129 1129 1130 1130 1131 1131 1132 1132 1132 1132 1131 1131 1133 1133 1134 1134 1135 1135 1136 1136 1135 1135 1137 1137 1136 1136 1138 1138 1139 1139 1140 1140 1140 1140 1139 1139 1141 1141 1142 1142 1143 1143 1144 1144 1143 1143 1145 1145 1144 1144 1146 1146 1147 1147 1148 1148 1148 1148 1147 1147 1149 1149 1150 1150 1151 1151 1152 1152 1151 1151 1153 1153 1152 1152 1154 1154 1155 1155 1156 1156 1156 1156 1155 1155 1157 1157 1158 1158 1159 1159 1160 1160 1159 1159 1161 1161 1160 1160 1162 1162 1163 1163 1164 1164 1165 1165 1166 1166 1167 1167 1168 1168 1163 1163 1162 1162 1166 1166 1169 1169 1167 1167 1170 1170 1171 1171 1172 1172 1173 1173 1171 1171 1170 1170 1174 1174 1175 1175 1176 1176 1176 1176 1175 1175 1177 1177 1178 1178 1179 1179 1180 1180 1181 1181 1179 1179 1178 1178 1182 1182 1183 1183 1184 1184 1185 1185 1186 1186 1187 1187 1188 1188 1183 1183 1182 1182 1186 1186 1189 1189 1187 1187 1190 1190 1191 1191 1192 1192 1193 1193 1191 1191 1190 1190 1194 1194 1195 1195 1196 1196 1197 1197 1198 1198 1199 1199 1200 1200 1195 1195 1194 1194 1198 1198 1201 1201 1199 1199 1202 1202 1203 1203 1204 1204 1205 1205 1203 1203 1202 1202 1206 1206 1207 1207 1208 1208 1209 1209 1207 1207 1206 1206 1210 1210 1211 1211 1212 1212 1213 1213 1211 1211 1210 1210 1214 1214 1215 1215 1216 1216 1217 1217 1215 1215 1214 1214 1218 1218 1219 1219 1220 1220 1220 1220 1219 1219 1221 1221 1222 1222 1223 1223 1224 1224 1224 1224 1223 1223 1225 1225 1226 1226 1227 1227 1228 1228 1228 1228 1227 1227 1229 1229 1230 1230 1231 1231 1232 1232 1232 1232 1231 1231 1233 1233 1234 1234 1235 1235 1236 1236 1236 1236 1235 1235 1237 1237 1238 1238 1239 1239 1240 1240 1239 1239 1241 1241 1240 1240 1242 1242 1243 1243 1244 1244 1244 1244 1243 1243 1245 1245 1246 1246 1247 1247 1248 1248 1248 1248 1247 1247 1249 1249 1250 1250 1251 1251 1252 1252 1251 1251 1253 1253 1252 1252 1254 1254 1255 1255 1256 1256 1255 1255 1257 1257 1256 1256 1258 1258 1259 1259 1260 1260 1259 1259 1261 1261 1260 1260 1262 1262 1263 1263 1264 1264 1264 1264 1263 1263 1265 1265 1266 1266 1267 1267 1268 1268 1269 1269 1267 1267 1266 1266 1270 1270 1271 1271 1272 1272 1273 1273 1271 1271 1270 1270 1274 1274 1275 1275 1276 1276 1276 1276 1275 1275 1277 1277 1278 1278 1279 1279 1280 1280 1281 1281 1282 1282 1278 1278 1281 1281 1280 1280 1283 1283 1281 1281 1278 1278 1280 1280 1284 1284 1285 1285 1281 1281 1286 1286 1284 1284 1281 1281 1287 1287 624 624 628 628 1287 1287 628 628 1288 1288 1287 1287 1288 1288 1289 1289 1287 1287 1283 1283 624 624 1287 1287 1281 1281 1283 1283 1287 1287 1286 1286 1281 1281 1290 1290 1291 1291 1292 1292 1292 1292 1291 1291 1293 1293 1294 1294 1295 1295 1296 1296 1297 1297 1295 1295 1294 1294 1298 1298 1299 1299 1300 1300 1301 1301 1302 1302 1303 1303 1304 1304 1299 1299 1298 1298 1302 1302 1305 1305 1303 1303 1306 1306 1307 1307 1308 1308 1309 1309 1307 1307 1306 1306 1310 1310 1311 1311 1312 1312 1313 1313 1314 1314 1315 1315 1316 1316 1311 1311 1310 1310 1314 1314 1317 1317 1315 1315 1318 1318 1319 1319 1320 1320 1321 1321 1319 1319 1318 1318 1322 1322 1323 1323 1324 1324 1325 1325 1323 1323 1322 1322 1326 1326 1327 1327 1328 1328 1329 1329 1327 1327 1326 1326 1330 1330 1331 1331 1332 1332 1333 1333 1331 1331 1330 1330 1334 1334 1335 1335 1336 1336 1336 1336 1335 1335 1337 1337 1338 1338 1339 1339 1340 1340 1340 1340 1339 1339 1341 1341 1342 1342 1343 1343 1344 1344 1344 1344 1343 1343 1345 1345 1346 1346 1347 1347 1348 1348 1348 1348 1347 1347 1349 1349 1350 1350 1351 1351 1352 1352 1352 1352 1351 1351 1353 1353 1354 1354 1355 1355 1356 1356 1355 1355 1357 1357 1356 1356 1358 1358 1359 1359 1360 1360 1360 1360 1359 1359 1361 1361 1362 1362 1363 1363 1364 1364 1364 1364 1363 1363 1365 1365 1366 1366 1367 1367 1368 1368 1367 1367 1369 1369 1368 1368 1370 1370 1371 1371 1372 1372 1371 1371 1373 1373 1372 1372 1374 1374 1375 1375 1376 1376 1375 1375 1377 1377 1376 1376 1378 1378 1379 1379 1380 1380 1380 1380 1379 1379 1381 1381 1382 1382 1383 1383 1384 1384 1385 1385 1383 1383 1382 1382 1386 1386 1387 1387 1388 1388 1389 1389 1387 1387 1386 1386 1390 1390 1391 1391 1392 1392 1392 1392 1391 1391 1393 1393 1394 1394 1395 1395 1396 1396 1396 1396 1395 1395 1397 1397 1398 1398 1399 1399 1400 1400 1401 1401 1399 1399 1398 1398 1402 1402 1403 1403 1404 1404 1405 1405 1406 1406 1407 1407 1408 1408 1403 1403 1402 1402 1406 1406 1409 1409 1407 1407 1410 1410 1411 1411 1412 1412 1413 1413 1411 1411 1410 1410 1414 1414 1415 1415 1416 1416 1417 1417 1418 1418 1419 1419 1420 1420 1415 1415 1414 1414 1418 1418 1421 1421 1419 1419 1422 1422 1423 1423 1424 1424 1425 1425 1423 1423 1422 1422 1426 1426 1427 1427 1428 1428 1429 1429 1427 1427 1426 1426 1430 1430 1431 1431 1432 1432 1433 1433 1431 1431 1430 1430 1434 1434 1435 1435 1436 1436 1437 1437 1435 1435 1434 1434 1438 1438 1439 1439 1440 1440 1440 1440 1439 1439 1441 1441 1442 1442 1443 1443 1444 1444 1444 1444 1443 1443 1445 1445 1446 1446 1447 1447 1448 1448 1448 1448 1447 1447 1449 1449 1450 1450 1451 1451 1452 1452 1452 1452 1451 1451 1453 1453 1454 1454 1455 1455 1456 1456 1456 1456 1455 1455 1457 1457 1458 1458 1459 1459 1460 1460 1459 1459 1461 1461 1460 1460 1462 1462 1463 1463 1464 1464 1464 1464 1463 1463 1465 1465 1466 1466 1467 1467 1468 1468 1468 1468 1467 1467 1469 1469 1470 1470 1471 1471 1472 1472 1471 1471 1473 1473 1472 1472 1474 1474 1475 1475 1476 1476 1475 1475 1477 1477 1476 1476 1478 1478 1479 1479 1480 1480 1479 1479 1481 1481 1480 1480 1482 1482 1483 1483 1484 1484 1484 1484 1483 1483 1485 1485 1486 1486 1487 1487 1488 1488 1489 1489 1487 1487 1486 1486 1490 1490 1491 1491 1492 1492 1493 1493 1491 1491 1490 1490 1494 1494 1495 1495 1496 1496 1496 1496 1495 1495 1497 1497 1498 1498 1499 1499 1500 1500 1501 1501 1499 1499 1498 1498 1502 1502 1503 1503 1498 1498 1498 1498 1503 1503 1501 1501 1500 1500 1504 1504 1505 1505 1499 1499 1504 1504 1500 1500 1506 1506 1507 1507 1502 1502 1502 1502 1507 1507 1503 1503 1505 1505 1508 1508 1509 1509 1504 1504 1508 1508 1505 1505 1510 1510 1511 1511 1506 1506 1506 1506 1511 1511 1507 1507 1509 1509 1512 1512 1513 1513 1508 1508 1512 1512 1509 1509 1514 1514 1515 1515 1510 1510 1510 1510 1515 1515 1511 1511 1513 1513 1516 1516 1517 1517 1512 1512 1516 1516 1513 1513 1518 1518 1519 1519 1514 1514 1514 1514 1519 1519 1515 1515 1517 1517 1520 1520 1521 1521 1516 1516 1520 1520 1517 1517 1522 1522 1523 1523 1518 1518 1518 1518 1523 1523 1519 1519 1520 1520 1524 1524 1521 1521 1525 1525 1524 1524 1520 1520 1522 1522 1526 1526 1523 1523 1523 1523 1526 1526 1527 1527 1525 1525 1528 1528 1524 1524 1529 1529 1528 1528 1525 1525 1526 1526 1530 1530 1527 1527 1531 1531 1530 1530 1532 1532 1527 1527 1530 1530 1531 1531 1529 1529 1533 1533 1528 1528 1534 1534 1533 1533 1529 1529 1530 1530 1535 1535 1532 1532 1532 1532 1535 1535 1536 1536 1537 1537 1538 1538 1539 1539 1534 1534 1538 1538 1533 1533 1539 1539 1538 1538 1534 1534 1535 1535 1540 1540 1536 1536 1541 1541 1542 1542 1537 1537 1537 1537 1542 1542 1538 1538 1536 1536 1543 1543 1544 1544 1540 1540 1543 1543 1536 1536 1545 1545 1546 1546 1541 1541 1541 1541 1546 1546 1542 1542 1544 1544 1547 1547 1548 1548 1543 1543 1547 1547 1544 1544 1548 1548 1549 1549 1545 1545 1545 1545 1549 1549 1546 1546 1547 1547 1549 1549 1548 1548 1550 1550 1551 1551 1552 1552 1553 1553 1551 1551 1550 1550 1554 1554 1555 1555 1550 1550 1550 1550 1555 1555 1553 1553 1552 1552 1556 1556 1557 1557 1551 1551 1556 1556 1552 1552 1558 1558 1559 1559 1554 1554 1554 1554 1559 1559 1555 1555 1557 1557 1560 1560 1561 1561 1556 1556 1560 1560 1557 1557 1562 1562 1563 1563 1558 1558 1558 1558 1563 1563 1559 1559 1561 1561 1564 1564 1565 1565 1560 1560 1564 1564 1561 1561 1566 1566 1567 1567 1562 1562 1562 1562 1567 1567 1563 1563 1565 1565 1568 1568 1569 1569 1564 1564 1568 1568 1565 1565 1570 1570 1571 1571 1566 1566 1566 1566 1571 1571 1567 1567 1569 1569 1572 1572 1573 1573 1568 1568 1572 1572 1569 1569 1574 1574 1575 1575 1570 1570 1570 1570 1575 1575 1571 1571 1572 1572 1576 1576 1573 1573 1577 1577 1576 1576 1572 1572 1574 1574 1578 1578 1575 1575 1575 1575 1578 1578 1579 1579 1577 1577 1580 1580 1576 1576 1581 1581 1580 1580 1577 1577 1578 1578 1582 1582 1579 1579 1583 1583 1582 1582 1584 1584 1579 1579 1582 1582 1583 1583 1581 1581 1585 1585 1580 1580 1586 1586 1585 1585 1581 1581 1582 1582 1587 1587 1584 1584 1584 1584 1587 1587 1588 1588 1589 1589 1590 1590 1591 1591 1586 1586 1590 1590 1585 1585 1591 1591 1590 1590 1586 1586 1587 1587 1592 1592 1588 1588 1593 1593 1594 1594 1589 1589 1589 1589 1594 1594 1590 1590 1588 1588 1595 1595 1596 1596 1592 1592 1595 1595 1588 1588 1597 1597 1598 1598 1593 1593 1593 1593 1598 1598 1594 1594 1596 1596 1599 1599 1600 1600 1595 1595 1599 1599 1596 1596 1600 1600 1601 1601 1597 1597 1597 1597 1601 1601 1598 1598 1599 1599 1601 1601 1600 1600 1602 1602 1603 1603 1604 1604 1604 1604 1603 1603 1605 1605 1606 1606 1607 1607 1608 1608 1608 1608 1607 1607 1609 1609 1609 1609 1607 1607 1610 1610 1610 1610 1607 1607 1602 1602 1611 1611 1612 1612 1613 1613 1613 1613 1614 1614 1607 1607 1612 1612 1614 1614 1613 1613 1607 1607 1615 1615 1602 1602 1614 1614 1615 1615 1607 1607 1616 1616 1617 1617 1618 1618 1602 1602 1619 1619 1603 1603 1615 1615 1619 1619 1602 1602 1617 1617 1620 1620 1621 1621 1622 1622 1620 1620 1619 1619 1603 1603 1620 1620 1623 1623 1623 1623 1620 1620 1624 1624 1624 1624 1620 1620 1625 1625 1625 1625 1620 1620 1626 1626 1626 1626 1620 1620 1627 1627 1627 1627 1620 1620 1616 1616 1616 1616 1620 1620 1617 1617 1619 1619 1620 1620 1603 1603 1628 1628 1629 1629 1630 1630 1631 1631 1629 1629 1628 1628 1632 1632 1633 1633 1628 1628 1628 1628 1633 1633 1631 1631 1630 1630 1634 1634 1635 1635 1629 1629 1634 1634 1630 1630 1636 1636 1637 1637 1632 1632 1632 1632 1637 1637 1633 1633 1635 1635 1638 1638 1639 1639 1639 1639 1638 1638 1640 1640 1634 1634 1638 1638 1635 1635 1641 1641 1642 1642 1636 1636 1636 1636 1642 1642 1637 1637 1638 1638 1643 1643 1640 1640 1644 1644 1645 1645 1641 1641 1641 1641 1645 1645 1642 1642 1640 1640 1646 1646 1647 1647 1643 1643 1646 1646 1640 1640 1648 1648 1649 1649 1644 1644 1644 1644 1649 1649 1645 1645 1647 1647 1650 1650 1651 1651 1646 1646 1650 1650 1647 1647 1648 1648 1652 1652 1649 1649 1652 1652 1653 1653 1649 1649 1650 1650 1654 1654 1651 1651 1654 1654 1655 1655 1651 1651 1652 1652 1656 1656 1653 1653 1653 1653 1656 1656 1657 1657 1656 1656 1658 1658 1657 1657 1654 1654 1659 1659 1655 1655 1660 1660 1659 1659 1654 1654 1660 1660 1661 1661 1659 1659 1656 1656 1662 1662 1658 1658 1661 1661 1663 1663 1659 1659 1662 1662 1664 1664 1658 1658 1658 1658 1664 1664 1665 1665 1661 1661 1666 1666 1663 1663 1667 1667 1666 1666 1661 1661 1668 1668 1669 1669 1670 1670 1665 1665 1669 1669 1668 1668 1664 1664 1669 1669 1665 1665 1671 1671 1672 1672 1667 1667 1673 1673 1672 1672 1671 1671 1667 1667 1672 1672 1666 1666 1670 1670 1674 1674 1675 1675 1669 1669 1674 1674 1670 1670 1673 1673 1676 1676 1672 1672 1675 1675 1677 1677 1678 1678 1674 1674 1677 1677 1675 1675 1678 1678 1679 1679 1673 1673 1673 1673 1679 1679 1676 1676 1677 1677 1679 1679 1678 1678 1680 1680 1681 1681 1682 1682 1682 1682 1681 1681 1683 1683 1684 1684 1685 1685 1686 1686 1686 1686 1685 1685 1687 1687 1687 1687 1685 1685 1688 1688 1688 1688 1685 1685 1680 1680 1689 1689 1690 1690 1691 1691 1691 1691 1692 1692 1685 1685 1690 1690 1692 1692 1691 1691 1685 1685 1693 1693 1680 1680 1692 1692 1693 1693 1685 1685 1694 1694 1695 1695 1696 1696 1680 1680 1697 1697 1681 1681 1693 1693 1697 1697 1680 1680 1695 1695 1698 1698 1699 1699 1700 1700 1698 1698 1697 1697 1681 1681 1698 1698 1701 1701 1701 1701 1698 1698 1702 1702 1702 1702 1698 1698 1703 1703 1703 1703 1698 1698 1704 1704 1704 1704 1698 1698 1705 1705 1705 1705 1698 1698 1694 1694 1694 1694 1698 1698 1695 1695 1697 1697 1698 1698 1681 1681 1706 1706 1707 1707 1708 1708 1709 1709 1710 1710 1711 1711 1711 1711 1710 1710 1712 1712 1712 1712 1713 1713 1707 1707 1708 1708 1713 1713 1714 1714 1714 1714 1713 1713 1715 1715 1707 1707 1713 1713 1708 1708 1710 1710 1713 1713 1712 1712 1716 1716 1717 1717 1718 1718 1719 1719 1720 1720 1713 1713 1716 1716 1721 1721 1717 1717 1715 1715 1722 1722 1723 1723 1723 1723 1722 1722 1724 1724 1724 1724 1722 1722 1725 1725 1725 1725 1722 1722 1726 1726 1713 1713 1722 1722 1715 1715 1720 1720 1722 1722 1713 1713 1721 1721 1727 1727 1728 1728 1728 1728 1727 1727 1729 1729 1730 1730 1727 1727 1731 1731 1731 1731 1727 1727 1722 1722 1726 1726 1727 1727 1716 1716 1722 1722 1727 1727 1726 1726 1716 1716 1727 1727 1721 1721 1732 1732 1733 1733 1734 1734 1735 1735 1736 1736 1737 1737 1737 1737 1736 1736 1738 1738 1738 1738 1739 1739 1733 1733 1734 1734 1739 1739 1740 1740 1740 1740 1739 1739 1741 1741 1733 1733 1739 1739 1734 1734 1736 1736 1739 1739 1738 1738 1742 1742 1743 1743 1744 1744 1745 1745 1746 1746 1739 1739 1742 1742 1747 1747 1743 1743 1741 1741 1748 1748 1749 1749 1749 1749 1748 1748 1750 1750 1750 1750 1748 1748 1751 1751 1751 1751 1748 1748 1752 1752 1739 1739 1748 1748 1741 1741 1746 1746 1748 1748 1739 1739 1747 1747 1753 1753 1754 1754 1754 1754 1753 1753 1755 1755 1756 1756 1753 1753 1757 1757 1757 1757 1753 1753 1748 1748 1752 1752 1753 1753 1742 1742 1748 1748 1753 1753 1752 1752 1742 1742 1753 1753 1747 1747 1758 1758 1759 1759 1760 1760 1760 1760 1759 1759 1761 1761 1762 1762 1763 1763 1764 1764 1765 1765 1766 1766 1767 1767 1768 1768 1763 1763 1762 1762 1766 1766 1769 1769 1767 1767 1770 1770 1771 1771 1772 1772 1773 1773 1771 1771 1770 1770 1774 1774 1775 1775 1776 1776 1777 1777 1778 1778 1779 1779 1780 1780 1775 1775 1774 1774 1778 1778 1781 1781 1779 1779 1782 1782 1783 1783 1784 1784 1785 1785 1783 1783 1782 1782 1786 1786 1787 1787 1788 1788 1789 1789 1787 1787 1786 1786 1790 1790 1791 1791 1792 1792 1793 1793 1791 1791 1790 1790 1794 1794 1795 1795 1796 1796 1797 1797 1798 1798 1799 1799 1800 1800 1795 1795 1794 1794 1798 1798 1801 1801 1799 1799 1802 1802 1803 1803 1804 1804 1803 1803 1805 1805 1804 1804 1806 1806 1807 1807 1808 1808 1808 1808 1807 1807 1809 1809 1810 1810 1811 1811 1812 1812 1811 1811 1813 1813 1812 1812 1814 1814 1815 1815 1816 1816 1816 1816 1815 1815 1817 1817 1818 1818 1819 1819 1820 1820 1820 1820 1819 1819 1821 1821 1822 1822 1823 1823 1824 1824 1824 1824 1823 1823 1825 1825 1826 1826 1827 1827 1828 1828 1828 1828 1827 1827 1829 1829 1830 1830 1831 1831 1832 1832 1832 1832 1831 1831 1833 1833 1834 1834 1835 1835 1836 1836 1835 1835 1837 1837 1836 1836 1838 1838 1839 1839 1840 1840 1840 1840 1839 1839 1841 1841 1842 1842 1843 1843 1844 1844 1844 1844 1843 1843 1845 1845 1846 1846 1847 1847 1848 1848 1847 1847 1849 1849 1848 1848 1850 1850 1851 1851 1852 1852 1851 1851 1853 1853 1852 1852 1854 1854 1855 1855 1856 1856 1857 1857 1858 1858 1859 1859 1860 1860 1855 1855 1854 1854 1858 1858 1861 1861 1859 1859 1862 1862 1863 1863 1864 1864 1864 1864 1863 1863 1865 1865 1866 1866 1867 1867 1868 1868 1869 1869 1870 1870 1871 1871 1872 1872 1867 1867 1866 1866 1870 1870 1873 1873 1871 1871 1874 1874 1875 1875 1876 1876 1877 1877 1875 1875 1874 1874 1878 1878 1879 1879 1880 1880 1881 1881 1882 1882 1883 1883 1884 1884 1879 1879 1878 1878 1882 1882 1885 1885 1883 1883 1886 1886 1887 1887 1888 1888 1889 1889 1887 1887 1886 1886 1890 1890 1891 1891 1892 1892 1893 1893 1891 1891 1890 1890 1894 1894 1895 1895 1896 1896 1897 1897 1895 1895 1894 1894 1898 1898 1899 1899 1900 1900 1901 1901 1902 1902 1903 1903 1904 1904 1899 1899 1898 1898 1902 1902 1905 1905 1903 1903 1906 1906 1907 1907 1908 1908 1907 1907 1909 1909 1908 1908 1910 1910 1911 1911 1912 1912 1912 1912 1911 1911 1913 1913 1914 1914 1915 1915 1916 1916 1915 1915 1917 1917 1916 1916 1918 1918 1919 1919 1920 1920 1920 1920 1919 1919 1921 1921 1922 1922 1923 1923 1924 1924 1924 1924 1923 1923 1925 1925 1926 1926 1927 1927 1928 1928 1928 1928 1927 1927 1929 1929 1930 1930 1931 1931 1932 1932 1932 1932 1931 1931 1933 1933 1934 1934 1935 1935 1936 1936 1936 1936 1935 1935 1937 1937 1938 1938 1939 1939 1940 1940 1939 1939 1941 1941 1940 1940 1942 1942 1943 1943 1944 1944 1944 1944 1943 1943 1945 1945 1946 1946 1947 1947 1948 1948 1948 1948 1947 1947 1949 1949 1950 1950 1951 1951 1952 1952 1951 1951 1953 1953 1952 1952 1954 1954 1955 1955 1956 1956 1955 1955 1957 1957 1956 1956 1958 1958 1959 1959 1960 1960 1961 1961 1962 1962 1963 1963 1964 1964 1959 1959 1958 1958 1962 1962 1965 1965 1963 1963 1966 1966 1967 1967 1968 1968 1968 1968 1967 1967 1969 1969 1970 1970 1971 1971 1972 1972 1973 1973 1974 1974 1975 1975 1976 1976 1971 1971 1970 1970 1974 1974 1977 1977 1975 1975 1978 1978 1979 1979 1980 1980 1981 1981 1979 1979 1978 1978 1982 1982 1983 1983 1984 1984 1985 1985 1986 1986 1987 1987 1988 1988 1983 1983 1982 1982 1986 1986 1989 1989 1987 1987 1990 1990 1991 1991 1992 1992 1993 1993 1991 1991 1990 1990 1994 1994 1995 1995 1996 1996 1997 1997 1995 1995 1994 1994 1998 1998 1999 1999 2000 2000 2001 2001 1999 1999 1998 1998 2002 2002 2003 2003 2004 2004 2005 2005 2006 2006 2007 2007 2008 2008 2003 2003 2002 2002 2006 2006 2009 2009 2007 2007 2010 2010 2011 2011 2012 2012 2011 2011 2013 2013 2012 2012 2014 2014 2015 2015 2016 2016 2016 2016 2015 2015 2017 2017 2018 2018 2019 2019 2020 2020 2019 2019 2021 2021 2020 2020 2022 2022 2023 2023 2024 2024 2024 2024 2023 2023 2025 2025 2026 2026 2027 2027 2028 2028 2028 2028 2027 2027 2029 2029 2030 2030 2031 2031 2032 2032 2032 2032 2031 2031 2033 2033 2034 2034 2035 2035 2036 2036 2036 2036 2035 2035 2037 2037 2038 2038 2039 2039 2040 2040 2040 2040 2039 2039 2041 2041 2042 2042 2043 2043 2044 2044 2043 2043 2045 2045 2044 2044 2046 2046 2047 2047 2048 2048 2048 2048 2047 2047 2049 2049 2050 2050 2051 2051 2052 2052 2052 2052 2051 2051 2053 2053 2054 2054 2055 2055 2056 2056 2055 2055 2057 2057 2056 2056 2058 2058 2059 2059 2060 2060 2059 2059 2061 2061 2060 2060 2062 2062 2063 2063 2064 2064 2065 2065 2066 2066 2067 2067 2068 2068 2063 2063 2062 2062 2066 2066 2069 2069 2067 2067 2070 2070 2071 2071 2072 2072 2073 2073 2074 2074 2070 2070 2071 2071 2075 2075 2076 2076 2076 2076 2075 2075 2077 2077 2071 2071 2078 2078 2075 2075 2079 2079 2080 2080 2081 2081 2082 2082 2083 2083 2084 2084 2078 2078 2085 2085 2086 2086 2086 2086 2085 2085 2087 2087 2087 2087 2085 2085 2088 2088 2088 2088 2085 2085 2089 2089 2070 2070 2085 2085 2071 2071 2071 2071 2085 2085 2078 2078 2090 2090 2091 2091 2083 2083 2085 2085 2092 2092 2093 2093 2094 2094 2092 2092 2091 2091 2084 2084 2092 2092 2080 2080 2081 2081 2092 2092 2095 2095 2095 2095 2092 2092 2074 2074 2074 2074 2092 2092 2070 2070 2083 2083 2092 2092 2084 2084 2080 2080 2092 2092 2081 2081 2070 2070 2092 2092 2085 2085 2091 2091 2092 2092 2083 2083 2096 2096 2097 2097 2098 2098 2099 2099 2100 2100 2101 2101 2101 2101 2100 2100 2102 2102 2099 2099 2103 2103 2100 2100 2104 2104 2105 2105 2106 2106 2106 2106 2107 2107 2108 2108 2108 2108 2107 2107 2097 2097 2098 2098 2107 2107 2109 2109 2109 2109 2107 2107 2099 2099 2097 2097 2107 2107 2098 2098 2105 2105 2107 2107 2106 2106 2103 2103 2110 2110 2111 2111 2111 2111 2110 2110 2112 2112 2113 2113 2114 2114 2107 2107 2107 2107 2114 2114 2099 2099 2114 2114 2115 2115 2099 2099 2116 2116 2117 2117 2118 2118 2119 2119 2120 2120 2115 2115 2110 2110 2121 2121 2116 2116 2103 2103 2121 2121 2110 2110 2099 2099 2121 2121 2103 2103 2115 2115 2121 2121 2099 2099 2116 2116 2121 2121 2117 2117 2120 2120 2121 2121 2115 2115 2122 2122 2123 2123 2124 2124 2123 2123 2125 2125 2126 2126 2126 2126 2125 2125 2127 2127 2127 2127 2125 2125 2128 2128 2129 2129 2130 2130 2131 2131 2131 2131 2130 2130 2132 2132 2132 2132 2130 2130 2133 2133 2133 2133 2130 2130 2134 2134 2134 2134 2130 2130 2122 2122 2122 2122 2130 2130 2123 2123 2135 2135 2136 2136 2130 2130 2123 2123 2136 2136 2125 2125 2130 2130 2136 2136 2123 2123 2137 2137 2138 2138 2139 2139 2139 2139 2138 2138 2140 2140 2141 2141 2142 2142 2136 2136 2125 2125 2143 2143 2137 2137 2137 2137 2143 2143 2138 2138 2144 2144 2145 2145 2142 2142 2142 2142 2145 2145 2136 2136 2143 2143 2146 2146 2147 2147 2136 2136 2146 2146 2125 2125 2125 2125 2146 2146 2143 2143 2145 2145 2146 2146 2136 2136</p>
        </triangles>
      </mesh>
    </geometry>
  </library_geometries>
  <library_materials>
    <material id="7b1d31bbfd2a40f7931c6789d3dab47e" name="pbrmaterial">
      <instance_effect url="#c3ec11ae681b430eb21dae460b07f397"/>
    </material>
    <material id="d40f4291efac46e896e78007fce1eedc" name="pbrmaterial">
      <instance_effect url="#2bfb59a40cd8487097c0b58d707aae07"/>
    </material>
    <material id="74fbea32ec8545cb816edba5f4ad5abb" name="pbrmaterial">
      <instance_effect url="#b16b24ac336e4ca28fc59a677d915218"/>
    </material>
    <material id="7eab04f0805c4eafb320375a6d4b74ea" name="pbrmaterial">
      <instance_effect url="#8e30374c387645d991225f7b2c40b1a4"/>
    </material>
    <material id="742dc90c462848e19dd334b472fe5f5e" name="pbrmaterial">
      <instance_effect url="#eadc4ce4784842e98fc792821136ae4e"/>
    </material>
  </library_materials>
  <library_visual_scenes>
    <visual_scene id="scene">
      <node id="node0" name="node0">
        <instance_geometry url="#2ee38509a6fe4098865245c56720aa08">
          <bind_material>
            <technique_common>
              <instance_material symbol="material0" target="#7b1d31bbfd2a40f7931c6789d3dab47e"/>
            </technique_common>
          </bind_material>
        </instance_geometry>
      </node>
      <node id="node1" name="node1">
        <instance_geometry url="#383217451d7a4c2eba66a81c94d0472a">
          <bind_material>
            <technique_common>
              <instance_material symbol="material1" target="#d40f4291efac46e896e78007fce1eedc"/>
            </technique_common>
          </bind_material>
        </instance_geometry>
      </node>
      <node id="node2" name="node2">
        <instance_geometry url="#4894449d17ac4e889064bdc3bb9150c5">
          <bind_material>
            <technique_common>
              <instance_material symbol="material2" target="#74fbea32ec8545cb816edba5f4ad5abb"/>
            </technique_common>
          </bind_material>
        </instance_geometry>
      </node>
      <node id="node3" name="node3">
        <instance_geometry url="#247453106fcf41368e1fcd679c5547a8">
          <bind_material>
            <technique_common>
              <instance_material symbol="material3" target="#7eab04f0805c4eafb320375a6d4b74ea"/>
            </technique_common>
          </bind_material>
        </instance_geometry>
      </node>
      <node id="node4" name="node4">
        <instance_geometry url="#36694b0383be48458a0709a282b4760c">
          <bind_material>
            <technique_common>
              <instance_material symbol="material4" target="#742dc90c462848e19dd334b472fe5f5e"/>
            </technique_common>
          </bind_material>
        </instance_geometry>
      </node>
    </visual_scene>
  </library_visual_scenes>
  <scene>
    <instance_visual_scene url="#scene"/>
  </scene>
</COLLADA>
